"CODE_ID","DESC_FRE","DESC_ENG"
29406,"3LK20","3LK20"
29407,"3LK21","3LK21"
29408,"3LK23","3LK23"
29409,"3LK24","3LK24"
29410,"3LK26","3LK26"
29411,"3LJ08","3LJ08"
29412,"3LJ09","3LJ09"
29413,"3LJ11","3LJ11"
29414,"3LH25","3LH25"
29415,"3LH26","3LH26"
29416,"3LH27","3LH27"
29417,"3LH28","3LH28"
29418,"3LH29","3LH29"
29419,"3LH30","3LH30"
29420,"3LH31","3LH31"
29421,"3LH32","3LH32"
29422,"3LS22","3LS22"
29423,"3LS23","3LS23"
29424,"3LL07","3LL07"
29425,"3LL08","3LL08"
29426,"3LL09","3LL09"
29427,"3LL10","3LL10"
29428,"3LL11","3LL11"
29429,"3LL12","3LL12"
29430,"3LL13","3LL13"
29431,"3LL14","3LL14"
29432,"3LL15","3LL15"
29433,"3LL16","3LL16"
29434,"3LL17","3LL17"
29435,"3LL18","3LL18"
29436,"3LL19","3LL19"
29437,"3LL20","3LL20"
29438,"3LL21","3LL21"
29439,"3LL22","3LL22"
29440,"3LL23","3LL23"
29441,"3LL24","3LL24"
29442,"3LL25","3LL25"
29443,"3LL26","3LL26"
29444,"3LL27","3LL27"
29445,"3LL28","3LL28"
29446,"3LL29","3LL29"
29447,"3LL30","3LL30"
29448,"3LL32","3LL32"
29449,"3LL33","3LL33"
29450,"3LM02","3LM02"
29451,"3LM03","3LM03"
29452,"3LM05","3LM05"
29453,"3LM06","3LM06"
29454,"3LK27","3LK27"
29455,"3LK29","3LK29"
29456,"3LJ12","3LJ12"
29457,"3LJ13","3LJ13"
29458,"3LJ14","3LJ14"
29459,"3LJ15","3LJ15"
29460,"3LJ16","3LJ16"
29461,"3LJ17","3LJ17"
29462,"3LJ18","3LJ18"
29463,"3LJ19","3LJ19"
29464,"3LJ20","3LJ20"
29465,"3LJ21","3LJ21"
29466,"3LJ22","3LJ22"
29467,"3LJ23","3LJ23"
29468,"3LJ24","3LJ24"
29469,"3LJ25","3LJ25"
29470,"3LJ26","3LJ26"
29471,"3LJ27","3LJ27"
29472,"3LJ28","3LJ28"
29473,"3LJ29","3LJ29"
29474,"3LJ30","3LJ30"
29475,"3LJ31","3LJ31"
29476,"3LJ32","3LJ32"
29477,"3LJ33","3LJ33"
29478,"3LK01","3LK01"
29479,"3LK02","3LK02"
29480,"3LK03","3LK03"
29481,"3LK05","3LK05"
29482,"3LK06","3LK06"
29483,"3LK08","3LK08"
29484,"3LK09","3LK09"
29485,"3LK11","3LK11"
29486,"3LK12","3LK12"
29487,"3LK14","3LK14"
29488,"3LK15","3LK15"
29489,"3LK17","3LK17"
29490,"3LK18","3LK18"
29491,"3LM24","3LM24"
29492,"3LM26","3LM26"
29493,"3LM27","3LM27"
29494,"3LM29","3LM29"
29495,"3LM30","3LM30"
29496,"3LM32","3LM32"
29497,"3LM33","3LM33"
29498,"3LN01","3LN01"
29499,"3LN02","3LN02"
29500,"3LN03","3LN03"
29501,"3LN04","3LN04"
29502,"3LN05","3LN05"
29503,"3LN06","3LN06"
29504,"3LN07","3LN07"
29505,"3LN08","3LN08"
29506,"3LN09","3LN09"
29507,"3LN10","3LN10"
29508,"3LN11","3LN11"
29509,"3LN12","3LN12"
29510,"3LN13","3LN13"
29511,"3LN14","3LN14"
29512,"3LN15","3LN15"
29513,"3LN16","3LN16"
29514,"3LN17","3LN17"
29515,"3LN18","3LN18"
29516,"3LN19","3LN19"
29517,"3LN20","3LN20"
29518,"3LN21","3LN21"
29519,"3LN22","3LN22"
29520,"3LN23","3LN23"
29521,"3LN24","3LN24"
29522,"3LN26","3LN26"
29523,"3LN27","3LN27"
29524,"3LM08","3LM08"
29525,"3LK32","3LK32"
29526,"3LK33","3LK33"
29527,"3LL02","3LL02"
29528,"3LL03","3LL03"
29529,"3LL05","3LL05"
29530,"3LL06","3LL06"
29531,"3LO03","3LO03"
29532,"3LO05","3LO05"
29533,"3LO06","3LO06"
29534,"3LO08","3LO08"
29535,"3LO09","3LO09"
29536,"3LO11","3LO11"
29537,"3LO12","3LO12"
29538,"3LO14","3LO14"
29539,"3LO15","3LO15"
29540,"3LO17","3LO17"
29541,"3LO18","3LO18"
29542,"3LO20","3LO20"
29543,"3LO21","3LO21"
29544,"3LO23","3LO23"
29545,"3LO24","3LO24"
29546,"3LO26","3LO26"
29547,"3LO27","3LO27"
29548,"3LO28","3LO28"
29549,"3LO29","3LO29"
29550,"3LO30","3LO30"
29551,"3LO31","3LO31"
29552,"3LO32","3LO32"
29553,"3LO33","3LO33"
29554,"3LP01","3LP01"
29555,"3LP02","3LP02"
29556,"3LP03","3LP03"
29557,"3LP04","3LP04"
29558,"3LP05","3LP05"
29559,"3LP06","3LP06"
29560,"3LP07","3LP07"
29561,"3LP08","3LP08"
29562,"3LP09","3LP09"
29563,"3LP10","3LP10"
29564,"3LP11","3LP11"
29565,"3LP12","3LP12"
29566,"3LN29","3LN29"
29567,"3LN30","3LN30"
29568,"3LN32","3LN32"
29569,"3LM11","3LM11"
29570,"3LM12","3LM12"
29571,"3LM14","3LM14"
29572,"3LM15","3LM15"
29573,"3LM17","3LM17"
29574,"3LM18","3LM18"
29575,"3LM20","3LM20"
29576,"3LM21","3LM21"
29577,"3LM23","3LM23"
29578,"3LH21","3LH21"
29579,"3LH22","3LH22"
29580,"3LG02","3LG02"
29581,"3LG03","3LG03"
29582,"3LE17","3LE17"
29583,"3LE18","3LE18"
29584,"3LE19","3LE19"
29585,"3LE20","3LE20"
29586,"3LE21","3LE21"
29587,"3LE23","3LE23"
29588,"3LE24","3LE24"
29589,"3LE26","3LE26"
29590,"3LE27","3LE27"
29591,"3LE29","3LE29"
29592,"3LE30","3LE30"
29593,"3LE32","3LE32"
29594,"3LE33","3LE33"
29595,"3LH33","3LH33"
29596,"3LI01","3LI01"
29597,"3LI02","3LI02"
29598,"3LI03","3LI03"
29599,"3LI04","3LI04"
29600,"3LI05","3LI05"
29601,"3LI06","3LI06"
29602,"3LI07","3LI07"
29603,"3LI08","3LI08"
29604,"3LI09","3LI09"
29605,"3LI11","3LI11"
29606,"3LI12","3LI12"
29607,"3LI14","3LI14"
29608,"3LI15","3LI15"
29609,"3LI17","3LI17"
29610,"3LI18","3LI18"
29611,"3LI20","3LI20"
29612,"3LI21","3LI21"
29613,"3LI23","3LI23"
29614,"3LI24","3LI24"
29615,"3LI26","3LI26"
29616,"3LI27","3LI27"
29617,"3LI29","3LI29"
29618,"3LI30","3LI30"
29619,"3LI32","3LI32"
29620,"3LI33","3LI33"
29621,"3LJ02","3LJ02"
29622,"3LD21","3LD21"
29623,"3LD23","3LD23"
29624,"3LD24","3LD24"
29625,"3LD26","3LD26"
29626,"3LD27","3LD27"
29627,"3LD29","3LD29"
29628,"3LD30","3LD30"
29629,"3LD31","3LD31"
29630,"3LG06","3LG06"
29631,"3LG07","3LG07"
29632,"3LG08","3LG08"
29633,"3LG09","3LG09"
29634,"3LD32","3LD32"
29635,"3LD33","3LD33"
29636,"3LE01","3LE01"
29637,"3LE02","3LE02"
29638,"3LE03","3LE03"
29639,"3LE04","3LE04"
29640,"3LE05","3LE05"
29641,"3LE06","3LE06"
29642,"3LE07","3LE07"
29643,"3LE08","3LE08"
29644,"3LE09","3LE09"
29645,"3LE10","3LE10"
29646,"3LE11","3LE11"
29647,"3LE12","3LE12"
29648,"3LE13","3LE13"
29649,"1GV40","1GV40"
29650,"1GZ40","1GZ40"
29651,"1HD40","1HD40"
29652,"1HG40","1HG40"
29653,"1GX43","1GX43"
29654,"1HA43","1HA43"
29655,"1HN69","1HN69"
29656,"1HC43","1HC43"
29657,"1HG43","1HG43"
29658,"1HJ43","1HJ43"
29659,"1HL43","1HL43"
29660,"1GY46","1GY46"
29661,"1HC46","1HC46"
29662,"1HG46","1HG46"
29663,"1HJ46","1HJ46"
29664,"3LC03","3LC03"
29665,"3LC04","3LC04"
29666,"3LC05","3LC05"
29667,"3LC06","3LC06"
29668,"3LC07","3LC07"
29669,"3LC08","3LC08"
29670,"3LC09","3LC09"
29671,"3LC10","3LC10"
29672,"3LC11","3LC11"
29673,"3LC12","3LC12"
29674,"3LC13","3LC13"
29675,"3LC14","3LC14"
29676,"3LC15","3LC15"
29677,"3LC16","3LC16"
29678,"3LC17","3LC17"
29679,"3LC18","3LC18"
29680,"3LC19","3LC19"
29681,"3LC20","3LC20"
29682,"3LC21","3LC21"
29683,"3LC22","3LC22"
29684,"3LC23","3LC23"
29685,"3LC24","3LC24"
29686,"3LC25","3LC25"
29687,"3LC26","3LC26"
29688,"3LB09","3LB09"
29689,"3LB11","3LB11"
29690,"3LB12","3LB12"
29691,"3LA02","3LA02"
29692,"3LA03","3LA03"
29693,"3LA04","3LA04"
29694,"3LA05","3LA05"
29695,"3LA06","3LA06"
29696,"3LA07","3LA07"
29697,"3LA08","3LA08"
29698,"3LA09","3LA09"
29699,"3LA10","3LA10"
29700,"3LA11","3LA11"
29701,"3LA12","3LA12"
29702,"3LA13","3LA13"
29703,"3LA14","3LA14"
29704,"3LA15","3LA15"
29705,"3LA16","3LA16"
29706,"3LA17","3LA17"
29707,"3LA18","3LA18"
29708,"3LA19","3LA19"
29709,"3LA20","3LA20"
29710,"3LA21","3LA21"
29711,"3LA22","3LA22"
29712,"3LA23","3LA23"
29713,"3LA24","3LA24"
29714,"3LA25","3LA25"
29715,"3LA26","3LA26"
29716,"3LA27","3LA27"
29717,"3LA28","3LA28"
29718,"3LA29","3LA29"
29719,"3LA30","3LA30"
29720,"3LA31","3LA31"
29721,"3LA32","3LA32"
29722,"3LA33","3LA33"
29723,"3LB02","3LB02"
29724,"3LB03","3LB03"
29725,"3LB05","3LB05"
29726,"3LB06","3LB06"
29727,"3LB08","3LB08"
29728,"1HJ82","1HJ82"
29729,"3LA01","3LA01"
29730,"1GU37","1GU37"
29731,"1GW37","1GW37"
29732,"1HA37","1HA37"
29733,"1HD37","1HD37"
29734,"1HM44","1HM44"
29735,"1HN63","1HN63"
29736,"1HN64","1HN64"
29737,"1HN65","1HN65"
29738,"1HN66","1HN66"
29739,"1HN67","1HN67"
29740,"1HN68","1HN68"
29741,"1HN34","1HN34"
29742,"1HN35","1HN35"
29743,"1HN70","1HN70"
29744,"1HN71","1HN71"
29745,"1HN72","1HN72"
29746,"1HN73","1HN73"
29747,"1HN74","1HN74"
29748,"1HN75","1HN75"
29749,"1HG49","1HG49"
29750,"1HI49","1HI49"
29752,"1GX52","1GX52"
29753,"1HA52","1HA52"
29754,"1HD52","1HD52"
29755,"1GW55","1GW55"
29756,"1HE61","1HE61"
29757,"1HI61","1HI61"
29758,"1HA64","1HA64"
29759,"1HD64","1HD64"
29760,"1HG64","1HG64"
29761,"1GX67","1GX67"
29762,"1HA67","1HA67"
29763,"1HC67","1HC67"
29764,"1HG67","1HG67"
29765,"1HL67","1HL67"
29766,"1HA70","1HA70"
29767,"1HD70","1HD70"
29768,"1HF70","1HF70"
29769,"1GZ73","1GZ73"
29770,"1HD73","1HD73"
29771,"1HF73","1HF73"
29772,"1HJ73","1HJ73"
29773,"1HC76","1HC76"
29774,"1HG76","1HG76"
29775,"1HJ76","1HJ76"
29776,"1HB79","1HB79"
29777,"1HF79","1HF79"
29778,"1HJ79","1HJ79"
29779,"1HL79","1HL79"
29780,"1GZ34","1GZ34"
29781,"1HD34","1HD34"
29782,"1HF34","1HF34"
29783,"1HM46","1HM46"
29784,"1HM50","1HM50"
29785,"1HM51","1HM51"
29786,"1HM53","1HM53"
29787,"1HM54","1HM54"
29788,"1HM55","1HM55"
29789,"1HM56","1HM56"
29790,"1HM57","1HM57"
29791,"1HM58","1HM58"
29792,"1HM59","1HM59"
29793,"1HM60","1HM60"
29794,"1HM61","1HM61"
29795,"1HM62","1HM62"
29796,"1HM63","1HM63"
29797,"1HM64","1HM64"
29798,"1HM65","1HM65"
29799,"1HM66","1HM66"
29800,"1HM67","1HM67"
29801,"1HM68","1HM68"
29802,"1HM69","1HM69"
29803,"1HM70","1HM70"
29804,"1HM71","1HM71"
29805,"1HM72","1HM72"
29806,"1HM73","1HM73"
29807,"1HM74","1HM74"
29808,"1HM75","1HM75"
29809,"1HM76","1HM76"
29810,"1HM77","1HM77"
29811,"1HM78","1HM78"
29812,"1HM79","1HM79"
29813,"1HM80","1HM80"
29814,"1HM81","1HM81"
29815,"1HM82","1HM82"
29816,"1HM83","1HM83"
29817,"1HM84","1HM84"
29818,"1HM85","1HM85"
29819,"1HM86","1HM86"
29820,"1HM87","1HM87"
29821,"1HM88","1HM88"
29822,"1HM89","1HM89"
29823,"1HM90","1HM90"
29824,"1GW07","1GW07"
29825,"1GY28","1GY28"
29826,"1GZ31","1GZ31"
29827,"1HD31","1HD31"
29828,"1HM32","1HM32"
29829,"1HM33","1HM33"
29830,"1HO67","1HO67"
29831,"1HO68","1HO68"
29832,"1HO69","1HO69"
29833,"1HO70","1HO70"
29834,"1HO71","1HO71"
29835,"1HO72","1HO72"
29836,"1HO73","1HO73"
29837,"1HO74","1HO74"
29838,"1HO75","1HO75"
29839,"1HO76","1HO76"
29840,"1HO77","1HO77"
29841,"3LJ03","3LJ03"
29842,"3LJ05","3LJ05"
29843,"3LJ06","3LJ06"
29844,"3LH23","3LH23"
29845,"3LH24","3LH24"
29846,"3LG04","3LG04"
29847,"3LG05","3LG05"
29848,"3LM09","3LM09"
29849,"3LK30","3LK30"
29850,"3LP13","3LP13"
29851,"3LP14","3LP14"
29852,"3LN33","3LN33"
29853,"3LO02","3LO02"
29854,"3LG10","3LG10"
29855,"3LG11","3LG11"
29856,"3LG12","3LG12"
29857,"3LG13","3LG13"
29858,"3LG14","3LG14"
29859,"3LG15","3LG15"
29860,"3LG17","3LG17"
29861,"3LG18","3LG18"
29862,"3LG20","3LG20"
29863,"3LG21","3LG21"
29864,"3LG23","3LG23"
29865,"3LG24","3LG24"
29866,"3LG26","3LG26"
29867,"3LG27","3LG27"
29868,"3LG29","3LG29"
29869,"3LG30","3LG30"
29870,"3LG32","3LG32"
29871,"3LG33","3LG33"
29872,"3LH02","3LH02"
29873,"3LH03","3LH03"
29874,"3LH05","3LH05"
29875,"3LH06","3LH06"
29876,"3LH08","3LH08"
29877,"3LH09","3LH09"
29878,"3LH11","3LH11"
29879,"3LH12","3LH12"
29880,"3LH14","3LH14"
29881,"3LH15","3LH15"
29882,"3LH17","3LH17"
29883,"3LH18","3LH18"
29884,"3LH19","3LH19"
29885,"3LH20","3LH20"
29886,"3LC27","3LC27"
29887,"3LC29","3LC29"
29888,"3LB14","3LB14"
29889,"3LB15","3LB15"
29890,"3LB17","3LB17"
29891,"3LB18","3LB18"
29892,"3LB20","3LB20"
29893,"3LB21","3LB21"
29894,"3LB23","3LB23"
29895,"3LB24","3LB24"
29896,"3LB26","3LB26"
29897,"3LB27","3LB27"
29898,"3LB29","3LB29"
29899,"3LB30","3LB30"
29900,"3LB32","3LB32"
29901,"3LB33","3LB33"
29902,"3LC02","3LC02"
29903,"3LF02","3LF02"
29904,"3LF03","3LF03"
29905,"3LF05","3LF05"
29906,"3LF06","3LF06"
29907,"3LF08","3LF08"
29908,"3LF09","3LF09"
29909,"3LF11","3LF11"
29910,"3LF12","3LF12"
29911,"3LF14","3LF14"
29912,"3LF15","3LF15"
29913,"3LF17","3LF17"
29914,"3LF18","3LF18"
29915,"3LF20","3LF20"
29916,"3LF21","3LF21"
29917,"3LF23","3LF23"
29918,"3LF24","3LF24"
29919,"3LF25","3LF25"
29920,"3LF26","3LF26"
29921,"3LF27","3LF27"
29922,"3LF28","3LF28"
29923,"3LF29","3LF29"
29924,"3LF30","3LF30"
29925,"3LF31","3LF31"
29926,"3LF32","3LF32"
29927,"3LF33","3LF33"
29928,"3LG01","3LG01"
29929,"3LE14","3LE14"
29930,"3LE15","3LE15"
29931,"3LE16","3LE16"
29932,"3LC30","3LC30"
29933,"3LC32","3LC32"
29934,"3LC33","3LC33"
29935,"3LD02","3LD02"
29936,"3LD03","3LD03"
29937,"3LD05","3LD05"
29938,"3LD06","3LD06"
29939,"3LD08","3LD08"
29940,"3LD09","3LD09"
29941,"3LD11","3LD11"
29942,"3LD12","3LD12"
29943,"3LD14","3LD14"
29944,"3LD15","3LD15"
29945,"3LD17","3LD17"
29946,"3LD18","3LD18"
29947,"3LD20","3LD20"
29948,"1HS36","1HS36"
29949,"1HS37","1HS37"
29950,"1HS38","1HS38"
29951,"1HS39","1HS39"
29952,"1HS40","1HS40"
29953,"1HS41","1HS41"
29954,"1HS42","1HS42"
29955,"1HS43","1HS43"
29956,"1HS44","1HS44"
29957,"1HS45","1HS45"
29958,"1HS46","1HS46"
29959,"1HS47","1HS47"
29960,"1HS48","1HS48"
29961,"1HS49","1HS49"
29962,"1HS50","1HS50"
29963,"1HS51","1HS51"
29964,"1HR64","1HR64"
29965,"1HR65","1HR65"
29966,"1HR66","1HR66"
29967,"1HR67","1HR67"
29968,"1HR68","1HR68"
29969,"1HR69","1HR69"
29970,"1HR70","1HR70"
29971,"1HR71","1HR71"
29972,"1HR72","1HR72"
29973,"1HR73","1HR73"
29974,"1HR74","1HR74"
29975,"1HR75","1HR75"
29976,"1HR76","1HR76"
29977,"1HR77","1HR77"
29978,"1HR78","1HR78"
29979,"1HR79","1HR79"
29980,"1HR80","1HR80"
29981,"1HR81","1HR81"
29982,"1HR82","1HR82"
29983,"1HS21","1HS21"
29984,"1HS22","1HS22"
29985,"1HS23","1HS23"
29986,"1HS53","1HS53"
29987,"1HS54","1HS54"
29988,"1HS55","1HS55"
29989,"1HS56","1HS56"
29990,"1HS57","1HS57"
29991,"1HS58","1HS58"
29992,"1HS59","1HS59"
29993,"1HT84","1HT84"
29994,"1HT85","1HT85"
29995,"1HT86","1HT86"
29996,"1HT87","1HT87"
29997,"1HS60","1HS60"
29998,"1HS61","1HS61"
29999,"1HU20","1HU20"
30000,"1HT81","1HT81"
30001,"1HT82","1HT82"
30002,"1HT83","1HT83"
30003,"1HT47","1HT47"
30004,"1HT48","1HT48"
30005,"1HT49","1HT49"
30006,"1HT50","1HT50"
30007,"1HT51","1HT51"
30008,"1HT52","1HT52"
30009,"1HT53","1HT53"
30010,"1HT54","1HT54"
30011,"1HT55","1HT55"
30012,"1HT56","1HT56"
30013,"1HT57","1HT57"
30014,"1HU54","1HU54"
30015,"1HT80","1HT80"
30016,"1HT42","1HT42"
30017,"1HT43","1HT43"
30018,"1HT44","1HT44"
30019,"1HS79","1HS79"
30020,"1HS80","1HS80"
30021,"1HS81","1HS81"
30022,"1HS82","1HS82"
30023,"1HS83","1HS83"
30024,"1HS84","1HS84"
30025,"1HS85","1HS85"
30026,"1HS86","1HS86"
30027,"1HS87","1HS87"
30028,"1HS88","1HS88"
30029,"1HS89","1HS89"
30030,"1HS90","1HS90"
30031,"1HN28","1HN28"
30032,"1HN29","1HN29"
30033,"1HN30","1HN30"
30034,"1HN31","1HN31"
30035,"1HN32","1HN32"
30036,"1HN33","1HN33"
30037,"1HP82","1HP82"
30038,"1HP83","1HP83"
30039,"1HP84","1HP84"
30040,"1HP85","1HP85"
30041,"1HN36","1HN36"
30042,"1HN37","1HN37"
30043,"1HN38","1HN38"
30044,"1HN39","1HN39"
30045,"1HN40","1HN40"
30046,"1HM30","1HM30"
30047,"1HM31","1HM31"
30048,"1HN61","1HN61"
30049,"1HN62","1HN62"
30050,"1HO34","1HO34"
30051,"1HO35","1HO35"
30052,"1HO36","1HO36"
30053,"1HO37","1HO37"
30054,"1HO38","1HO38"
30055,"1HO39","1HO39"
30056,"1HO51","1HO51"
30057,"1HO52","1HO52"
30058,"1HO53","1HO53"
30059,"1HO54","1HO54"
30060,"1HO55","1HO55"
30061,"1HO56","1HO56"
30062,"1HO57","1HO57"
30063,"1HO58","1HO58"
30064,"1HO59","1HO59"
30065,"1HN81","1HN81"
30066,"1HN82","1HN82"
30067,"1HN83","1HN83"
30068,"1HN84","1HN84"
30069,"1HN85","1HN85"
30070,"1HN86","1HN86"
30071,"1HN87","1HN87"
30072,"1HN88","1HN88"
30073,"1HN89","1HN89"
30074,"1HN90","1HN90"
30075,"1HO18","1HO18"
30076,"1HN80","1HN80"
30077,"1HN52","1HN52"
30078,"1HN53","1HN53"
30079,"1HN54","1HN54"
30080,"1HN55","1HN55"
30081,"1HN56","1HN56"
30082,"1HN57","1HN57"
30083,"1HN58","1HN58"
30084,"1HN59","1HN59"
30085,"1HN60","1HN60"
30086,"1HO32","1HO32"
30087,"1HO33","1HO33"
30088,"1HO64","1HO64"
30089,"1HO65","1HO65"
30090,"1HO66","1HO66"
30091,"1HQ77","1HQ77"
30092,"1HQ78","1HQ78"
30093,"1HQ79","1HQ79"
30094,"1HQ80","1HQ80"
30095,"1HQ81","1HQ81"
30096,"1HQ82","1HQ82"
30097,"1HQ83","1HQ83"
30098,"1HQ18","1HQ18"
30099,"1HQ19","1HQ19"
30100,"1HQ20","1HQ20"
30101,"1HQ21","1HQ21"
30102,"1HQ22","1HQ22"
30103,"1HQ23","1HQ23"
30104,"1HO80","1HO80"
30105,"1HO81","1HO81"
30106,"1HO82","1HO82"
30107,"1HO83","1HO83"
30108,"1HO84","1HO84"
30109,"1HO85","1HO85"
30110,"1HO86","1HO86"
30111,"1HO87","1HO87"
30112,"1HO88","1HO88"
30113,"1HO89","1HO89"
30114,"1HO90","1HO90"
30115,"1HO23","1HO23"
30116,"1HO24","1HO24"
30117,"1HO25","1HO25"
30118,"1HO26","1HO26"
30119,"1HO27","1HO27"
30120,"1HO28","1HO28"
30121,"1HO29","1HO29"
30122,"1HO30","1HO30"
30123,"1HO31","1HO31"
30124,"1HO62","1HO62"
30125,"1HO63","1HO63"
30126,"1HP70","1HP70"
30127,"1HP71","1HP71"
30128,"1HP72","1HP72"
30129,"1HP73","1HP73"
30130,"1HP74","1HP74"
30131,"1HP75","1HP75"
30132,"1HP76","1HP76"
30133,"1HP77","1HP77"
30134,"1HP78","1HP78"
30135,"1HP79","1HP79"
30136,"1HP80","1HP80"
30137,"1HP81","1HP81"
30138,"1HQ62","1HQ62"
30139,"1HQ63","1HQ63"
30140,"1HQ64","1HQ64"
30141,"1HQ65","1HQ65"
30142,"1HP86","1HP86"
30143,"1HP87","1HP87"
30144,"1HP88","1HP88"
30145,"1HP89","1HP89"
30146,"1HP90","1HP90"
30147,"1HP18","1HP18"
30148,"1HP19","1HP19"
30149,"1HP20","1HP20"
30150,"1HP21","1HP21"
30151,"1HP22","1HP22"
30152,"1HP23","1HP23"
30153,"1HP24","1HP24"
30154,"1HP25","1HP25"
30155,"1HP26","1HP26"
30156,"1HP27","1HP27"
30157,"1HP28","1HP28"
30158,"1HP29","1HP29"
30159,"1HP30","1HP30"
30160,"1HP31","1HP31"
30161,"1HP32","1HP32"
30162,"1HP34","1HP34"
30163,"1HP35","1HP35"
30164,"1HP36","1HP36"
30165,"1HP48","1HP48"
30166,"1HP49","1HP49"
30167,"1HP50","1HP50"
30168,"1HP51","1HP51"
30169,"1HP52","1HP52"
30170,"1HO60","1HO60"
30171,"1HO61","1HO61"
30172,"1HP68","1HP68"
30173,"1HP69","1HP69"
30174,"1HQ71","1HQ71"
30175,"1HQ72","1HQ72"
30176,"1HQ73","1HQ73"
30177,"1HQ74","1HQ74"
30178,"1HQ75","1HQ75"
30179,"1HQ76","1HQ76"
30180,"1HR63","1HR63"
30181,"1HR25","1HR25"
30182,"1HR26","1HR26"
30183,"1HR27","1HR27"
30184,"1HR39","1HR39"
30185,"1HR40","1HR40"
30186,"1HR41","1HR41"
30187,"1HR42","1HR42"
30188,"1HR43","1HR43"
30189,"1HR44","1HR44"
30190,"1HR45","1HR45"
30191,"1HR46","1HR46"
30192,"1HR47","1HR47"
30193,"1HQ24","1HQ24"
30194,"1HQ25","1HQ25"
30195,"1HQ26","1HQ26"
30196,"1HQ27","1HQ27"
30197,"1HQ28","1HQ28"
30198,"1HQ29","1HQ29"
30199,"1HP53","1HP53"
30200,"1HP54","1HP54"
30201,"1HP55","1HP55"
30202,"1HP56","1HP56"
30203,"1HP57","1HP57"
30204,"1HP58","1HP58"
30205,"1HP59","1HP59"
30206,"1HP60","1HP60"
30207,"1HP61","1HP61"
30208,"1HP62","1HP62"
30209,"1IC89","1IC89"
30210,"1IC90","1IC90"
30211,"1IC74","1IC74"
30212,"1IC36","1IC36"
30213,"1IC37","1IC37"
30214,"1IC38","1IC38"
30215,"1IC39","1IC39"
30216,"1IC40","1IC40"
30217,"1IC41","1IC41"
30218,"1IC42","1IC42"
30219,"1IC43","1IC43"
30220,"1IC44","1IC44"
30221,"1IC45","1IC45"
30222,"1IC46","1IC46"
30223,"1IC47","1IC47"
30224,"1IC48","1IC48"
30225,"1IC49","1IC49"
30226,"1ID45","1ID45"
30227,"1ID46","1ID46"
30228,"1ID47","1ID47"
30229,"1ID87","1ID87"
30230,"1ID88","1ID88"
30231,"1ID89","1ID89"
30232,"1IE70","1IE70"
30233,"1IE71","1IE71"
30234,"1IE72","1IE72"
30235,"1IE73","1IE73"
30236,"1IE74","1IE74"
30237,"1IE75","1IE75"
30238,"1IE76","1IE76"
30239,"1IE77","1IE77"
30240,"1IE78","1IE78"
30241,"1IE79","1IE79"
30242,"1IE80","1IE80"
30243,"1IE81","1IE81"
30244,"1IE82","1IE82"
30245,"1IE83","1IE83"
30246,"1IE84","1IE84"
30247,"1IE85","1IE85"
30248,"1IE86","1IE86"
30249,"1ID26","1ID26"
30250,"1ID27","1ID27"
30251,"1ID28","1ID28"
30252,"1ID29","1ID29"
30253,"1ID30","1ID30"
30254,"1ID31","1ID31"
30255,"1ID32","1ID32"
30256,"1ID33","1ID33"
30257,"1ID34","1ID34"
30258,"1ID35","1ID35"
30259,"1ID36","1ID36"
30260,"1ID37","1ID37"
30261,"1ID38","1ID38"
30262,"1ID39","1ID39"
30263,"1ID40","1ID40"
30264,"1ID41","1ID41"
30265,"1ID42","1ID42"
30266,"1ID43","1ID43"
30267,"1ID44","1ID44"
30268,"1ID85","1ID85"
30269,"1ID86","1ID86"
30270,"1IE34","1IE34"
30271,"1IE35","1IE35"
30272,"1IE36","1IE36"
30273,"1IE37","1IE37"
30274,"1IE38","1IE38"
30275,"1IE39","1IE39"
30276,"1ID54","1ID54"
30277,"1ID55","1ID55"
30278,"1ID56","1ID56"
30279,"1ID57","1ID57"
30280,"1ID58","1ID58"
30281,"1ID59","1ID59"
30282,"1ID60","1ID60"
30283,"1ID61","1ID61"
30284,"1ID62","1ID62"
30285,"1ID63","1ID63"
30286,"1ID64","1ID64"
30287,"1ID65","1ID65"
30288,"1ID66","1ID66"
30289,"1ID67","1ID67"
30290,"1ID68","1ID68"
30291,"1ID69","1ID69"
30292,"1ID70","1ID70"
30293,"1ID71","1ID71"
30294,"1ID72","1ID72"
30295,"1ID73","1ID73"
30296,"1ID74","1ID74"
30297,"1IF38","1IF38"
30298,"1IF39","1IF39"
30299,"1IF40","1IF40"
30300,"1IF41","1IF41"
30301,"1IF42","1IF42"
30302,"1IF43","1IF43"
30303,"1IF44","1IF44"
30304,"1IF45","1IF45"
30305,"1IF46","1IF46"
30306,"1IF47","1IF47"
30307,"1ID84","1ID84"
30308,"1IE32","1IE32"
30309,"1IE33","1IE33"
30310,"1IE61","1IE61"
30311,"1IE62","1IE62"
30312,"1IE63","1IE63"
30313,"1IE64","1IE64"
30314,"1IE65","1IE65"
30315,"1IE66","1IE66"
30316,"1IE67","1IE67"
30317,"1IE68","1IE68"
30318,"1IE69","1IE69"
30319,"1IG76","1IG76"
30320,"1IG77","1IG77"
30321,"1IG78","1IG78"
30322,"1IG79","1IG79"
30323,"1IG80","1IG80"
30324,"1IG81","1IG81"
30325,"1IG82","1IG82"
30326,"1IG83","1IG83"
30327,"1IG84","1IG84"
30328,"1IF48","1IF48"
30329,"1IF49","1IF49"
30330,"1IF50","1IF50"
30331,"1IF51","1IF51"
30332,"1IE87","1IE87"
30333,"1IE88","1IE88"
30334,"1IE40","1IE40"
30335,"1IE15","1IE15"
30336,"1IE16","1IE16"
30337,"1IE17","1IE17"
30338,"1IE18","1IE18"
30339,"1IE19","1IE19"
30340,"1IE20","1IE20"
30341,"1IE21","1IE21"
30342,"1IE22","1IE22"
30343,"1IE23","1IE23"
30344,"1IE24","1IE24"
30345,"1IE25","1IE25"
30346,"1IE26","1IE26"
30347,"1IE27","1IE27"
30348,"1IE28","1IE28"
30349,"1IE29","1IE29"
30350,"1IE30","1IE30"
30351,"1IE31","1IE31"
30352,"1IE59","1IE59"
30353,"1IE60","1IE60"
30354,"1IF67","1IF67"
30355,"1IF68","1IF68"
30356,"1IF69","1IF69"
30357,"1IF31","1IF31"
30358,"1IE90","1IE90"
30359,"1IF15","1IF15"
30360,"1IF16","1IF16"
30361,"1IF17","1IF17"
30362,"1IF18","1IF18"
30363,"1IF19","1IF19"
30364,"1IF20","1IF20"
30365,"1IF21","1IF21"
30366,"1IF22","1IF22"
30367,"1IF23","1IF23"
30368,"1IF24","1IF24"
30369,"1IF25","1IF25"
30370,"1IF26","1IF26"
30371,"1IF27","1IF27"
30372,"1IF28","1IF28"
30373,"1IF29","1IF29"
30374,"1IF30","1IF30"
30375,"1IE89","1IE89"
30376,"1IE41","1IE41"
30377,"1IE42","1IE42"
30378,"1IE43","1IE43"
30379,"1IE44","1IE44"
30380,"1IE45","1IE45"
30381,"1IE46","1IE46"
30382,"1IE47","1IE47"
30383,"1IE48","1IE48"
30384,"1IE49","1IE49"
30385,"1IE50","1IE50"
30386,"1IE51","1IE51"
30387,"1IE52","1IE52"
30388,"1IE53","1IE53"
30389,"1IE54","1IE54"
30390,"1IE55","1IE55"
30391,"1IE56","1IE56"
30392,"1IE57","1IE57"
30393,"1IE58","1IE58"
30394,"1IF65","1IF65"
30395,"1IF66","1IF66"
30396,"1IF89","1IF89"
30397,"1IF90","1IF90"
30398,"1IF70","1IF70"
30399,"1IF32","1IF32"
30400,"1IF33","1IF33"
30401,"1IF34","1IF34"
30402,"1IF35","1IF35"
30403,"1IF36","1IF36"
30404,"1IF37","1IF37"
30405,"1IG72","1IG72"
30406,"1IG73","1IG73"
30407,"1IG74","1IG74"
30408,"1IG75","1IG75"
30409,"1IG68","1IG68"
30410,"1IG69","1IG69"
30411,"1IG70","1IG70"
30412,"1IG71","1IG71"
30413,"1IG17","1IG17"
30414,"1IG18","1IG18"
30415,"1IG19","1IG19"
30416,"1IG20","1IG20"
30417,"1IG21","1IG21"
30418,"1IG22","1IG22"
30419,"1IG23","1IG23"
30420,"1IG24","1IG24"
30421,"1IG25","1IG25"
30422,"1IG26","1IG26"
30423,"1IG63","1IG63"
30424,"1IG64","1IG64"
30425,"1IH84","1IH84"
30426,"1IH85","1IH85"
30427,"1IH86","1IH86"
30428,"1IG85","1IG85"
30429,"1IG86","1IG86"
30430,"1IG87","1IG87"
30431,"1IG49","1IG49"
30432,"1IF52","1IF52"
30433,"1IF53","1IF53"
30434,"1IF54","1IF54"
30435,"1IF55","1IF55"
30436,"1IF56","1IF56"
30437,"1IF57","1IF57"
30438,"1IF58","1IF58"
30439,"1IF59","1IF59"
30440,"1IF60","1IF60"
30441,"1IF61","1IF61"
30442,"1IF62","1IF62"
30443,"1IF63","1IF63"
30444,"1IF64","1IF64"
30445,"1IF86","1IF86"
30446,"1IF87","1IF87"
30447,"1IF88","1IF88"
30448,"1IG29","1IG29"
30449,"1IG30","1IG30"
30450,"1IG31","1IG31"
30451,"1IG32","1IG32"
30452,"1IG33","1IG33"
30453,"1IG34","1IG34"
30454,"1IG35","1IG35"
30455,"1IG36","1IG36"
30456,"1IG37","1IG37"
30457,"1IG38","1IG38"
30458,"1IG39","1IG39"
30459,"1IG40","1IG40"
30460,"1IG41","1IG41"
30461,"1IG42","1IG42"
30462,"1IG43","1IG43"
30463,"1IG44","1IG44"
30464,"1IG45","1IG45"
30465,"1IG46","1IG46"
30466,"1IG47","1IG47"
30467,"1IG48","1IG48"
30468,"1IF71","1IF71"
30469,"1IF72","1IF72"
30470,"1IF73","1IF73"
30471,"1IF74","1IF74"
30472,"1IF75","1IF75"
30473,"1IF76","1IF76"
30474,"1IF77","1IF77"
30475,"1IF78","1IF78"
30476,"1IF79","1IF79"
30477,"1IF80","1IF80"
30478,"1IF81","1IF81"
30479,"1IF82","1IF82"
30480,"1IF83","1IF83"
30481,"1IF84","1IF84"
30482,"1IF85","1IF85"
30483,"1IG27","1IG27"
30484,"1IG28","1IG28"
30485,"1IG65","1IG65"
30486,"1IG66","1IG66"
30487,"1IG67","1IG67"
30488,"1IH58","1IH58"
30489,"1IH59","1IH59"
30490,"1IH60","1IH60"
30491,"1IH61","1IH61"
30492,"1IH62","1IH62"
30493,"1IH63","1IH63"
30494,"1IH64","1IH64"
30495,"1IH65","1IH65"
30496,"1IH66","1IH66"
30497,"1IH67","1IH67"
30498,"1IH68","1IH68"
30499,"1IH69","1IH69"
30500,"1IH70","1IH70"
30501,"1IH71","1IH71"
30502,"1IH72","1IH72"
30503,"1IH73","1IH73"
30504,"1IH74","1IH74"
30505,"1IG15","1IG15"
30506,"1IG16","1IG16"
30518,"1IH36","1IH36"
30519,"1IG89","1IG89"
30520,"1IG90","1IG90"
30521,"1IH15","1IH15"
30522,"1IH16","1IH16"
30523,"1IH17","1IH17"
30524,"1IH18","1IH18"
30525,"1IH19","1IH19"
30526,"1IH20","1IH20"
30527,"1IH21","1IH21"
30528,"1IH22","1IH22"
30529,"1IH23","1IH23"
30530,"1IH24","1IH24"
30531,"1IH25","1IH25"
30532,"1IH26","1IH26"
30533,"1IH27","1IH27"
30534,"1IH28","1IH28"
30693,"1HO78","1HO78"
30694,"1HO79","1HO79"
30695,"1HN76","1HN76"
30696,"1HN77","1HN77"
30697,"1HN78","1HN78"
30698,"1HN79","1HN79"
30699,"1HN23","1HN23"
30700,"1HN24","1HN24"
30701,"1HN25","1HN25"
30702,"1HN27","1HN27"
30703,"1HP63","1HP63"
30704,"1HP64","1HP64"
30705,"1HP65","1HP65"
30706,"1HP66","1HP66"
30707,"1HP67","1HP67"
30708,"1HQ69","1HQ69"
30709,"1HQ70","1HQ70"
30710,"1HQ88","1HQ88"
30711,"1HQ89","1HQ89"
30712,"1HQ90","1HQ90"
30713,"1HR16","1HR16"
30714,"1HR17","1HR17"
30715,"1HR18","1HR18"
30716,"1HR19","1HR19"
30717,"1HR20","1HR20"
30718,"1HR21","1HR21"
30719,"1HR22","1HR22"
30720,"1HR23","1HR23"
30721,"1HQ84","1HQ84"
30722,"1HQ45","1HQ45"
30723,"1HQ46","1HQ46"
30724,"1HQ47","1HQ47"
30725,"1HQ48","1HQ48"
30726,"1HQ49","1HQ49"
30727,"1HQ50","1HQ50"
30728,"1HQ51","1HQ51"
30729,"1HQ52","1HQ52"
30730,"1HQ53","1HQ53"
30731,"1HQ54","1HQ54"
30732,"1HQ55","1HQ55"
30733,"1HQ56","1HQ56"
30734,"1HQ57","1HQ57"
30735,"1HQ58","1HQ58"
30736,"1HQ59","1HQ59"
30737,"1HQ60","1HQ60"
30738,"1HQ61","1HQ61"
30739,"1HS62","1HS62"
30740,"1HS63","1HS63"
30741,"1HS64","1HS64"
30742,"1HS65","1HS65"
30743,"1HS66","1HS66"
30744,"1HS67","1HS67"
30745,"1HS68","1HS68"
30746,"1HS69","1HS69"
30747,"1HS70","1HS70"
30748,"1HS71","1HS71"
30749,"1HQ66","1HQ66"
30750,"1HQ67","1HQ67"
30751,"1HQ68","1HQ68"
30752,"1HQ86","1HQ86"
30753,"1HQ87","1HQ87"
30754,"1HR85","1HR85"
30755,"1HR86","1HR86"
30756,"1HR87","1HR87"
30757,"1HR88","1HR88"
30758,"1HR89","1HR89"
30759,"1HR90","1HR90"
30760,"1HT88","1HT88"
30761,"1HT89","1HT89"
30762,"1HT90","1HT90"
30763,"1HU15","1HU15"
30764,"1HU16","1HU16"
30765,"1HU17","1HU17"
30766,"1HU18","1HU18"
30767,"1HU19","1HU19"
30768,"1HS72","1HS72"
30769,"1HS73","1HS73"
30770,"1HS74","1HS74"
30771,"1HS75","1HS75"
30772,"1HS76","1HS76"
30773,"1HS77","1HS77"
30774,"1HS78","1HS78"
30775,"1HR48","1HR48"
30776,"1HR49","1HR49"
30777,"1HR50","1HR50"
30778,"1HR51","1HR51"
30779,"1HR52","1HR52"
30780,"1HR53","1HR53"
30781,"1HR54","1HR54"
30782,"1HR55","1HR55"
30783,"1HR56","1HR56"
30784,"1HR57","1HR57"
30785,"1HR58","1HR58"
30786,"1HR59","1HR59"
30787,"1HR60","1HR60"
30788,"1HR61","1HR61"
30789,"1HR62","1HR62"
30790,"1HR24","1HR24"
30791,"1HQ85","1HQ85"
30792,"1HR83","1HR83"
30793,"1HR84","1HR84"
30794,"1HS24","1HS24"
30795,"1HS25","1HS25"
30796,"1HS26","1HS26"
30797,"1HS27","1HS27"
30798,"1HS35","1HS35"
30799,"1HV78","1HV78"
30800,"1HV79","1HV79"
30801,"1HV80","1HV80"
30802,"1HV81","1HV81"
30803,"1HV82","1HV82"
30804,"1HV83","1HV83"
30805,"1HV84","1HV84"
30806,"1HV85","1HV85"
30807,"1HV86","1HV86"
30808,"1HV87","1HV87"
30809,"1HV88","1HV88"
30810,"1HV89","1HV89"
30811,"1HV90","1HV90"
30812,"1HV49","1HV49"
30813,"1HW35","1HW35"
30814,"1HW36","1HW36"
30815,"1HW57","1HW57"
30816,"1HW58","1HW58"
30817,"1HW59","1HW59"
30818,"1HW60","1HW60"
30819,"1HW61","1HW61"
30820,"1HW62","1HW62"
30821,"1HW63","1HW63"
30822,"1HW64","1HW64"
30823,"1HW65","1HW65"
30824,"1HW66","1HW66"
30825,"1HW67","1HW67"
30826,"1HW68","1HW68"
30827,"1HW69","1HW69"
30828,"1HW70","1HW70"
30829,"1HW71","1HW71"
30830,"1HW72","1HW72"
30831,"1HW73","1HW73"
30832,"1HW74","1HW74"
30833,"1HW75","1HW75"
30834,"1HW76","1HW76"
30835,"1HX38","1HX38"
30836,"1HX39","1HX39"
30837,"1HX40","1HX40"
30838,"1HX41","1HX41"
30839,"1HX42","1HX42"
30840,"1HX43","1HX43"
30841,"1HX44","1HX44"
30842,"1HX45","1HX45"
30843,"1HX46","1HX46"
30844,"1HX47","1HX47"
30845,"1HX48","1HX48"
30846,"1HX49","1HX49"
30847,"1HX50","1HX50"
30848,"1HW32","1HW32"
30849,"1HW33","1HW33"
30850,"1HW34","1HW34"
30851,"1HW55","1HW55"
30852,"1HW56","1HW56"
30853,"1HX53","1HX53"
30854,"1HX54","1HX54"
30855,"1HX55","1HX55"
30856,"1HX56","1HX56"
30857,"1HX57","1HX57"
30858,"1HX19","1HX19"
30859,"1HW80","1HW80"
30860,"1HW81","1HW81"
30861,"1HW82","1HW82"
30862,"1HW83","1HW83"
30863,"1HW84","1HW84"
30864,"1HW85","1HW85"
30865,"1HW86","1HW86"
30866,"1HW87","1HW87"
30867,"1HW88","1HW88"
30868,"1HW89","1HW89"
30869,"1HW90","1HW90"
30870,"1HX15","1HX15"
30871,"1HX16","1HX16"
30872,"1HX17","1HX17"
30873,"1HX18","1HX18"
30874,"1HW79","1HW79"
30875,"1HW41","1HW41"
30876,"1HW42","1HW42"
30877,"1HW43","1HW43"
30878,"1HW44","1HW44"
30879,"1HW45","1HW45"
30880,"1HW46","1HW46"
30881,"1HW47","1HW47"
30882,"1HW48","1HW48"
30883,"1HW49","1HW49"
30884,"1HW50","1HW50"
30885,"1HW51","1HW51"
30886,"1HY80","1HY80"
30887,"1HY81","1HY81"
30888,"1HY82","1HY82"
30889,"1HY83","1HY83"
30890,"1HY84","1HY84"
30891,"1HY85","1HY85"
30892,"1HY86","1HY86"
30893,"1HY87","1HY87"
30894,"1HY88","1HY88"
30895,"1HY89","1HY89"
30896,"1HY90","1HY90"
30897,"1HY47","1HY47"
30898,"1HY15","1HY15"
30899,"1HX90","1HX90"
30900,"1HX58","1HX58"
30901,"1HX20","1HX20"
30902,"1HX21","1HX21"
30903,"1HX22","1HX22"
30904,"1HX23","1HX23"
30991,"1IH29","1IH29"
30992,"1IH30","1IH30"
30993,"1IH31","1IH31"
30994,"1IH32","1IH32"
30995,"1IH33","1IH33"
30996,"1IH34","1IH34"
30997,"1IH35","1IH35"
30998,"1IG88","1IG88"
30999,"1IG50","1IG50"
31000,"1IG51","1IG51"
31001,"1IG52","1IG52"
31002,"1IG53","1IG53"
31003,"1IG54","1IG54"
31004,"1IG55","1IG55"
31005,"1IG56","1IG56"
31006,"1IG57","1IG57"
31007,"1IG58","1IG58"
31008,"1IG59","1IG59"
31009,"1IG60","1IG60"
31010,"1IG61","1IG61"
31011,"1IG62","1IG62"
31012,"1IH82","1IH82"
31013,"1IH83","1IH83"
31014,"1IH90","1IH90"
31015,"1IH87","1IH87"
31016,"1IH37","1IH37"
31017,"1IH38","1IH38"
31018,"1IH39","1IH39"
31019,"1IH40","1IH40"
31020,"1IH41","1IH41"
31021,"1IH42","1IH42"
31022,"1IH43","1IH43"
31023,"1IH44","1IH44"
31024,"1IH45","1IH45"
31025,"1IH46","1IH46"
31026,"1IH47","1IH47"
31027,"1IH48","1IH48"
31028,"1IH49","1IH49"
31029,"1IH50","1IH50"
31030,"1IH51","1IH51"
31031,"1IH52","1IH52"
31032,"1IH53","1IH53"
31033,"1IH54","1IH54"
31034,"1IH55","1IH55"
31035,"1IH56","1IH56"
31036,"1IH57","1IH57"
31049,"1IH75","1IH75"
31050,"1IH76","1IH76"
31051,"1IH77","1IH77"
31052,"1IH78","1IH78"
31053,"1IH79","1IH79"
31054,"1IH80","1IH80"
31055,"1IH81","1IH81"
31057,"1IH88","1IH88"
31058,"1IH89","1IH89"
31364,"1HS52","1HS52"
31365,"1HS15","1HS15"
31366,"1HS16","1HS16"
31367,"1HS17","1HS17"
31368,"1HS18","1HS18"
31369,"1HS19","1HS19"
31370,"1HS20","1HS20"
31371,"1HT39","1HT39"
31372,"1HT40","1HT40"
31373,"1HT60","1HT60"
31374,"1HT61","1HT61"
31375,"1HT62","1HT62"
31376,"1HT63","1HT63"
31377,"1HT64","1HT64"
31378,"1HT65","1HT65"
31379,"1HT66","1HT66"
31380,"1HT67","1HT67"
31381,"1HT68","1HT68"
31382,"1HT69","1HT69"
31383,"1HT70","1HT70"
31384,"1HT71","1HT71"
31385,"1HT72","1HT72"
31386,"1HT73","1HT73"
31387,"1HT74","1HT74"
31388,"1HT75","1HT75"
31389,"1HT76","1HT76"
31390,"1HT77","1HT77"
31391,"1HT78","1HT78"
31392,"1HT79","1HT79"
31393,"1HT41","1HT41"
31394,"1HT15","1HT15"
31395,"1HT16","1HT16"
31396,"1HT17","1HT17"
31397,"1HT18","1HT18"
31398,"1HT19","1HT19"
31399,"1HT20","1HT20"
31400,"1HT21","1HT21"
31401,"1HT22","1HT22"
31402,"1HT23","1HT23"
31403,"1HT24","1HT24"
31404,"1HT25","1HT25"
31405,"1HT35","1HT35"
31406,"1HT36","1HT36"
31407,"1HT37","1HT37"
31408,"1HT38","1HT38"
31409,"1HT58","1HT58"
31410,"1HT59","1HT59"
31411,"1HU56","1HU56"
31412,"1HU57","1HU57"
31413,"1HU58","1HU58"
31414,"1HV48","1HV48"
31415,"1HU60","1HU60"
31416,"1HU61","1HU61"
31417,"1HU62","1HU62"
31418,"1HU63","1HU63"
31419,"1HU64","1HU64"
31420,"1HU65","1HU65"
31421,"1HU66","1HU66"
31422,"1HU67","1HU67"
31423,"1HU68","1HU68"
31424,"1HU69","1HU69"
31425,"1HU70","1HU70"
31426,"1HU71","1HU71"
31427,"1HT45","1HT45"
31428,"1HT46","1HT46"
31429,"1HV61","1HV61"
31430,"1HV62","1HV62"
31431,"1HV63","1HV63"
31432,"1HV64","1HV64"
31433,"1HV65","1HV65"
31434,"1HV66","1HV66"
31435,"1HV67","1HV67"
31436,"1HV68","1HV68"
31437,"1HV69","1HV69"
31438,"1HV70","1HV70"
31439,"1HV71","1HV71"
31440,"1HV72","1HV72"
31441,"1HU55","1HU55"
31442,"1HU81","1HU81"
31443,"1HU82","1HU82"
31444,"1HU83","1HU83"
31445,"1HU84","1HU84"
31446,"1HU85","1HU85"
31447,"1HU86","1HU86"
31448,"1HU87","1HU87"
31449,"1HU88","1HU88"
31450,"1HU89","1HU89"
31451,"1HU90","1HU90"
31452,"1HU59","1HU59"
31453,"1HU21","1HU21"
31454,"1HU22","1HU22"
31455,"1HU23","1HU23"
31456,"1HU24","1HU24"
31457,"1HU34","1HU34"
31458,"1HU35","1HU35"
31459,"1HU36","1HU36"
31460,"1HU37","1HU37"
31461,"1HU38","1HU38"
31462,"1HU39","1HU39"
31463,"1HU40","1HU40"
31464,"1HU41","1HU41"
31465,"1HU42","1HU42"
31466,"1HU43","1HU43"
31467,"1HU44","1HU44"
31468,"1HU45","1HU45"
31469,"1HU46","1HU46"
31470,"1HU47","1HU47"
31471,"1HU48","1HU48"
31472,"1HU49","1HU49"
31473,"1HU50","1HU50"
31474,"1HU51","1HU51"
31475,"1HU52","1HU52"
31476,"1HU53","1HU53"
31477,"1HU79","1HU79"
31478,"1HU80","1HU80"
31479,"1HV18","1HV18"
31480,"1HV19","1HV19"
31481,"1HV20","1HV20"
31482,"1HV21","1HV21"
31483,"1HV22","1HV22"
31484,"1HV23","1HV23"
31485,"1HV33","1HV33"
31486,"1HV34","1HV34"
31487,"1HV35","1HV35"
31488,"1HV36","1HV36"
31489,"1HV37","1HV37"
31490,"1HV38","1HV38"
31491,"1HV39","1HV39"
31492,"1HV40","1HV40"
31493,"1HV41","1HV41"
31494,"1HV42","1HV42"
31495,"1HV43","1HV43"
31496,"1HV44","1HV44"
31497,"1HV45","1HV45"
31498,"1HV46","1HV46"
31499,"1HV47","1HV47"
31500,"1HW77","1HW77"
31501,"1HW78","1HW78"
31502,"1HW40","1HW40"
31503,"1HW15","1HW15"
31504,"1HW16","1HW16"
31505,"1HW17","1HW17"
31506,"1HW18","1HW18"
31507,"1HW19","1HW19"
31508,"1HW20","1HW20"
31509,"1HW21","1HW21"
31510,"1HW22","1HW22"
31511,"1HW23","1HW23"
31512,"1HW31","1HW31"
31513,"1HU72","1HU72"
31514,"1HU73","1HU73"
31515,"1HU74","1HU74"
31516,"1HU75","1HU75"
31517,"1HU76","1HU76"
31518,"1HU77","1HU77"
31519,"1HU78","1HU78"
31520,"1HV15","1HV15"
31521,"1HV16","1HV16"
31522,"1HV17","1HV17"
31523,"1HW37","1HW37"
31524,"1HW38","1HW38"
31525,"1HW39","1HW39"
31526,"1HV50","1HV50"
31527,"1HV51","1HV51"
31528,"1HV52","1HV52"
31529,"1HV53","1HV53"
31530,"1HV54","1HV54"
31531,"1HV55","1HV55"
31532,"1HV56","1HV56"
31533,"1HV57","1HV57"
31534,"1HV58","1HV58"
31535,"1HV59","1HV59"
31536,"1HV60","1HV60"
31537,"1HW52","1HW52"
31538,"1HW53","1HW53"
31539,"1HW54","1HW54"
31540,"1HX51","1HX51"
31541,"1HX52","1HX52"
31542,"1HX86","1HX86"
31543,"1HX87","1HX87"
31544,"1HX88","1HX88"
31545,"1HX89","1HX89"
31546,"1HV73","1HV73"
31547,"1HV74","1HV74"
31548,"1HV75","1HV75"
31549,"1HV76","1HV76"
31550,"1HV77","1HV77"
31551,"1HZ53","1HZ53"
31552,"1IA65","1IA65"
31553,"1IB86","1IB86"
31554,"1IB87","1IB87"
31555,"1IB88","1IB88"
31556,"1IB89","1IB89"
31557,"1IB90","1IB90"
31558,"1IB43","1IB43"
31559,"1IB15","1IB15"
31560,"1IB16","1IB16"
31561,"1IB17","1IB17"
31562,"1IA29","1IA29"
31563,"1IA30","1IA30"
31564,"1IA31","1IA31"
31565,"1IA32","1IA32"
31566,"1IA33","1IA33"
31567,"1IA34","1IA34"
31568,"1HZ84","1HZ84"
31569,"1HZ85","1HZ85"
31570,"1HZ86","1HZ86"
31571,"1IA28","1IA28"
31572,"1HY61","1HY61"
31573,"1HZ70","1HZ70"
31574,"1HZ71","1HZ71"
31575,"1HZ72","1HZ72"
31576,"1HZ73","1HZ73"
31577,"1HZ74","1HZ74"
31578,"1HZ36","1HZ36"
31579,"1HZ15","1HZ15"
31580,"1HZ16","1HZ16"
31581,"1HZ17","1HZ17"
31582,"1HZ18","1HZ18"
31583,"1HZ19","1HZ19"
31584,"1HZ20","1HZ20"
31585,"1HZ21","1HZ21"
31586,"1HZ22","1HZ22"
31587,"1HZ23","1HZ23"
31588,"1HZ24","1HZ24"
31589,"1HZ25","1HZ25"
31590,"1HZ26","1HZ26"
31591,"1HZ27","1HZ27"
31592,"1HZ28","1HZ28"
31593,"1HZ29","1HZ29"
31594,"1HZ30","1HZ30"
31595,"1HZ31","1HZ31"
31596,"1HZ32","1HZ32"
31597,"1HZ33","1HZ33"
31598,"1HZ34","1HZ34"
31599,"1HZ35","1HZ35"
31600,"1HY48","1HY48"
31601,"1HY49","1HY49"
31602,"1HY50","1HY50"
31603,"1HY51","1HY51"
31604,"1HY52","1HY52"
31605,"1HY53","1HY53"
31606,"1HY54","1HY54"
31607,"1HY55","1HY55"
31608,"1HY56","1HY56"
31609,"1HY57","1HY57"
31610,"1HY58","1HY58"
31611,"1HZ68","1HZ68"
31612,"1HZ69","1HZ69"
31613,"1HZ87","1HZ87"
31614,"1HZ88","1HZ88"
31615,"1HZ89","1HZ89"
31616,"1HZ90","1HZ90"
31617,"1HZ75","1HZ75"
31618,"1HZ37","1HZ37"
31619,"1HZ38","1HZ38"
31620,"1HZ39","1HZ39"
31621,"1HZ40","1HZ40"
31622,"1HZ41","1HZ41"
31623,"1HZ42","1HZ42"
31624,"1HZ43","1HZ43"
31625,"1HZ44","1HZ44"
31626,"1HZ45","1HZ45"
31627,"1HZ46","1HZ46"
31628,"1HZ47","1HZ47"
31629,"1HZ48","1HZ48"
31630,"1HZ49","1HZ49"
31631,"1IA21","1IA21"
31632,"1IA22","1IA22"
31633,"1IA23","1IA23"
31634,"1IA24","1IA24"
31635,"1IA25","1IA25"
31636,"1IA64","1IA64"
31637,"1IB33","1IB33"
31638,"1IB34","1IB34"
31639,"1IB35","1IB35"
31640,"1IB36","1IB36"
31641,"1IB37","1IB37"
31642,"1IB38","1IB38"
31643,"1IB39","1IB39"
31644,"1IB40","1IB40"
31645,"1IB41","1IB41"
31646,"1IB42","1IB42"
31647,"1IA55","1IA55"
31648,"1IA56","1IA56"
31649,"1IA57","1IA57"
31650,"1IA35","1IA35"
31651,"1IA36","1IA36"
31652,"1IA37","1IA37"
31653,"1IA38","1IA38"
31654,"1IA39","1IA39"
31655,"1IA40","1IA40"
31656,"1IA41","1IA41"
31762,"1IA42","1IA42"
31763,"1IA43","1IA43"
31764,"1IA44","1IA44"
31765,"1IA45","1IA45"
31766,"1IA46","1IA46"
31767,"1IA47","1IA47"
31768,"1IA48","1IA48"
31769,"1IA49","1IA49"
31770,"1IA50","1IA50"
31771,"1IA51","1IA51"
31772,"1IA52","1IA52"
31773,"1IA53","1IA53"
31774,"1IA15","1IA15"
31775,"1HZ76","1HZ76"
31776,"1HZ77","1HZ77"
31777,"1HZ78","1HZ78"
31778,"1HZ79","1HZ79"
31779,"1HZ80","1HZ80"
31780,"1HZ81","1HZ81"
31781,"1HZ82","1HZ82"
31782,"1HZ83","1HZ83"
31783,"1IA26","1IA26"
31784,"1IA27","1IA27"
31785,"1IA66","1IA66"
31786,"1IA67","1IA67"
31787,"1IA68","1IA68"
31788,"1IA69","1IA69"
31789,"1IA70","1IA70"
31790,"1IA71","1IA71"
31791,"1IA72","1IA72"
31792,"1IA73","1IA73"
31793,"1IA74","1IA74"
31794,"1IA75","1IA75"
31795,"1IA76","1IA76"
31796,"1IA77","1IA77"
31797,"1IA78","1IA78"
31798,"1IA79","1IA79"
31799,"1IA80","1IA80"
31800,"1IA81","1IA81"
31801,"1IA82","1IA82"
31802,"1IA83","1IA83"
31803,"1IA84","1IA84"
31804,"1IA85","1IA85"
31805,"1IA86","1IA86"
31806,"1IA87","1IA87"
31807,"1IA88","1IA88"
31808,"1IA89","1IA89"
31809,"1IA90","1IA90"
31810,"1IA54","1IA54"
31811,"1IA16","1IA16"
31812,"1IA17","1IA17"
31813,"1IA18","1IA18"
31814,"1IA19","1IA19"
31815,"1IA20","1IA20"
31816,"1IC53","1IC53"
31817,"1IC54","1IC54"
31818,"1IC55","1IC55"
31819,"1IC56","1IC56"
31820,"1IC57","1IC57"
31821,"1IC58","1IC58"
31822,"1IC59","1IC59"
31823,"1IC60","1IC60"
31824,"1IC61","1IC61"
31825,"1IC62","1IC62"
31826,"1IC63","1IC63"
31827,"1IC64","1IC64"
31828,"1IC65","1IC65"
31829,"1IB18","1IB18"
31830,"1IB19","1IB19"
31831,"1IB20","1IB20"
31832,"1IB21","1IB21"
31833,"1IB22","1IB22"
31834,"1IB23","1IB23"
31835,"1IB24","1IB24"
31836,"1IB25","1IB25"
31837,"1IB26","1IB26"
31838,"1IB27","1IB27"
31839,"1IB28","1IB28"
31840,"1IB29","1IB29"
31841,"1IB30","1IB30"
31842,"1IB31","1IB31"
31843,"1IB32","1IB32"
31844,"1IC76","1IC76"
31845,"1IC77","1IC77"
31846,"1IC78","1IC78"
31847,"1IC79","1IC79"
31848,"1IC80","1IC80"
31849,"1IC81","1IC81"
31850,"1IC82","1IC82"
31851,"1IC83","1IC83"
31852,"1IA58","1IA58"
31853,"1IA59","1IA59"
31854,"1IA60","1IA60"
31855,"1IA61","1IA61"
31856,"1IA62","1IA62"
31857,"1IA63","1IA63"
31858,"1IB83","1IB83"
31859,"1IB84","1IB84"
31860,"1IB85","1IB85"
31861,"1IC30","1IC30"
31862,"1IC31","1IC31"
31863,"1IC32","1IC32"
31864,"1IC33","1IC33"
31865,"1IC34","1IC34"
31866,"1IB44","1IB44"
31867,"1IB45","1IB45"
31868,"1IB46","1IB46"
31869,"1IB47","1IB47"
31870,"1IB48","1IB48"
31871,"1IB49","1IB49"
31872,"1IB50","1IB50"
31873,"1IB51","1IB51"
31874,"1IB52","1IB52"
31875,"1IB53","1IB53"
31876,"1IB54","1IB54"
31877,"1IB55","1IB55"
31878,"1IB56","1IB56"
31879,"1IB57","1IB57"
31880,"1IB58","1IB58"
31881,"1IB59","1IB59"
31882,"1IB60","1IB60"
31883,"1IB61","1IB61"
31884,"1IB62","1IB62"
31885,"1IB63","1IB63"
31886,"1IB64","1IB64"
31887,"1IB65","1IB65"
31888,"1IB66","1IB66"
31889,"1IB67","1IB67"
31890,"1IB68","1IB68"
31891,"1IB69","1IB69"
31892,"1IB70","1IB70"
31893,"1IB71","1IB71"
31894,"1IB72","1IB72"
31895,"1IB73","1IB73"
31896,"1IB74","1IB74"
31897,"1IB75","1IB75"
31898,"1IB76","1IB76"
31899,"1IB77","1IB77"
31900,"1IB78","1IB78"
31901,"1IB79","1IB79"
31902,"1IB80","1IB80"
31903,"1IB81","1IB81"
31904,"1IB82","1IB82"
31905,"1IC28","1IC28"
31906,"1IC29","1IC29"
31907,"1IC52","1IC52"
31908,"1ID90","1ID90"
31909,"1ID53","1ID53"
31910,"1ID15","1ID15"
31911,"1ID16","1ID16"
31912,"1ID17","1ID17"
31913,"1ID18","1ID18"
31914,"1ID19","1ID19"
31915,"1ID20","1ID20"
31916,"1ID21","1ID21"
31917,"1ID22","1ID22"
31918,"1ID23","1ID23"
31919,"1ID24","1ID24"
31920,"1ID25","1ID25"
31921,"1IC66","1IC66"
31922,"1IC67","1IC67"
31923,"1IC68","1IC68"
31924,"1IC69","1IC69"
31925,"1IC70","1IC70"
31926,"1IC71","1IC71"
31927,"1IC72","1IC72"
31928,"1IC73","1IC73"
31929,"1IC35","1IC35"
31930,"1IC15","1IC15"
31931,"1IC16","1IC16"
31932,"1IC17","1IC17"
31933,"1IC18","1IC18"
31934,"1IC19","1IC19"
31935,"1IC20","1IC20"
31936,"1IC21","1IC21"
31937,"1IC22","1IC22"
31938,"1IC23","1IC23"
31939,"1IC24","1IC24"
31940,"1IC25","1IC25"
31941,"1IC26","1IC26"
31942,"1IC27","1IC27"
31943,"1IC50","1IC50"
31944,"1IC51","1IC51"
31945,"1ID48","1ID48"
31946,"1ID49","1ID49"
31947,"1ID50","1ID50"
31948,"1ID51","1ID51"
31949,"1ID52","1ID52"
31950,"1IC75","1IC75"
31951,"1ID75","1ID75"
31952,"1ID76","1ID76"
31953,"1ID77","1ID77"
31954,"1ID78","1ID78"
31955,"1ID79","1ID79"
31956,"1ID80","1ID80"
31957,"1ID81","1ID81"
31958,"1ID82","1ID82"
31959,"1ID83","1ID83"
31960,"1IC84","1IC84"
31961,"1IC85","1IC85"
31962,"1IC86","1IC86"
31963,"1IC87","1IC87"
31964,"1IC88","1IC88"
32298,"1HX24","1HX24"
32299,"1HX25","1HX25"
32300,"1HX26","1HX26"
32301,"1HX28","1HX28"
32302,"1HX29","1HX29"
32303,"1HX30","1HX30"
32304,"1HX31","1HX31"
32305,"1HX32","1HX32"
32306,"1HX33","1HX33"
32307,"1HX34","1HX34"
32308,"1HX35","1HX35"
32309,"1HX36","1HX36"
32310,"1HX37","1HX37"
32311,"1HZ67","1HZ67"
32312,"1HY16","1HY16"
32313,"1HY17","1HY17"
32314,"1HY18","1HY18"
32315,"1HY19","1HY19"
32316,"1HY20","1HY20"
32317,"1HY21","1HY21"
32318,"1HY22","1HY22"
32319,"1HY23","1HY23"
32320,"1HY24","1HY24"
32321,"1HY25","1HY25"
32322,"1HY26","1HY26"
32323,"1HY27","1HY27"
32324,"1HY28","1HY28"
32325,"1HY29","1HY29"
32326,"1HY59","1HY59"
32327,"1HY60","1HY60"
32328,"1HX84","1HX84"
32329,"1HX85","1HX85"
32330,"1HY33","1HY33"
32331,"1HY34","1HY34"
32332,"1HY35","1HY35"
32333,"1HY36","1HY36"
32334,"1HY37","1HY37"
32335,"1HY38","1HY38"
32336,"1HY39","1HY39"
32337,"1HY40","1HY40"
32338,"1HY41","1HY41"
32339,"1HY42","1HY42"
32340,"1HY43","1HY43"
32341,"1HY44","1HY44"
32342,"1HY45","1HY45"
32343,"1HY46","1HY46"
32344,"1HX59","1HX59"
32345,"1HX60","1HX60"
32346,"1HX61","1HX61"
32347,"1HX62","1HX62"
32348,"1HX63","1HX63"
32349,"1HX64","1HX64"
32350,"1HX65","1HX65"
32351,"1HX66","1HX66"
32352,"1HX67","1HX67"
32353,"1HX68","1HX68"
32354,"1HX69","1HX69"
32355,"1HX70","1HX70"
32356,"1HX71","1HX71"
32357,"1HX72","1HX72"
32358,"1HX73","1HX73"
32359,"1HX74","1HX74"
32360,"1HX75","1HX75"
32361,"1HX76","1HX76"
32362,"1HX77","1HX77"
32363,"1HX78","1HX78"
32364,"1HX79","1HX79"
32365,"1HX80","1HX80"
32366,"1HX81","1HX81"
32367,"1HX82","1HX82"
32368,"1HX83","1HX83"
32369,"1HY30","1HY30"
32370,"1HY31","1HY31"
32371,"1HY32","1HY32"
32372,"1HY62","1HY62"
32373,"1HY63","1HY63"
32374,"1HY64","1HY64"
32375,"1HY65","1HY65"
32376,"1HY66","1HY66"
32377,"1HY67","1HY67"
32378,"1HY68","1HY68"
32379,"1HY69","1HY69"
32380,"1HY70","1HY70"
32381,"1HY71","1HY71"
32382,"1HY72","1HY72"
32383,"1HY73","1HY73"
32384,"1HY74","1HY74"
32385,"1HY75","1HY75"
32386,"1HY76","1HY76"
32387,"1HY77","1HY77"
32388,"1HY78","1HY78"
32389,"1HY79","1HY79"
32390,"1HZ54","1HZ54"
32391,"1HZ55","1HZ55"
32392,"1HZ56","1HZ56"
32393,"1HZ57","1HZ57"
32394,"1HZ58","1HZ58"
32395,"1HZ59","1HZ59"
32396,"1HZ60","1HZ60"
32397,"1HZ61","1HZ61"
32398,"1HZ62","1HZ62"
32399,"1HZ63","1HZ63"
32400,"1HZ64","1HZ64"
32401,"1HZ65","1HZ65"
32402,"1HZ66","1HZ66"
32403,"1HZ50","1HZ50"
32404,"1HZ51","1HZ51"
32405,"1HZ52","1HZ52"
32729,"1HH62","1HH62"
32730,"1GT61","1GT61"
32731,"1GU61","1GU61"
32732,"1GY65","1GY65"
32733,"1GZ65","1GZ65"
32734,"1GL64","1GL64"
32735,"1GM64","1GM64"
32736,"1GN64","1GN64"
32737,"1GI63","1GI63"
32738,"1GJ63","1GJ63"
32739,"1GX62","1GX62"
32740,"1GY62","1GY62"
32741,"1GZ62","1GZ62"
32742,"1HA62","1HA62"
32743,"1HB62","1HB62"
32744,"1HC62","1HC62"
32745,"1HD62","1HD62"
32746,"1HE62","1HE62"
32747,"1HF62","1HF62"
32748,"1GV63","1GV63"
32749,"1GW63","1GW63"
32750,"1GX63","1GX63"
32751,"1GY63","1GY63"
32752,"1GZ63","1GZ63"
32753,"1HA63","1HA63"
32754,"1HB63","1HB63"
32755,"1HC63","1HC63"
32756,"1HD63","1HD63"
32757,"1HE63","1HE63"
32758,"1HF63","1HF63"
32759,"1HH63","1HH63"
32760,"1HI63","1HI63"
32761,"1HL63","1HL63"
32768,"1GI64","1GI64"
32769,"1GJ64","1GJ64"
32770,"1GK64","1GK64"
32774,"1HI62","1HI62"
32775,"1HK62","1HK62"
32776,"1HL62","1HL62"
32805,"1GJ61","1GJ61"
32806,"1GK61","1GK61"
32807,"1GL61","1GL61"
32808,"1GM61","1GM61"
32809,"1GN61","1GN61"
32810,"1GO61","1GO61"
32811,"1GP61","1GP61"
32812,"1GO60","1GO60"
32813,"1GP60","1GP60"
32814,"1GO59","1GO59"
32815,"1GP59","1GP59"
32816,"1GQ59","1GQ59"
32817,"1GR59","1GR59"
32818,"1GS59","1GS59"
32819,"1GV61","1GV61"
32820,"1GW61","1GW61"
32821,"1GX61","1GX61"
32822,"1GY61","1GY61"
32823,"1GZ61","1GZ61"
32824,"1HA61","1HA61"
32825,"1HB61","1HB61"
32826,"1HC61","1HC61"
32827,"1HD61","1HD61"
32828,"1HF61","1HF61"
32829,"1HG61","1HG61"
32830,"1HH61","1HH61"
32831,"1HK61","1HK61"
32832,"1HL61","1HL61"
32833,"1GJ62","1GJ62"
32834,"1GK62","1GK62"
32835,"1GL62","1GL62"
32836,"1GM62","1GM62"
32837,"1GN62","1GN62"
32838,"1GO62","1GO62"
32839,"1GP62","1GP62"
32840,"1GQ62","1GQ62"
32841,"1GR62","1GR62"
32842,"1GS62","1GS62"
32843,"1GT62","1GT62"
32844,"1GU62","1GU62"
32845,"1GV62","1GV62"
32846,"1GW62","1GW62"
32848,"1GK58","1GK58"
32849,"1GL58","1GL58"
32850,"1GM58","1GM58"
32851,"1GN58","1GN58"
32852,"1GO58","1GO58"
32853,"1GP58","1GP58"
32854,"1GQ58","1GQ58"
32855,"1GR58","1GR58"
32856,"1GS58","1GS58"
32857,"1HG62","1HG62"
32858,"1GQ61","1GQ61"
32859,"1GR61","1GR61"
32860,"1GS61","1GS61"
32861,"1GQ60","1GQ60"
32862,"1GR60","1GR60"
32863,"1GS60","1GS60"
32864,"1GT60","1GT60"
32865,"1GU60","1GU60"
32866,"1GV60","1GV60"
32867,"1GW60","1GW60"
32868,"1GX60","1GX60"
32869,"1GY60","1GY60"
32870,"1GZ60","1GZ60"
32871,"1HA60","1HA60"
32872,"1HB60","1HB60"
32873,"1HC60","1HC60"
32874,"1HD60","1HD60"
32875,"1HF60","1HF60"
32876,"1HG60","1HG60"
32877,"1HI60","1HI60"
32878,"1HK60","1HK60"
32879,"1HL60","1HL60"
32892,"1HL58","1HL58"
32893,"1GK59","1GK59"
32894,"1GL59","1GL59"
32897,"1GO57","1GO57"
32898,"1GP57","1GP57"
32899,"1GQ57","1GQ57"
32900,"1GR57","1GR57"
32901,"1GS57","1GS57"
32902,"1GT57","1GT57"
32903,"1GU57","1GU57"
32904,"1GV57","1GV57"
32905,"1GW57","1GW57"
32906,"1GT59","1GT59"
32907,"1GU59","1GU59"
32908,"1GV59","1GV59"
32909,"1GW59","1GW59"
32910,"1GX59","1GX59"
32911,"1GY59","1GY59"
32912,"1GZ59","1GZ59"
32913,"1HA59","1HA59"
32914,"1HB59","1HB59"
32915,"1HC59","1HC59"
32916,"1HD59","1HD59"
32917,"1HE59","1HE59"
32918,"1HF59","1HF59"
32919,"1HG59","1HG59"
32920,"1HH59","1HH59"
32921,"1HI59","1HI59"
32922,"1HL59","1HL59"
32932,"1GK60","1GK60"
32933,"1GL60","1GL60"
32934,"1GM60","1GM60"
32935,"1GN60","1GN60"
32936,"1GM59","1GM59"
32937,"1GN59","1GN59"
32952,"1GK57","1GK57"
32953,"1GL57","1GL57"
32954,"1GM56","1GM56"
32955,"1GN56","1GN56"
32956,"1GT54","1GT54"
32957,"1GU54","1GU54"
32958,"1GT58","1GT58"
32959,"1GU58","1GU58"
32960,"1GV58","1GV58"
32961,"1GW58","1GW58"
32962,"1GX58","1GX58"
32963,"1GY58","1GY58"
32964,"1GZ58","1GZ58"
32965,"1HA58","1HA58"
32966,"1HB58","1HB58"
32967,"1HC58","1HC58"
32968,"1HD58","1HD58"
32969,"1HE58","1HE58"
32970,"1HF58","1HF58"
32971,"1HG58","1HG58"
32972,"1HH58","1HH58"
32973,"1HI58","1HI58"
32974,"1HK58","1HK58"
32975,"1HC52","1HC52"
32976,"1HE52","1HE52"
32977,"1HF52","1HF52"
32978,"1HG52","1HG52"
32979,"1HH52","1HH52"
32980,"1HI52","1HI52"
32981,"1HJ52","1HJ52"
32982,"1GV54","1GV54"
32983,"1GW54","1GW54"
32984,"1GX54","1GX54"
32985,"1GY54","1GY54"
32986,"1GZ54","1GZ54"
32987,"1HA54","1HA54"
32988,"1HB54","1HB54"
32989,"1HC54","1HC54"
32990,"1HE54","1HE54"
32991,"1GX57","1GX57"
32992,"1GY57","1GY57"
32993,"1GZ57","1GZ57"
32994,"1HA57","1HA57"
32995,"1HB57","1HB57"
32996,"1HC57","1HC57"
33170,"1GA89","1GA89"
33171,"1GB89","1GB89"
33172,"1GC89","1GC89"
33173,"1GD89","1GD89"
33174,"1GE89","1GE89"
33175,"1GZ89","1GZ89"
33176,"1HA89","1HA89"
33177,"1HB89","1HB89"
33178,"1HC89","1HC89"
33179,"1HE89","1HE89"
33180,"1HF89","1HF89"
33181,"1HG89","1HG89"
33182,"1HH89","1HH89"
33183,"1HI89","1HI89"
33184,"1HJ89","1HJ89"
33185,"1HK89","1HK89"
33186,"1HL89","1HL89"
33187,"1GA90","1GA90"
33188,"1GB90","1GB90"
33189,"1GC90","1GC90"
33190,"1GD90","1GD90"
33191,"1GE90","1GE90"
33192,"1GZ90","1GZ90"
33193,"1HA90","1HA90"
33194,"1HB90","1HB90"
33195,"1HC90","1HC90"
33196,"1HD90","1HD90"
33199,"1HG87","1HG87"
33200,"1HH87","1HH87"
33201,"1HI87","1HI87"
33202,"1HL84","1HL84"
33203,"1GA85","1GA85"
33204,"1GB85","1GB85"
33205,"1GC85","1GC85"
33206,"1GD85","1GD85"
33207,"1GE85","1GE85"
33208,"1GZ85","1GZ85"
33209,"1HA85","1HA85"
33210,"1HB85","1HB85"
33211,"1HC85","1HC85"
33212,"1HD85","1HD85"
33213,"1HE85","1HE85"
33214,"1HF85","1HF85"
33215,"1HG85","1HG85"
33216,"1HH85","1HH85"
33217,"1HE83","1HE83"
33218,"1HG88","1HG88"
33219,"1HH88","1HH88"
33220,"1HI88","1HI88"
33221,"1HJ88","1HJ88"
33222,"1HK88","1HK88"
33223,"1HL88","1HL88"
33233,"1GE79","1GE79"
33234,"1GF79","1GF79"
33235,"1GG79","1GG79"
33236,"1HA79","1HA79"
33237,"1HC79","1HC79"
33238,"1HD79","1HD79"
33239,"1HF83","1HF83"
33251,"1GB86","1GB86"
33252,"1GC86","1GC86"
33253,"1GD86","1GD86"
33254,"1GE86","1GE86"
33255,"1GZ86","1GZ86"
33256,"1HA86","1HA86"
33257,"1HB86","1HB86"
33258,"1HC86","1HC86"
33259,"1HD86","1HD86"
33260,"1HE86","1HE86"
33261,"1HF86","1HF86"
33262,"1HG86","1HG86"
33263,"1HH86","1HH86"
33264,"1HI86","1HI86"
33265,"1HJ86","1HJ86"
33266,"1HK86","1HK86"
33267,"1HL86","1HL86"
33270,"1GB87","1GB87"
33271,"1GC87","1GC87"
33272,"1GD87","1GD87"
33273,"1GE87","1GE87"
33274,"1HA87","1HA87"
33275,"1HB87","1HB87"
33276,"1HC87","1HC87"
33277,"1HD87","1HD87"
33278,"1HI85","1HI85"
33279,"1HJ85","1HJ85"
33280,"1HK85","1HK85"
33281,"1HG83","1HG83"
33282,"1HH83","1HH83"
33283,"1HI83","1HI83"
33284,"1HJ83","1HJ83"
33285,"1HK83","1HK83"
33286,"1HL83","1HL83"
33287,"1GA84","1GA84"
33288,"1GB84","1GB84"
33289,"1GC84","1GC84"
33290,"1GD84","1GD84"
33291,"1GE84","1GE84"
33292,"1GZ84","1GZ84"
33293,"1HA84","1HA84"
33294,"1HB84","1HB84"
33295,"1HC84","1HC84"
33296,"1HD84","1HD84"
33297,"1HE84","1HE84"
33298,"1HF84","1HF84"
33299,"1HG84","1HG84"
33300,"1HH84","1HH84"
33301,"1HI84","1HI84"
33302,"1HJ84","1HJ84"
33303,"1HK84","1HK84"
33304,"1GC82","1GC82"
33305,"1GD82","1GD82"
33306,"1HA82","1HA82"
33307,"1HB82","1HB82"
33308,"1HC82","1HC82"
33309,"1HD82","1HD82"
33310,"1HE82","1HE82"
33311,"1HF82","1HF82"
33312,"1HG82","1HG82"
33313,"1HH82","1HH82"
33314,"1HI82","1HI82"
33315,"1HK82","1HK82"
33317,"1HI81","1HI81"
33318,"1HJ81","1HJ81"
33319,"1HK81","1HK81"
33320,"1HL81","1HL81"
33321,"1GB82","1GB82"
33322,"1HK75","1HK75"
33323,"1HL75","1HL75"
33324,"1GD76","1GD76"
33325,"1GE76","1GE76"
33326,"1GF76","1GF76"
33327,"1GC80","1GC80"
33328,"1GD80","1GD80"
33329,"1GE80","1GE80"
33330,"1GF80","1GF80"
33331,"1HA80","1HA80"
33332,"1HB80","1HB80"
33333,"1HC80","1HC80"
33334,"1HD80","1HD80"
33335,"1HE80","1HE80"
33336,"1HF80","1HF80"
33337,"1HG80","1HG80"
33338,"1HE79","1HE79"
33339,"1HG79","1HG79"
33340,"1HH79","1HH79"
33341,"1HI79","1HI79"
33342,"1HK79","1HK79"
33364,"1GB83","1GB83"
33365,"1GC83","1GC83"
33366,"1GD83","1GD83"
33367,"1GZ83","1GZ83"
33368,"1HA83","1HA83"
33369,"1HB83","1HB83"
33370,"1HC83","1HC83"
33371,"1HD83","1HD83"
33372,"1HL82","1HL82"
33384,"1GB81","1GB81"
33385,"1GC81","1GC81"
33386,"1GD81","1GD81"
33387,"1HA81","1HA81"
33388,"1HB81","1HB81"
33389,"1HC81","1HC81"
33390,"1HD81","1HD81"
33391,"1HE81","1HE81"
33392,"1HF81","1HF81"
33393,"1HG81","1HG81"
33394,"1HH81","1HH81"
33395,"1HB75","1HB75"
33396,"1HC75","1HC75"
33397,"1HD75","1HD75"
33398,"1HE75","1HE75"
33399,"1HF75","1HF75"
33400,"1HG75","1HG75"
33401,"1HH75","1HH75"
33402,"1HI75","1HI75"
33403,"1HJ75","1HJ75"
33404,"1GG77","1GG77"
33405,"1GH77","1GH77"
33406,"1GI77","1GI77"
33407,"1GZ77","1GZ77"
33408,"1HA77","1HA77"
33409,"1HB77","1HB77"
33410,"1HC77","1HC77"
33411,"1HD77","1HD77"
33412,"1GM75","1GM75"
33413,"1HA75","1HA75"
33414,"1HJ74","1HJ74"
33415,"1HK74","1HK74"
33416,"1HL74","1HL74"
33417,"1HH80","1HH80"
33418,"1HI80","1HI80"
33419,"1HJ80","1HJ80"
33420,"1HK80","1HK80"
33421,"1HL80","1HL80"
33433,"1HL78","1HL78"
33434,"1GD79","1GD79"
33435,"1HG77","1HG77"
33436,"1HH77","1HH77"
33437,"1HI77","1HI77"
33438,"1HJ77","1HJ77"
33439,"1HK77","1HK77"
33440,"1HL77","1HL77"
33454,"1GD78","1GD78"
33455,"1GE78","1GE78"
33456,"1GF78","1GF78"
33457,"1GG78","1GG78"
33458,"1GH78","1GH78"
33459,"1HA78","1HA78"
33460,"1HB78","1HB78"
33461,"1HC78","1HC78"
33462,"1HD78","1HD78"
33463,"1HE78","1HE78"
33464,"1HF78","1HF78"
33465,"1HG78","1HG78"
33466,"1HD53","1HD53"
33467,"1HE53","1HE53"
33468,"1HF53","1HF53"
33469,"1HG53","1HG53"
33470,"1HH53","1HH53"
33471,"1HI53","1HI53"
33472,"1GT52","1GT52"
33473,"1GU52","1GU52"
33474,"1HF51","1HF51"
33475,"1HH51","1HH51"
33476,"1HI51","1HI51"
33477,"1HJ51","1HJ51"
33778,"1HH78","1HH78"
33779,"1HI78","1HI78"
33780,"1HJ78","1HJ78"
33781,"1HK78","1HK78"
33782,"1HE77","1HE77"
33783,"1HF77","1HF77"
33784,"1GO73","1GO73"
33785,"1GP73","1GP73"
33786,"1GQ73","1GQ73"
33787,"1GR73","1GR73"
33788,"1GS73","1GS73"
33789,"1HA73","1HA73"
33790,"1HB73","1HB73"
33791,"1HC73","1HC73"
33792,"1HE73","1HE73"
33793,"1HG73","1HG73"
33794,"1HH73","1HH73"
33795,"1HI73","1HI73"
33796,"1HK73","1HK73"
33797,"1HL73","1HL73"
33798,"1GD74","1GD74"
33799,"1GE74","1GE74"
33800,"1GF74","1GF74"
33801,"1GG76","1GG76"
33802,"1GH76","1GH76"
33803,"1GI76","1GI76"
33804,"1GJ76","1GJ76"
33805,"1HA76","1HA76"
33806,"1HB76","1HB76"
33807,"1HD76","1HD76"
33808,"1HE76","1HE76"
33809,"1HF76","1HF76"
33810,"1HH76","1HH76"
33811,"1HI76","1HI76"
33812,"1HK76","1HK76"
33813,"1HL76","1HL76"
33814,"1GD77","1GD77"
33815,"1GE77","1GE77"
33816,"1GF77","1GF77"
33817,"1GJ72","1GJ72"
33818,"1GK72","1GK72"
33819,"1GL72","1GL72"
33820,"1GM72","1GM72"
33821,"1GN72","1GN72"
33822,"1GO72","1GO72"
33823,"1GP72","1GP72"
33824,"1GQ72","1GQ72"
33825,"1GS72","1GS72"
33826,"1GZ72","1GZ72"
33827,"1HA72","1HA72"
33851,"1GD75","1GD75"
33852,"1GE75","1GE75"
33853,"1GF75","1GF75"
33854,"1GG75","1GG75"
33855,"1GH75","1GH75"
33856,"1GI75","1GI75"
33857,"1GJ75","1GJ75"
33858,"1GK75","1GK75"
33859,"1GL75","1GL75"
33860,"1HH74","1HH74"
33861,"1HI74","1HI74"
33862,"1GI73","1GI73"
33863,"1GJ73","1GJ73"
33864,"1GK73","1GK73"
33865,"1GL73","1GL73"
33866,"1GM73","1GM73"
33867,"1GN73","1GN73"
33868,"1GR70","1GR70"
33869,"1GV70","1GV70"
33870,"1GZ70","1GZ70"
33871,"1HB70","1HB70"
33872,"1HC70","1HC70"
33873,"1HE70","1HE70"
33874,"1HG70","1HG70"
33875,"1HH70","1HH70"
33876,"1HI70","1HI70"
33877,"1HJ70","1HJ70"
33878,"1HK70","1HK70"
33879,"1HL70","1HL70"
33880,"1GE71","1GE71"
33881,"1GF71","1GF71"
33882,"1GG71","1GG71"
33883,"1GH71","1GH71"
33884,"1GG74","1GG74"
33885,"1GH74","1GH74"
33886,"1GI74","1GI74"
33887,"1GJ74","1GJ74"
33888,"1GK74","1GK74"
33889,"1GL74","1GL74"
33890,"1GM74","1GM74"
33891,"1GN74","1GN74"
33892,"1GO74","1GO74"
33893,"1GP74","1GP74"
33894,"1HA74","1HA74"
33895,"1HB74","1HB74"
33896,"1HC74","1HC74"
33897,"1HD74","1HD74"
33898,"1HE74","1HE74"
33899,"1HF74","1HF74"
33900,"1HG74","1HG74"
33901,"1GF73","1GF73"
33902,"1GG73","1GG73"
33927,"1HE90","1HE90"
33928,"1HF90","1HF90"
33951,"1HJ87","1HJ87"
33952,"1HK87","1HK87"
33953,"1HL87","1HL87"
33954,"1GA88","1GA88"
33955,"1GB88","1GB88"
33956,"1GC88","1GC88"
33957,"1GD88","1GD88"
33958,"1GE88","1GE88"
33959,"1GZ88","1GZ88"
33960,"1HA88","1HA88"
33961,"1HB88","1HB88"
33962,"1HC88","1HC88"
33963,"1HE88","1HE88"
33964,"1HF88","1HF88"
33971,"1HG90","1HG90"
33972,"1HH90","1HH90"
33973,"1HI90","1HI90"
33974,"1HJ90","1HJ90"
33975,"1HK90","1HK90"
33976,"1HL90","1HL90"
34002,"1HE87","1HE87"
34003,"1HF87","1HF87"
34004,"1HL85","1HL85"
34007,"1HK49","1HK49"
34008,"1HL49","1HL49"
34009,"1GK50","1GK50"
34010,"1GL50","1GL50"
34011,"1GM50","1GM50"
34012,"1GN50","1GN50"
34013,"1GO50","1GO50"
34014,"1GP50","1GP50"
34015,"1GQ50","1GQ50"
34016,"1GR50","1GR50"
34017,"1GS50","1GS50"
34021,"1HC48","1HC48"
34022,"1HD48","1HD48"
34023,"1HE48","1HE48"
34024,"1HF48","1HF48"
34025,"1HG48","1HG48"
34026,"1HH48","1HH48"
34027,"1HI48","1HI48"
34028,"1HJ48","1HJ48"
34029,"1GN46","1GN46"
34030,"1GO46","1GO46"
34031,"1GP46","1GP46"
34032,"1GR46","1GR46"
34033,"1GS46","1GS46"
34034,"1GT46","1GT46"
34035,"1GU46","1GU46"
34036,"1GV46","1GV46"
34037,"1GW46","1GW46"
34038,"1GX46","1GX46"
34039,"1GZ46","1GZ46"
34040,"1HA46","1HA46"
34041,"1HB46","1HB46"
34042,"1HD46","1HD46"
34043,"1HE46","1HE46"
34044,"1HF46","1HF46"
34045,"1HH46","1HH46"
34046,"1HI46","1HI46"
34047,"1HK46","1HK46"
34048,"1HL46","1HL46"
34063,"1HA48","1HA48"
34064,"1HB48","1HB48"
34065,"1GV47","1GV47"
34066,"1GW47","1GW47"
34067,"1GX47","1GX47"
34068,"1GY47","1GY47"
34069,"1GZ47","1GZ47"
34070,"1HA47","1HA47"
34071,"1HB47","1HB47"
34072,"1HC47","1HC47"
34073,"1HD47","1HD47"
34074,"1HE47","1HE47"
34075,"1HF47","1HF47"
34076,"1HG47","1HG47"
34077,"1HH47","1HH47"
34078,"1HI47","1HI47"
34079,"1HJ47","1HJ47"
34080,"1HK47","1HK47"
34081,"1HL47","1HL47"
34094,"1GS48","1GS48"
34095,"1GT48","1GT48"
34096,"1GU48","1GU48"
34097,"1GV48","1GV48"
34098,"1GW48","1GW48"
34099,"1GX48","1GX48"
34100,"1GY48","1GY48"
34101,"1GZ48","1GZ48"
34102,"1GT47","1GT47"
34103,"1GU47","1GU47"
34113,"1GK46","1GK46"
34114,"1GH73","1GH73"
34115,"1HE71","1HE71"
34116,"1HF71","1HF71"
34117,"1HG71","1HG71"
34118,"1HH71","1HH71"
34119,"1HI71","1HI71"
34120,"1HJ71","1HJ71"
34121,"1HK71","1HK71"
34122,"1HL71","1HL71"
34123,"1GE72","1GE72"
34124,"1GF72","1GF72"
34125,"1GG72","1GG72"
34126,"1GH72","1GH72"
34127,"1GI72","1GI72"
34128,"1HK69","1HK69"
34132,"1GR68","1GR68"
34133,"1GS68","1GS68"
34134,"1GT68","1GT68"
34135,"1GU68","1GU68"
34136,"1GV68","1GV68"
34137,"1GW68","1GW68"
34138,"1HA68","1HA68"
34139,"1HB72","1HB72"
34140,"1HC72","1HC72"
34141,"1HD72","1HD72"
34142,"1HE72","1HE72"
34143,"1HF72","1HF72"
34144,"1HG72","1HG72"
34145,"1HH72","1HH72"
34146,"1HJ72","1HJ72"
34147,"1HK72","1HK72"
34148,"1HL72","1HL72"
34149,"1GD73","1GD73"
34150,"1GE73","1GE73"
34151,"1HC71","1HC71"
34152,"1HD71","1HD71"
34153,"1GG70","1GG70"
34154,"1GH70","1GH70"
34155,"1GI70","1GI70"
34156,"1GJ70","1GJ70"
34157,"1GK70","1GK70"
34158,"1GL70","1GL70"
34159,"1GM70","1GM70"
34160,"1GN70","1GN70"
34161,"1GO70","1GO70"
34162,"1GP70","1GP70"
34163,"1GQ70","1GQ70"
34164,"1HF68","1HF68"
34165,"1HG68","1HG68"
34166,"1HH68","1HH68"
34167,"1HI68","1HI68"
34168,"1HK68","1HK68"
34169,"1HL68","1HL68"
34177,"1GI71","1GI71"
34178,"1GJ71","1GJ71"
34179,"1GK71","1GK71"
34180,"1GL71","1GL71"
34181,"1GM71","1GM71"
34182,"1GN71","1GN71"
34183,"1GO71","1GO71"
34184,"1GP71","1GP71"
34185,"1GQ71","1GQ71"
34186,"1GR71","1GR71"
34187,"1GZ71","1GZ71"
34188,"1HA71","1HA71"
34189,"1HB71","1HB71"
34190,"1HL69","1HL69"
34191,"1GE70","1GE70"
34192,"1GF70","1GF70"
34202,"1GE69","1GE69"
34203,"1GF69","1GF69"
34204,"1GG69","1GG69"
34205,"1GH69","1GH69"
34206,"1GI69","1GI69"
34207,"1GJ69","1GJ69"
34208,"1GK69","1GK69"
34209,"1GL69","1GL69"
34210,"1GM69","1GM69"
34211,"1GN69","1GN69"
34212,"1GO69","1GO69"
34213,"1GP69","1GP69"
34214,"1GQ69","1GQ69"
34215,"1GR69","1GR69"
34216,"1GS69","1GS69"
34217,"1GT69","1GT69"
34218,"1GU69","1GU69"
34219,"1GV69","1GV69"
34220,"1HA69","1HA69"
34221,"1HB69","1HB69"
34222,"1HC69","1HC69"
34223,"1HD69","1HD69"
34224,"1HF69","1HF69"
34225,"1HG69","1HG69"
34226,"1HH69","1HH69"
34227,"1GR66","1GR66"
34228,"1GS66","1GS66"
34229,"1GT66","1GT66"
34230,"1GU66","1GU66"
34231,"1GV66","1GV66"
34232,"1GW66","1GW66"
34233,"1GX66","1GX66"
34234,"1HA66","1HA66"
34235,"1HB66","1HB66"
34236,"1HC66","1HC66"
34237,"1HD66","1HD66"
34238,"1HF66","1HF66"
34239,"1HG66","1HG66"
34240,"1HH66","1HH66"
34241,"1HB68","1HB68"
34242,"1HC68","1HC68"
34243,"1HD68","1HD68"
34244,"1HE68","1HE68"
34245,"1GM66","1GM66"
34246,"1GN66","1GN66"
34247,"1GO66","1GO66"
34248,"1GP66","1GP66"
34249,"1GQ66","1GQ66"
34250,"1GM65","1GM65"
34251,"1GN65","1GN65"
34252,"1GO65","1GO65"
34253,"1GP65","1GP65"
34254,"1GQ65","1GQ65"
34255,"1GR65","1GR65"
34256,"1GS65","1GS65"
34257,"1GT65","1GT65"
34258,"1GU65","1GU65"
34259,"1GV65","1GV65"
34260,"1GW65","1GW65"
34261,"1GX65","1GX65"
34264,"1HK66","1HK66"
34265,"1HL66","1HL66"
34277,"1GP68","1GP68"
34278,"1GQ68","1GQ68"
34285,"1GF67","1GF67"
34286,"1GG67","1GG67"
34287,"1GH67","1GH67"
34288,"1GI67","1GI67"
34289,"1GJ67","1GJ67"
34290,"1GK67","1GK67"
34291,"1GL67","1GL67"
34292,"1GM67","1GM67"
34293,"1GN67","1GN67"
34294,"1GO67","1GO67"
34295,"1GP67","1GP67"
34296,"1GQ67","1GQ67"
34297,"1GR67","1GR67"
34298,"1GS67","1GS67"
34299,"1GT67","1GT67"
34300,"1GU67","1GU67"
34301,"1GV67","1GV67"
34302,"1GW67","1GW67"
34303,"1HB67","1HB67"
34304,"1HD67","1HD67"
34305,"1HE67","1HE67"
34306,"1HF67","1HF67"
34307,"1HH67","1HH67"
34308,"1HI67","1HI67"
34309,"1HK67","1HK67"
34310,"1GF68","1GF68"
34311,"1GG68","1GG68"
34312,"1GH68","1GH68"
34313,"1GI68","1GI68"
34314,"1GJ68","1GJ68"
34315,"1GK68","1GK68"
34316,"1GL68","1GL68"
34317,"1GM68","1GM68"
34318,"1GN68","1GN68"
34319,"1GO68","1GO68"
34322,"1GH66","1GH66"
34323,"1GI66","1GI66"
34324,"1GJ66","1GJ66"
34325,"1GK66","1GK66"
34326,"1GL66","1GL66"
34327,"1GI65","1GI65"
34328,"1GJ65","1GJ65"
34329,"1GK65","1GK65"
34330,"1GL65","1GL65"
34331,"1GK63","1GK63"
34332,"1GL63","1GL63"
34333,"1GM63","1GM63"
34334,"1GN63","1GN63"
34335,"1GO63","1GO63"
34336,"1GP63","1GP63"
34337,"1GQ63","1GQ63"
34338,"1GR63","1GR63"
34339,"1GS63","1GS63"
34340,"1GT63","1GT63"
34341,"1GU63","1GU63"
34349,"1HC65","1HC65"
34350,"1HD65","1HD65"
34351,"1HE65","1HE65"
34352,"1HF65","1HF65"
34353,"1HG65","1HG65"
34354,"1HH65","1HH65"
34355,"1HI65","1HI65"
34356,"1HK65","1HK65"
34357,"1HL65","1HL65"
34384,"1HA65","1HA65"
34385,"1HB65","1HB65"
34386,"1GO64","1GO64"
34387,"1GP64","1GP64"
34388,"1GQ64","1GQ64"
34389,"1GR64","1GR64"
34390,"1GS64","1GS64"
34391,"1GT64","1GT64"
34392,"1GU64","1GU64"
34393,"1GV64","1GV64"
34394,"1GW64","1GW64"
34395,"1GX64","1GX64"
34396,"1GY64","1GY64"
34397,"1GZ64","1GZ64"
34398,"1HB64","1HB64"
34399,"1HC64","1HC64"
34400,"1HE64","1HE64"
34401,"1HF64","1HF64"
34402,"1HH64","1HH64"
34403,"1HI64","1HI64"
34404,"1HK64","1HK64"
34405,"1HL64","1HL64"
34406,"1GH65","1GH65"
34407,"3LZ06","3LZ06"
34408,"3LZ08","3LZ08"
34409,"3LZ09","3LZ09"
34410,"3LZ11","3LZ11"
34411,"3LZ12","3LZ12"
34412,"3LZ14","3LZ14"
34413,"3LZ15","3LZ15"
34414,"3LZ17","3LZ17"
34415,"3LZ18","3LZ18"
34416,"3LZ20","3LZ20"
34417,"3LZ21","3LZ21"
34418,"3LZ23","3LZ23"
34419,"3LZ24","3LZ24"
34420,"3LZ25","3LZ25"
34421,"3LZ26","3LZ26"
34422,"3LZ27","3LZ27"
34423,"3LZ28","3LZ28"
34424,"3LZ29","3LZ29"
34425,"3LZ30","3LZ30"
34426,"3LZ31","3LZ31"
34427,"3LZ32","3LZ32"
34428,"3LZ33","3LZ33"
34429,"3MA01","3MA01"
34430,"3MA02","3MA02"
34431,"3MA03","3MA03"
34432,"3MA04","3MA04"
34433,"3MA05","3MA05"
34434,"3MA06","3MA06"
34435,"3MA07","3MA07"
34436,"3MA08","3MA08"
34437,"3MA09","3MA09"
34438,"3MA10","3MA10"
34439,"3MA11","3MA11"
34440,"3MA12","3MA12"
34441,"3MA13","3MA13"
34442,"3MA14","3MA14"
34443,"3MA15","3MA15"
34444,"3MA17","3MA17"
34445,"3MA18","3MA18"
34446,"3MA20","3MA20"
34447,"3MA21","3MA21"
34448,"3MA23","3MA23"
34449,"3MA24","3MA24"
34450,"3MA26","3MA26"
34451,"3MA27","3MA27"
34452,"3MA29","3MA29"
34453,"3MA30","3MA30"
34454,"3MA32","3MA32"
34455,"3MA33","3MA33"
34456,"3MB02","3MB02"
34457,"3MB03","3MB03"
34458,"3MB05","3MB05"
34459,"3MB06","3MB06"
34460,"3MB08","3MB08"
34461,"3MB09","3MB09"
34462,"3MB11","3MB11"
34463,"3MB12","3MB12"
34464,"3MB14","3MB14"
34465,"3MB15","3MB15"
34466,"3MB17","3MB17"
34467,"3MB18","3MB18"
34468,"3MB19","3MB19"
34469,"3MB20","3MB20"
34470,"3MB21","3MB21"
34471,"3MB22","3MB22"
34472,"3MB23","3MB23"
34473,"3MB24","3MB24"
34474,"3MB25","3MB25"
34475,"3MB26","3MB26"
34476,"3MB27","3MB27"
34477,"3MB28","3MB28"
34478,"3MB29","3MB29"
34479,"3MB30","3MB30"
34480,"3MB31","3MB31"
34481,"3MB32","3MB32"
34482,"3MB33","3MB33"
34483,"3MC01","3MC01"
34484,"3MC02","3MC02"
34485,"3MC03","3MC03"
34486,"3MC04","3MC04"
34487,"3MC05","3MC05"
34488,"3MC06","3MC06"
34489,"3MC07","3MC07"
34490,"3MC09","3MC09"
34491,"3MC10","3MC10"
34492,"3MC12","3MC12"
34493,"3MC13","3MC13"
34494,"3MC15","3MC15"
34495,"3MC16","3MC16"
34496,"3MC18","3MC18"
34497,"3MC19","3MC19"
34498,"3MC21","3MC21"
34499,"3MC22","3MC22"
34500,"3MC24","3MC24"
34501,"3MC25","3MC25"
34502,"3MC27","3MC27"
34503,"3MC29","3MC29"
34504,"3MC30","3MC30"
34505,"3MC32","3MC32"
34506,"3MC33","3MC33"
34508,"1HE36","1HE36"
34509,"1HI36","1HI36"
34510,"1HI39","1HI39"
34511,"1HL45","1HL45"
34512,"1HG51","1HG51"
34513,"1HD54","1HD54"
34514,"1HE60","1HE60"
34515,"1HH60","1HH60"
34517,"1HG63","1HG63"
34518,"1HK63","1HK63"
34519,"1HE66","1HE66"
34520,"1HI66","1HI66"
34522,"1HE69","1HE69"
34523,"1HI69","1HI69"
34524,"1HI72","1HI72"
34525,"3LB01","3LB01"
34526,"3LB04","3LB04"
34527,"3LB07","3LB07"
34528,"3LB10","3LB10"
34529,"3LB13","3LB13"
34530,"3LB16","3LB16"
34531,"3LB19","3LB19"
34532,"3LB22","3LB22"
34533,"3LB25","3LB25"
34534,"3LB28","3LB28"
34535,"3LB31","3LB31"
34536,"3LC01","3LC01"
34537,"3LC28","3LC28"
34538,"3LC31","3LC31"
34539,"3LD01","3LD01"
34540,"3LD04","3LD04"
34541,"3LD07","3LD07"
34542,"3LD10","3LD10"
34543,"3LD13","3LD13"
34544,"3LD16","3LD16"
34545,"3LD19","3LD19"
34546,"3LD22","3LD22"
34547,"3LD25","3LD25"
34548,"3LD28","3LD28"
34549,"3LE22","3LE22"
34550,"3LE25","3LE25"
34551,"3LE28","3LE28"
34552,"3LE31","3LE31"
34553,"3LF01","3LF01"
34554,"3LF04","3LF04"
34555,"3LF07","3LF07"
34556,"3LF10","3LF10"
34557,"3LF13","3LF13"
34558,"3LF16","3LF16"
34559,"3LF19","3LF19"
34560,"3LF22","3LF22"
34561,"3LG16","3LG16"
34562,"3LG19","3LG19"
34563,"3LG22","3LG22"
34564,"3LG25","3LG25"
34565,"3LG28","3LG28"
34566,"3LG31","3LG31"
34567,"3LH01","3LH01"
34568,"3LH04","3LH04"
34569,"3LH07","3LH07"
34570,"3LH10","3LH10"
34571,"3LH13","3LH13"
34572,"3LH16","3LH16"
34573,"3LI10","3LI10"
34574,"3LI13","3LI13"
34575,"3LI16","3LI16"
34576,"3LI19","3LI19"
34577,"3LI22","3LI22"
34578,"3LI25","3LI25"
34579,"3LI28","3LI28"
34580,"3LI31","3LI31"
34581,"3LJ01","3LJ01"
34582,"3LJ04","3LJ04"
34583,"3LJ07","3LJ07"
34584,"3LJ10","3LJ10"
34585,"3LK04","3LK04"
34586,"3LK07","3LK07"
34587,"3LK10","3LK10"
34588,"3LK13","3LK13"
34589,"3LK16","3LK16"
34590,"3LK19","3LK19"
34591,"3LK22","3LK22"
34592,"3LK25","3LK25"
34593,"3LK28","3LK28"
34594,"3LK31","3LK31"
34595,"3LL01","3LL01"
34596,"3LL04","3LL04"
34597,"3LL31","3LL31"
34598,"3LM04","3LM04"
34599,"3LM07","3LM07"
34600,"3LM10","3LM10"
34601,"3LM13","3LM13"
34602,"3LM16","3LM16"
34603,"3LM19","3LM19"
34604,"3LM22","3LM22"
34605,"3LM25","3LM25"
34606,"3LM28","3LM28"
34607,"3LM31","3LM31"
34608,"3LN25","3LN25"
34609,"3LN28","3LN28"
34610,"3LN31","3LN31"
34611,"3LO01","3LO01"
34612,"3LO04","3LO04"
34613,"3LO10","3LO10"
34614,"3LO13","3LO13"
34615,"3LO16","3LO16"
34616,"3LO19","3LO19"
34617,"3LO22","3LO22"
34618,"3LO25","3LO25"
34619,"3LP19","3LP19"
34620,"3LP22","3LP22"
34621,"3LP25","3LP25"
34622,"3LP28","3LP28"
34623,"3LP31","3LP31"
34624,"3LQ01","3LQ01"
34625,"3LQ04","3LQ04"
34626,"3LQ07","3LQ07"
34627,"3LQ10","3LQ10"
34628,"3LQ13","3LQ13"
34629,"3LQ16","3LQ16"
34630,"3LQ19","3LQ19"
34631,"3LR13","3LR13"
34632,"3LR16","3LR16"
34633,"3LR19","3LR19"
34634,"3LR22","3LR22"
34635,"3LR25","3LR25"
34636,"3LR28","3LR28"
34637,"3LR31","3LR31"
34638,"3LS01","3LS01"
34639,"3LS04","3LS04"
34640,"3LS07","3LS07"
34641,"3LS10","3LS10"
34642,"3LT07","3LT07"
34643,"3LT10","3LT10"
34644,"1HK51","1HK51"
34645,"1HL51","1HL51"
34668,"1GK52","1GK52"
34669,"1GL52","1GL52"
34670,"1GM52","1GM52"
34671,"1GN52","1GN52"
34672,"1GO52","1GO52"
34673,"1GP52","1GP52"
34674,"1GQ52","1GQ52"
34675,"1GR52","1GR52"
34676,"1GS52","1GS52"
34677,"1HD51","1HD51"
34678,"1HE51","1HE51"
34679,"1GV50","1GV50"
34680,"1GW50","1GW50"
34681,"1GX50","1GX50"
34682,"1GY50","1GY50"
34683,"1HK48","1HK48"
34684,"1HL48","1HL48"
34701,"1GM51","1GM51"
34702,"1GN51","1GN51"
34703,"1GO51","1GO51"
34704,"1GP51","1GP51"
34705,"1GQ51","1GQ51"
34706,"1GR51","1GR51"
34707,"1GS51","1GS51"
34708,"1GT51","1GT51"
34709,"1GU51","1GU51"
34710,"1GV51","1GV51"
34711,"1GW51","1GW51"
34712,"1GX51","1GX51"
34713,"1GY51","1GY51"
34714,"1GZ51","1GZ51"
34715,"1HA51","1HA51"
34716,"1HB51","1HB51"
34718,"1GK48","1GK48"
34719,"1GL48","1GL48"
34720,"1GM48","1GM48"
34721,"1GN48","1GN48"
34722,"1GO48","1GO48"
34723,"1GP48","1GP48"
34724,"1GR48","1GR48"
34725,"1GK49","1GK49"
34726,"1GL49","1GL49"
34727,"1GM49","1GM49"
34728,"1GN49","1GN49"
34729,"1GO49","1GO49"
34730,"1GP49","1GP49"
34731,"1GQ49","1GQ49"
34732,"1GR49","1GR49"
34733,"1GS49","1GS49"
34734,"1GT49","1GT49"
34735,"1GU49","1GU49"
34736,"1GV49","1GV49"
34737,"1GW49","1GW49"
34738,"1GX49","1GX49"
34739,"1GY49","1GY49"
34740,"1GZ49","1GZ49"
34741,"1HA49","1HA49"
34742,"1HB49","1HB49"
34743,"1HC49","1HC49"
34744,"1HD49","1HD49"
34745,"1HE49","1HE49"
34746,"1HF49","1HF49"
34747,"1HH49","1HH49"
34748,"1HJ49","1HJ49"
34749,"1GL45","1GL45"
34750,"1GM45","1GM45"
34751,"1GN45","1GN45"
34752,"1HH44","1HH44"
34753,"1HK44","1HK44"
34754,"1GL43","1GL43"
34755,"1GM43","1GM43"
34756,"1GN43","1GN43"
34757,"1GQ43","1GQ43"
34758,"1GR43","1GR43"
34759,"1GS43","1GS43"
34760,"1GT43","1GT43"
34761,"1GU43","1GU43"
34762,"1GV43","1GV43"
34763,"1GW43","1GW43"
34764,"1GY43","1GY43"
34765,"1GZ43","1GZ43"
34766,"1HB43","1HB43"
34767,"1HD43","1HD43"
34768,"1HE43","1HE43"
34769,"1HF43","1HF43"
34775,"1GK21","1GK21"
34776,"1GL21","1GL21"
34782,"1GX02","1GX02"
34804,"1GP17","1GP17"
34805,"1GQ17","1GQ17"
34806,"1GR17","1GR17"
34807,"1GS17","1GS17"
34808,"1GM18","1GM18"
34809,"1GN18","1GN18"
34810,"1GO18","1GO18"
34811,"1GP18","1GP18"
34812,"1GQ18","1GQ18"
34813,"1GR18","1GR18"
34814,"1GS18","1GS18"
34815,"1GL19","1GL19"
34816,"1GM19","1GM19"
34817,"1GN19","1GN19"
34818,"1GO19","1GO19"
34819,"1GP19","1GP19"
34820,"1GQ19","1GQ19"
34821,"1GR19","1GR19"
34822,"1GL20","1GL20"
34823,"1GM20","1GM20"
34824,"1GN20","1GN20"
34825,"1GO20","1GO20"
34826,"1GP20","1GP20"
34827,"1GQ20","1GQ20"
34828,"1GR20","1GR20"
34870,"1GR09","1GR09"
34890,"1GW03","1GW03"
34891,"1GX03","1GX03"
34903,"1GV04","1GV04"
34904,"1GW04","1GW04"
34905,"1GX04","1GX04"
34906,"1GU05","1GU05"
34907,"1GV05","1GV05"
34908,"1GW05","1GW05"
34909,"1GX05","1GX05"
34910,"1GT06","1GT06"
34911,"1GU06","1GU06"
34912,"1GV06","1GV06"
34913,"1GW06","1GW06"
34914,"1GS07","1GS07"
34915,"1GT07","1GT07"
34916,"1GU07","1GU07"
34917,"1GV07","1GV07"
34918,"1GS08","1GS08"
34919,"1GT08","1GT08"
34920,"1GU08","1GU08"
34921,"1GV08","1GV08"
34933,"3LR33","3LR33"
34934,"3LS02","3LS02"
34936,"1HH43","1HH43"
34937,"1HI43","1HI43"
34938,"1HK43","1HK43"
34939,"1GK44","1GK44"
34940,"1GL44","1GL44"
34941,"1GM44","1GM44"
34942,"1GN44","1GN44"
34943,"1GO44","1GO44"
34944,"1GR44","1GR44"
34945,"1GS44","1GS44"
34946,"1GT44","1GT44"
34947,"1GU44","1GU44"
34948,"1GV44","1GV44"
34949,"1GW44","1GW44"
34950,"1GX44","1GX44"
34951,"1GY44","1GY44"
34952,"1GZ44","1GZ44"
34953,"1HA44","1HA44"
34954,"1HB44","1HB44"
34955,"1HC44","1HC44"
34956,"1HD44","1HD44"
34957,"1HE44","1HE44"
34958,"1HF44","1HF44"
34959,"1HG44","1HG44"
34962,"1GK43","1GK43"
34966,"1GK42","1GK42"
34967,"1GL42","1GL42"
34968,"1GM42","1GM42"
34969,"1GN42","1GN42"
34970,"1GQ42","1GQ42"
34971,"1GR42","1GR42"
34972,"1GS42","1GS42"
34973,"1GT42","1GT42"
34974,"1GU42","1GU42"
34980,"1HK38","1HK38"
34981,"1GK39","1GK39"
34982,"1GL39","1GL39"
34983,"1GM39","1GM39"
34984,"1GO39","1GO39"
34985,"1GP39","1GP39"
34986,"1GQ39","1GQ39"
34987,"1GR39","1GR39"
34988,"1GS39","1GS39"
34989,"1GT39","1GT39"
34990,"1GU39","1GU39"
34991,"1GT40","1GT40"
34992,"1GU40","1GU40"
34993,"1GW40","1GW40"
34994,"1GX40","1GX40"
35002,"1HC40","1HC40"
35003,"1HE40","1HE40"
35004,"1HF40","1HF40"
35005,"1HH40","1HH40"
35006,"1HI40","1HI40"
35007,"1HJ40","1HJ40"
35008,"1HK40","1HK40"
35009,"1HL40","1HL40"
35010,"1GK41","1GK41"
35011,"1GL41","1GL41"
35012,"1GM41","1GM41"
35013,"1GN41","1GN41"
35014,"1GQ41","1GQ41"
35015,"1GR41","1GR41"
35016,"1GS41","1GS41"
35017,"1GT41","1GT41"
35018,"1GU41","1GU41"
35019,"1GV41","1GV41"
35020,"1GW41","1GW41"
35021,"1GX41","1GX41"
35022,"1GY41","1GY41"
35023,"1GZ41","1GZ41"
35024,"1HA41","1HA41"
35025,"1HB41","1HB41"
35026,"1HC41","1HC41"
35027,"1HD41","1HD41"
35028,"1HE41","1HE41"
35029,"1HF41","1HF41"
35030,"1HG41","1HG41"
35031,"1HH41","1HH41"
35032,"1HI41","1HI41"
35033,"1HJ41","1HJ41"
35034,"1HK41","1HK41"
35035,"1HL41","1HL41"
35037,"1GY40","1GY40"
35038,"1HA40","1HA40"
35039,"1HB40","1HB40"
35054,"1GT38","1GT38"
35055,"1GU38","1GU38"
35056,"1GV38","1GV38"
35057,"1GW38","1GW38"
35058,"1GX38","1GX38"
35059,"1GY38","1GY38"
35060,"1GZ38","1GZ38"
35061,"1HA38","1HA38"
35071,"1HE38","1HE38"
35072,"1HF38","1HF38"
35073,"1HG38","1HG38"
35074,"1HH38","1HH38"
35075,"1HI38","1HI38"
35076,"1HJ38","1HJ38"
35078,"1HH36","1HH36"
35079,"1HJ36","1HJ36"
35081,"1GX35","1GX35"
35082,"1GY35","1GY35"
35083,"1GZ35","1GZ35"
35084,"1HA35","1HA35"
35085,"1GV39","1GV39"
35086,"1GW39","1GW39"
35087,"1GX39","1GX39"
35088,"1GY39","1GY39"
35089,"1GZ39","1GZ39"
35090,"1HA39","1HA39"
35091,"1HB39","1HB39"
35092,"1HC39","1HC39"
35093,"1HD39","1HD39"
35094,"1HE39","1HE39"
35095,"1HF39","1HF39"
35096,"1HG39","1HG39"
35097,"1HH39","1HH39"
35098,"1HJ39","1HJ39"
35099,"1HK39","1HK39"
35102,"1HB38","1HB38"
35103,"1HC38","1HC38"
35104,"1HD38","1HD38"
35122,"1GK38","1GK38"
35123,"1GL38","1GL38"
35124,"1GM38","1GM38"
35125,"1GO38","1GO38"
35126,"1GP38","1GP38"
35127,"1GQ38","1GQ38"
35128,"1GR38","1GR38"
35129,"1GS38","1GS38"
35130,"1HG36","1HG36"
35131,"1GU35","1GU35"
35132,"1GV35","1GV35"
35133,"1GW35","1GW35"
35143,"1GK34","1GK34"
35144,"1GL34","1GL34"
35145,"1GM34","1GM34"
35146,"1GN34","1GN34"
35156,"1GK37","1GK37"
35157,"1GL37","1GL37"
35158,"1GM37","1GM37"
35159,"1GN37","1GN37"
35160,"1GO37","1GO37"
35161,"1GP37","1GP37"
35162,"1GQ37","1GQ37"
35163,"1GR37","1GR37"
35164,"1GS37","1GS37"
35165,"1GT37","1GT37"
35166,"1GV37","1GV37"
35167,"1GX37","1GX37"
35168,"1GY37","1GY37"
35169,"1GZ37","1GZ37"
35170,"1HB37","1HB37"
35171,"1HC37","1HC37"
35172,"1HE37","1HE37"
35173,"1HF37","1HF37"
35174,"1HG37","1HG37"
35175,"1HH37","1HH37"
35176,"1HI37","1HI37"
35177,"1HJ37","1HJ37"
35178,"1HK37","1HK37"
35180,"1GZ33","1GZ33"
35181,"1HA33","1HA33"
35182,"1HB33","1HB33"
35183,"1HC33","1HC33"
35184,"1HD33","1HD33"
35185,"1HE33","1HE33"
35186,"1HB35","1HB35"
35187,"1HC35","1HC35"
35188,"1HD35","1HD35"
35189,"1HE35","1HE35"
35190,"1HF35","1HF35"
35191,"1HG35","1HG35"
35192,"1HH35","1HH35"
35193,"1HI35","1HI35"
35194,"1GK36","1GK36"
35195,"1GL36","1GL36"
35196,"1GM36","1GM36"
35197,"1GN36","1GN36"
35198,"1GO36","1GO36"
35199,"1GP36","1GP36"
35200,"1GQ36","1GQ36"
35201,"1GR36","1GR36"
35202,"1GS36","1GS36"
35203,"1GT36","1GT36"
35204,"1GU36","1GU36"
35205,"1GV36","1GV36"
35206,"1GW36","1GW36"
35207,"1GX36","1GX36"
35208,"1GY36","1GY36"
35209,"1GZ36","1GZ36"
35210,"1HA36","1HA36"
35211,"1HB36","1HB36"
35212,"1HC36","1HC36"
35213,"1HD36","1HD36"
35214,"1HF36","1HF36"
35215,"1GL31","1GL31"
35216,"1GM31","1GM31"
35217,"1GN31","1GN31"
35218,"1GO31","1GO31"
35219,"1GP31","1GP31"
35220,"1GQ31","1GQ31"
35221,"1GW31","1GW31"
35222,"1GX31","1GX31"
35223,"1GY31","1GY31"
35224,"1HA31","1HA31"
35225,"1HB31","1HB31"
35226,"1HC31","1HC31"
35232,"1GO34","1GO34"
35233,"1GP34","1GP34"
35234,"1GQ34","1GQ34"
35235,"1GR34","1GR34"
35236,"1GS34","1GS34"
35237,"1GT34","1GT34"
35238,"1GV34","1GV34"
35239,"1GW34","1GW34"
35240,"1GX34","1GX34"
35241,"1GY34","1GY34"
35242,"1HA34","1HA34"
35243,"1HB34","1HB34"
35244,"1HC34","1HC34"
35245,"1HE34","1HE34"
35246,"1HG34","1HG34"
35247,"1HH34","1HH34"
35248,"1HI34","1HI34"
35249,"1GK35","1GK35"
35250,"1GL35","1GL35"
35251,"1GM35","1GM35"
35252,"1GN35","1GN35"
35253,"1GO35","1GO35"
35254,"1GP35","1GP35"
35255,"1GQ35","1GQ35"
35256,"1GR35","1GR35"
35257,"1GS35","1GS35"
35258,"1GT35","1GT35"
35262,"1GZ32","1GZ32"
35263,"1HA32","1HA32"
35264,"1HB32","1HB32"
35265,"1HC32","1HC32"
35266,"1HD32","1HD32"
35267,"1HE32","1HE32"
35268,"1HF32","1HF32"
35269,"1HG32","1HG32"
35270,"1GK33","1GK33"
35271,"1GL33","1GL33"
35272,"1GM33","1GM33"
35273,"1GN33","1GN33"
35274,"1GO33","1GO33"
35275,"1GP33","1GP33"
35276,"1GQ33","1GQ33"
35277,"1GR33","1GR33"
35278,"1GS33","1GS33"
35279,"1GV33","1GV33"
35280,"1GW33","1GW33"
35281,"1GX33","1GX33"
35282,"1GY33","1GY33"
35283,"1GK27","1GK27"
35284,"1GL27","1GL27"
35285,"1GM27","1GM27"
35286,"1GN27","1GN27"
35287,"1GO27","1GO27"
35288,"1GP27","1GP27"
35289,"1HF33","1HF33"
35290,"1HG33","1HG33"
35291,"1HH33","1HH33"
35292,"1HI33","1HI33"
35297,"1GW32","1GW32"
35298,"1GX32","1GX32"
35299,"1GY32","1GY32"
35300,"1GK31","1GK31"
35301,"1GO26","1GO26"
35302,"1GP26","1GP26"
35303,"1GQ26","1GQ26"
35304,"1GX26","1GX26"
35305,"1GY26","1GY26"
35306,"1GZ26","1GZ26"
35307,"1GK22","1GK22"
35308,"1GL22","1GL22"
35309,"1GM22","1GM22"
35310,"1GN22","1GN22"
35311,"1GO22","1GO22"
35312,"1GQ27","1GQ27"
35313,"1GX27","1GX27"
35314,"1GY27","1GY27"
35315,"1GZ27","1GZ27"
35316,"1HA27","1HA27"
35317,"1HD27","1HD27"
35318,"1GK28","1GK28"
35329,"1GK32","1GK32"
35330,"1GL32","1GL32"
35331,"1GM32","1GM32"
35332,"1GN32","1GN32"
35333,"1GO32","1GO32"
35334,"1GP32","1GP32"
35335,"1GQ32","1GQ32"
35336,"1GR32","1GR32"
35341,"1GK30","1GK30"
35342,"1GL30","1GL30"
35343,"1GM30","1GM30"
35344,"1GN30","1GN30"
35345,"1GO30","1GO30"
35346,"1GP30","1GP30"
35347,"1GQ30","1GQ30"
35348,"1GX30","1GX30"
35349,"1GY30","1GY30"
35350,"1GZ30","1GZ30"
35351,"1HC30","1HC30"
35352,"1HD30","1HD30"
35380,"1GY29","1GY29"
35381,"1GZ29","1GZ29"
35382,"1HD29","1HD29"
35383,"1GN26","1GN26"
35384,"1GM21","1GM21"
35385,"1GN21","1GN21"
35386,"1GO21","1GO21"
35387,"1GP21","1GP21"
35388,"1GQ21","1GQ21"
35389,"1GR21","1GR21"
35393,"1GP22","1GP22"
35394,"1GQ22","1GQ22"
35395,"1GR22","1GR22"
35398,"1GL28","1GL28"
35399,"1GM28","1GM28"
35400,"1GN28","1GN28"
35401,"1GO28","1GO28"
35402,"1GP28","1GP28"
35403,"1GQ28","1GQ28"
35404,"1GX28","1GX28"
35405,"1GZ28","1GZ28"
35406,"1HD28","1HD28"
35407,"1GK29","1GK29"
35408,"1GL29","1GL29"
35409,"1GM29","1GM29"
35410,"1GN29","1GN29"
35411,"1GO29","1GO29"
35412,"1GP29","1GP29"
35413,"1GQ29","1GQ29"
35414,"1GX29","1GX29"
35415,"1GK26","1GK26"
35416,"1GL26","1GL26"
35417,"1GM26","1GM26"
35433,"1GK23","1GK23"
35434,"1GL23","1GL23"
35435,"1GM23","1GM23"
35436,"1GN23","1GN23"
35437,"1GO23","1GO23"
35438,"1GP23","1GP23"
35439,"1GQ23","1GQ23"
35440,"1GK24","1GK24"
35441,"1GL24","1GL24"
35442,"1GM24","1GM24"
35443,"1GN24","1GN24"
35444,"1GO24","1GO24"
35445,"1GP24","1GP24"
35446,"1GQ24","1GQ24"
35447,"1GK25","1GK25"
35448,"1GL25","1GL25"
35449,"1GM25","1GM25"
35450,"1GN25","1GN25"
35451,"1GO25","1GO25"
35452,"1GP25","1GP25"
35453,"1GQ25","1GQ25"
35454,"1GW25","1GW25"
35455,"1GX25","1GX25"
35456,"1GY25","1GY25"
35462,"1HD57","1HD57"
35463,"1HE57","1HE57"
35464,"1HH57","1HH57"
35465,"1HI57","1HI57"
35466,"1HK57","1HK57"
35482,"1GM57","1GM57"
35483,"1GN57","1GN57"
35484,"1GO56","1GO56"
35485,"1GP56","1GP56"
35486,"1GQ56","1GQ56"
35487,"1GR56","1GR56"
35488,"1GS56","1GS56"
35489,"1GT56","1GT56"
35490,"1GU56","1GU56"
35491,"1GV56","1GV56"
35492,"1GW56","1GW56"
35493,"1GX56","1GX56"
35494,"1GL46","1GL46"
35495,"1GM46","1GM46"
35511,"1GK47","1GK47"
35512,"1GL47","1GL47"
35513,"1GM47","1GM47"
35514,"1GN47","1GN47"
35515,"1GO47","1GO47"
35516,"1GP47","1GP47"
35517,"1GR47","1GR47"
35518,"1GS47","1GS47"
35521,"1GS45","1GS45"
35522,"1GT45","1GT45"
35523,"1GU45","1GU45"
35524,"1GV45","1GV45"
35525,"1GW45","1GW45"
35526,"1GX45","1GX45"
35527,"1GY45","1GY45"
35528,"1GZ45","1GZ45"
35529,"1HA45","1HA45"
35530,"1HB45","1HB45"
35531,"1HC45","1HC45"
35532,"1HD45","1HD45"
35533,"1HE45","1HE45"
35534,"1HF45","1HF45"
35535,"1HG45","1HG45"
35536,"1HH45","1HH45"
35537,"1HI45","1HI45"
35538,"1HJ45","1HJ45"
35539,"1HK45","1HK45"
35556,"1GO45","1GO45"
35557,"1GR45","1GR45"
35558,"1HL44","1HL44"
35561,"1HA42","1HA42"
35562,"1HB42","1HB42"
35563,"1HC42","1HC42"
35564,"1HD42","1HD42"
35565,"1HE42","1HE42"
35566,"1HF42","1HF42"
35567,"1HG42","1HG42"
35568,"1HH42","1HH42"
35569,"1HI42","1HI42"
35570,"1HJ42","1HJ42"
35571,"1HK42","1HK42"
35575,"1GV42","1GV42"
35576,"1GW42","1GW42"
35577,"1GX42","1GX42"
35578,"1GY42","1GY42"
35579,"1GZ42","1GZ42"
35585,"1GK40","1GK40"
35586,"1GL40","1GL40"
35587,"1GM40","1GM40"
35588,"1GN40","1GN40"
35589,"1GP40","1GP40"
35590,"1GQ40","1GQ40"
35591,"1GR40","1GR40"
35592,"1GS40","1GS40"
35593,"1HL42","1HL42"
35597,"1GK45","1GK45"
35598,"3LZ02","3LZ02"
35599,"3LZ03","3LZ03"
35600,"3LZ05","3LZ05"
35601,"3LT13","3LT13"
35602,"3LT16","3LT16"
35603,"3LT19","3LT19"
35604,"3LT22","3LT22"
35605,"3LT25","3LT25"
35606,"3LT28","3LT28"
35607,"3LT31","3LT31"
35608,"3LU01","3LU01"
35609,"3LU04","3LU04"
35610,"3LU07","3LU07"
35611,"3LV01","3LV01"
35612,"3LV04","3LV04"
35613,"3LV07","3LV07"
35614,"3LV10","3LV10"
35615,"3LV13","3LV13"
35616,"3LV16","3LV16"
35617,"3LV19","3LV19"
35618,"3LV22","3LV22"
35619,"3LV25","3LV25"
35620,"3LV28","3LV28"
35621,"3LV31","3LV31"
35622,"3LW01","3LW01"
35623,"3LW28","3LW28"
35624,"3LW31","3LW31"
35625,"3LX01","3LX01"
35626,"3LX04","3LX04"
35627,"3LX10","3LX10"
35628,"3LX13","3LX13"
35629,"3LX16","3LX16"
35630,"3LX19","3LX19"
35631,"3LX22","3LX22"
35632,"3LX25","3LX25"
35633,"3LX28","3LX28"
35634,"3LY22","3LY22"
35635,"3LY25","3LY25"
35636,"3LY28","3LY28"
35637,"3LY31","3LY31"
35638,"3LZ01","3LZ01"
35639,"3LZ04","3LZ04"
35640,"3LZ07","3LZ07"
35641,"3LZ10","3LZ10"
35642,"3LZ13","3LZ13"
35643,"3LZ16","3LZ16"
35644,"3LZ19","3LZ19"
35645,"3LZ22","3LZ22"
35646,"3MA16","3MA16"
35647,"3MA19","3MA19"
35648,"3MA22","3MA22"
35649,"3MA25","3MA25"
35650,"3MA28","3MA28"
35651,"3MA31","3MA31"
35652,"3MB01","3MB01"
35653,"3MB04","3MB04"
35654,"3MB07","3MB07"
35655,"3MB10","3MB10"
35656,"3MB13","3MB13"
35657,"3MB16","3MB16"
35658,"3MC08","3MC08"
35659,"3MC11","3MC11"
35660,"3MC14","3MC14"
35661,"3MC17","3MC17"
35662,"3MC20","3MC20"
35663,"3MC23","3MC23"
35664,"3MC26","3MC26"
35665,"3MC28","3MC28"
35666,"3MC31","3MC31"
35667,"3LS13","3LS13"
35668,"3LM01","3LM01"
35669,"3LO07","3LO07"
35670,"3LX07","3LX07"
35671,"1II27","1II27"
35672,"1II28","1II28"
35673,"1GG66","1GG66"
35674,"1GN17","1GN17"
35675,"1GQ10","1GQ10"
35676,"1GQ44","1GQ44"
35677,"1GU70","1GU70"
35678,"1GW01","1GW01"
35679,"1GX01","1GX01"
35680,"1GX06","1GX06"
35681,"1GX21","1GX21"
35682,"1GX22","1GX22"
35683,"1GX23","1GX23"
35684,"1GX24","1GX24"
35685,"1HE31","1HE31"
35686,"1HF31","1HF31"
35687,"1HJ61","1HJ61"
35688,"1HJ62","1HJ62"
35689,"1HJ63","1HJ63"
35690,"1HJ64","1HJ64"
35691,"1HJ65","1HJ65"
35692,"1HJ66","1HJ66"
35693,"1HJ67","1HJ67"
35694,"1HJ68","1HJ68"
35695,"1HJ69","1HJ69"
35696,"3MD01","3MD01"
35697,"3MD02","3MD02"
35698,"3MD03","3MD03"
35699,"3MD04","3MD04"
35700,"3MD05","3MD05"
35701,"3MD06","3MD06"
35702,"3MD07","3MD07"
35703,"3MD08","3MD08"
35704,"3MD09","3MD09"
35705,"1GY56","1GY56"
35706,"1GZ56","1GZ56"
35707,"1HA56","1HA56"
35708,"1HB56","1HB56"
35709,"1HC56","1HC56"
35710,"1HD56","1HD56"
35711,"1HE56","1HE56"
35712,"1HK56","1HK56"
35713,"1HL56","1HL56"
35724,"1GQ54","1GQ54"
35727,"1GV52","1GV52"
35728,"1GW52","1GW52"
35729,"1GY52","1GY52"
35730,"1GZ52","1GZ52"
35731,"1HB52","1HB52"
35732,"1GN54","1GN54"
35733,"1GO54","1GO54"
35734,"1GP54","1GP54"
35735,"1HL50","1HL50"
35736,"1GK51","1GK51"
35737,"1GL51","1GL51"
35738,"1GN53","1GN53"
35739,"1GO53","1GO53"
35740,"1GP53","1GP53"
35741,"1GQ53","1GQ53"
35742,"1GR53","1GR53"
35743,"1GS53","1GS53"
35744,"1GT53","1GT53"
35745,"1GU53","1GU53"
35746,"1GV53","1GV53"
35747,"1GW53","1GW53"
35748,"1HL52","1HL52"
35749,"1GK53","1GK53"
35750,"1GL53","1GL53"
35751,"1GM53","1GM53"
35752,"1HF54","1HF54"
35753,"1HG54","1HG54"
35754,"1HH54","1HH54"
35756,"1GK55","1GK55"
35757,"1GL55","1GL55"
35758,"1GM55","1GM55"
35759,"1GN55","1GN55"
35760,"1GO55","1GO55"
35761,"1GP55","1GP55"
35762,"1GQ55","1GQ55"
35763,"1GR55","1GR55"
35764,"1GS55","1GS55"
35765,"1GT55","1GT55"
35766,"1GU55","1GU55"
35767,"1GV55","1GV55"
35768,"1GX55","1GX55"
35769,"1GY55","1GY55"
35770,"1GZ55","1GZ55"
35771,"1HA55","1HA55"
35772,"1HB55","1HB55"
35773,"1HC55","1HC55"
35774,"1HD55","1HD55"
35775,"1HE55","1HE55"
35776,"1HF55","1HF55"
35777,"1HG55","1HG55"
35778,"1HK55","1HK55"
35779,"1HL55","1HL55"
35780,"1GK56","1GK56"
35781,"1GL56","1GL56"
35782,"1GR54","1GR54"
35783,"1GS54","1GS54"
35811,"1GK54","1GK54"
35812,"1GL54","1GL54"
35813,"1GM54","1GM54"
35814,"1GZ50","1GZ50"
35815,"1HA50","1HA50"
35816,"1HB50","1HB50"
35817,"1HC50","1HC50"
35818,"1HD50","1HD50"
35819,"1HE50","1HE50"
35820,"1HF50","1HF50"
35821,"1HG50","1HG50"
35822,"1HH50","1HH50"
35823,"1HI50","1HI50"
35824,"1HJ50","1HJ50"
35825,"1HK50","1HK50"
35826,"1HC51","1HC51"
35827,"1GT50","1GT50"
35828,"1GU50","1GU50"
35837,"1GX53","1GX53"
35838,"1GY53","1GY53"
35839,"1GZ53","1GZ53"
35840,"1HA53","1HA53"
35841,"1HB53","1HB53"
35842,"1HC53","1HC53"
35843,"3MD28","3MD28"
35844,"3MD31","3MD31"
35845,"3ME01","3ME01"
35846,"3ME02","3ME02"
35847,"3ME03","3ME03"
35848,"3ME04","3ME04"
35849,"3ME05","3ME05"
35850,"3ME06","3ME06"
35851,"3ME07","3ME07"
35852,"3ME08","3ME08"
35853,"3ME09","3ME09"
35854,"3ME11","3ME11"
35855,"3ME12","3ME12"
35856,"3ME13","3ME13"
35857,"3ME15","3ME15"
35858,"3ME17","3ME17"
35859,"3ME20","3ME20"
35860,"3ME21","3ME21"
35861,"3ME24","3ME24"
35862,"3ME26","3ME26"
35863,"3ME29","3ME29"
35864,"3ME30","3ME30"
35865,"3ME32","3ME32"
35866,"3ME33","3ME33"
35867,"3ME16","3ME16"
35868,"3ME19","3ME19"
35869,"3ME22","3ME22"
35870,"3ME25","3ME25"
35871,"3ME28","3ME28"
35872,"3ME31","3ME31"
35873,"3MF01","3MF01"
35874,"3MF02","3MF02"
35875,"3MF03","3MF03"
35876,"3MF04","3MF04"
35877,"3MF05","3MF05"
35878,"3MF06","3MF06"
35879,"3MF07","3MF07"
35880,"3MF08","3MF08"
35881,"3MF09","3MF09"
35882,"3MF10","3MF10"
35883,"3MF11","3MF11"
35884,"3MF12","3MF12"
35885,"3MF13","3MF13"
35886,"3MF14","3MF14"
35887,"3MF15","3MF15"
35888,"3MF17","3MF17"
35889,"3MF18","3MF18"
35890,"3MF20","3MF20"
35891,"3MF21","3MF21"
35892,"3MF23","3MF23"
35893,"3MF24","3MF24"
35894,"3MF26","3MF26"
35895,"3MF27","3MF27"
35896,"3MF29","3MF29"
35897,"3MF30","3MF30"
35898,"3MF32","3MF32"
35899,"3MF33","3MF33"
35900,"3MF16","3MF16"
35901,"3MF19","3MF19"
35902,"3MF22","3MF22"
35903,"3MF25","3MF25"
35904,"3MF28","3MF28"
35905,"3MF31","3MF31"
35906,"3ME10","3ME10"
35907,"3ME14","3ME14"
35908,"3ME18","3ME18"
35909,"3ME23","3ME23"
35910,"3ME27","3ME27"
35911,"1GY24","1GY24"
35912,"1GY23","1GY23"
35913,"1GZ01","1GZ01"
35914,"1GZ02","1GZ02"
35915,"1GZ03","1GZ03"
35916,"1HA01","1HA01"
35917,"1HA02","1HA02"
35918,"1HA03","1HA03"
35919,"1II36","1II36"
35920,"1II29","1II29"
35921,"1II30","1II30"
35922,"1II31","1II31"
35923,"1II32","1II32"
35924,"1II33","1II33"
35925,"1II34","1II34"
35926,"1II35","1II35"
35927,"1II37","1II37"
35928,"1II38","1II38"
35929,"1II39","1II39"
35930,"1II40","1II40"
35931,"1IJ36","1IJ36"
35932,"1IJ27","1IJ27"
35933,"1IJ28","1IJ28"
35934,"1IJ29","1IJ29"
35935,"1IJ30","1IJ30"
35936,"1IJ31","1IJ31"
35937,"1IJ32","1IJ32"
35938,"1IJ33","1IJ33"
35939,"1IJ34","1IJ34"
35940,"1IJ35","1IJ35"
35941,"1IJ37","1IJ37"
35942,"1IJ38","1IJ38"
35943,"1IJ39","1IJ39"
35944,"1IJ40","1IJ40"
35945,"1IK36","1IK36"
35946,"1IK27","1IK27"
35947,"1IK28","1IK28"
35948,"1IK29","1IK29"
35949,"1IK30","1IK30"
35950,"1IK31","1IK31"
35951,"1IK32","1IK32"
35952,"1IK33","1IK33"
35953,"1IK34","1IK34"
35954,"1IK35","1IK35"
35955,"1IK37","1IK37"
35956,"1IK38","1IK38"
35957,"1IK39","1IK39"
35958,"1IK40","1IK40"
35959,"1IL36","1IL36"
35960,"1IL27","1IL27"
35961,"1IL28","1IL28"
35962,"1IL29","1IL29"
35963,"1IL30","1IL30"
35964,"1IL31","1IL31"
35965,"1IL32","1IL32"
35966,"1IL33","1IL33"
35967,"1IL34","1IL34"
35968,"1IL35","1IL35"
35969,"1IL37","1IL37"
35970,"1IL38","1IL38"
35971,"1IM36","1IM36"
35972,"1IM27","1IM27"
35973,"1IM28","1IM28"
35974,"1IM29","1IM29"
35975,"1IM30","1IM30"
35976,"1IM31","1IM31"
35977,"1IM32","1IM32"
35978,"1IM33","1IM33"
35979,"1IM34","1IM34"
35980,"1IM35","1IM35"
35981,"1IM37","1IM37"
35982,"1IM38","1IM38"
35983,"1IN27","1IN27"
35984,"1IN28","1IN28"
35985,"1IN29","1IN29"
35986,"1IN30","1IN30"
35987,"1IN31","1IN31"
35988,"1IN32","1IN32"
35989,"1IN33","1IN33"
35990,"1IN34","1IN34"
35991,"1IN35","1IN35"
35992,"1IO27","1IO27"
35993,"1IO28","1IO28"
35994,"1IO29","1IO29"
35995,"1IO30","1IO30"
35996,"1IO31","1IO31"
35997,"1IP27","1IP27"
35998,"1IP28","1IP28"
35999,"1IP29","1IP29"
36000,"1IQ27","1IQ27"
36001,"1IQ28","1IQ28"
36002,"1IQ29","1IQ29"
36003,"1GY01","1GY01"
36004,"1GY02","1GY02"
36005,"1GY03","1GY03"
36006,"1GY04","1GY04"
36007,"3LS03","3LS03"
36008,"3LS05","3LS05"
36009,"3LS06","3LS06"
36010,"3LS08","3LS08"
36011,"3LS09","3LS09"
36012,"3LS11","3LS11"
36013,"3LS12","3LS12"
36014,"3LS14","3LS14"
36015,"3LS15","3LS15"
36016,"3LS16","3LS16"
36017,"3LS17","3LS17"
36018,"3LS18","3LS18"
36019,"3LS19","3LS19"
36020,"3LS20","3LS20"
36021,"3LS21","3LS21"
36022,"1GQ16","1GQ16"
36023,"1GR16","1GR16"
36024,"1GS16","1GS16"
36025,"1GO17","1GO17"
36026,"3LP15","3LP15"
36027,"3LP16","3LP16"
36028,"3LP17","3LP17"
36029,"3LP18","3LP18"
36030,"3LP20","3LP20"
36031,"3LP21","3LP21"
36032,"3LP23","3LP23"
36033,"3LP24","3LP24"
36034,"3LP26","3LP26"
36035,"3LP27","3LP27"
36036,"3LP29","3LP29"
36037,"3LP30","3LP30"
36038,"3LP32","3LP32"
36039,"3LP33","3LP33"
36040,"3LQ02","3LQ02"
36041,"3LQ03","3LQ03"
36042,"3LQ05","3LQ05"
36043,"3LQ06","3LQ06"
36044,"3LQ08","3LQ08"
36045,"3LQ09","3LQ09"
36046,"3LQ11","3LQ11"
36047,"3LQ12","3LQ12"
36048,"3LQ14","3LQ14"
36049,"3LQ15","3LQ15"
36050,"3LQ17","3LQ17"
36051,"3LQ18","3LQ18"
36052,"3LQ20","3LQ20"
36053,"3LQ21","3LQ21"
36054,"3LQ22","3LQ22"
36055,"3LQ23","3LQ23"
36056,"3LQ24","3LQ24"
36057,"3LQ25","3LQ25"
36058,"3LQ26","3LQ26"
36059,"3LQ27","3LQ27"
36060,"3LQ28","3LQ28"
36061,"3LQ29","3LQ29"
36062,"3LQ30","3LQ30"
36063,"3LQ31","3LQ31"
36064,"3LQ32","3LQ32"
36065,"3LQ33","3LQ33"
36066,"3LR01","3LR01"
36067,"3LR02","3LR02"
36068,"3LR03","3LR03"
36069,"3LR04","3LR04"
36070,"3LR05","3LR05"
36071,"3LR06","3LR06"
36072,"3LR07","3LR07"
36073,"3LR08","3LR08"
36074,"3LR09","3LR09"
36075,"3LR10","3LR10"
36076,"3LR11","3LR11"
36077,"3LR12","3LR12"
36078,"3LR14","3LR14"
36079,"3LR15","3LR15"
36080,"3LR17","3LR17"
36081,"3LR18","3LR18"
36082,"3LR20","3LR20"
36083,"3LR21","3LR21"
36084,"3LR23","3LR23"
36085,"3LR24","3LR24"
36086,"3LR26","3LR26"
36087,"3LR27","3LR27"
36088,"3LR29","3LR29"
36089,"3LR30","3LR30"
36090,"3LR32","3LR32"
36106,"1GQ12","1GQ12"
36107,"1GR12","1GR12"
36108,"1GS12","1GS12"
36109,"1GT12","1GT12"
36110,"1GU12","1GU12"
36111,"1GQ13","1GQ13"
36112,"1GR13","1GR13"
36113,"1GS13","1GS13"
36114,"1GT13","1GT13"
36115,"1GQ14","1GQ14"
36116,"1GR14","1GR14"
36117,"1GS14","1GS14"
36118,"1GT14","1GT14"
36119,"1GQ15","1GQ15"
36120,"1GR15","1GR15"
36121,"1GS15","1GS15"
36122,"1GT15","1GT15"
36123,"1GP16","1GP16"
36124,"1GS09","1GS09"
36125,"1GT09","1GT09"
36126,"1GU09","1GU09"
36127,"1GV09","1GV09"
36164,"1GR10","1GR10"
36165,"1GS10","1GS10"
36166,"1GT10","1GT10"
36167,"1GU10","1GU10"
36168,"1GV10","1GV10"
36169,"1GQ11","1GQ11"
36170,"1GR11","1GR11"
36171,"1GS11","1GS11"
36172,"1GT11","1GT11"
36173,"1GU11","1GU11"
36180,"3LS24","3LS24"
36181,"3LS25","3LS25"
36182,"3LS26","3LS26"
36183,"3LS27","3LS27"
36184,"3LS28","3LS28"
36185,"3LS29","3LS29"
36186,"3LS30","3LS30"
36187,"3LS31","3LS31"
36188,"3LS32","3LS32"
36189,"3LS33","3LS33"
36190,"3LT01","3LT01"
36191,"3LT02","3LT02"
36192,"3LT03","3LT03"
36193,"3LT04","3LT04"
36194,"3LT05","3LT05"
36195,"3LT06","3LT06"
36196,"3LT08","3LT08"
36197,"3LT09","3LT09"
36198,"3LT11","3LT11"
36199,"3LT12","3LT12"
36200,"3LT14","3LT14"
36201,"3LT15","3LT15"
36202,"3LT17","3LT17"
36203,"3LT18","3LT18"
36204,"3LT20","3LT20"
36205,"3LT21","3LT21"
36206,"3LT23","3LT23"
36207,"3LT24","3LT24"
36208,"3LT26","3LT26"
36209,"3LT27","3LT27"
36210,"3LT29","3LT29"
36211,"3LT30","3LT30"
36212,"3LT32","3LT32"
36213,"3LT33","3LT33"
36214,"3LU02","3LU02"
36215,"3LU03","3LU03"
36216,"3LU05","3LU05"
36217,"3LU06","3LU06"
36218,"3LU08","3LU08"
36219,"3LU09","3LU09"
36220,"3LU10","3LU10"
36221,"3LU11","3LU11"
36222,"3LU12","3LU12"
36223,"3LU13","3LU13"
36224,"3LU14","3LU14"
36225,"3LU15","3LU15"
36226,"3LU16","3LU16"
36227,"3LU17","3LU17"
36228,"3LU18","3LU18"
36229,"3LU19","3LU19"
36230,"3LU20","3LU20"
36231,"3LU21","3LU21"
36232,"3LU22","3LU22"
36233,"3LU23","3LU23"
36234,"3LU24","3LU24"
36235,"3LU25","3LU25"
36236,"3LU26","3LU26"
36237,"3LU27","3LU27"
36238,"3LU28","3LU28"
36239,"3LU29","3LU29"
36240,"3LU30","3LU30"
36241,"3LU31","3LU31"
36242,"3LU32","3LU32"
36243,"3LU33","3LU33"
36244,"3LV02","3LV02"
36245,"3LV03","3LV03"
36246,"3LV05","3LV05"
36247,"3LV06","3LV06"
36248,"3LV08","3LV08"
36249,"3LV09","3LV09"
36250,"3LV11","3LV11"
36251,"3LV12","3LV12"
36252,"3LV14","3LV14"
36253,"3LV15","3LV15"
36254,"3LV17","3LV17"
36255,"3LV18","3LV18"
36256,"3LV20","3LV20"
36257,"3LV21","3LV21"
36258,"3LV23","3LV23"
36259,"3LV24","3LV24"
36260,"3LV26","3LV26"
36261,"3LV27","3LV27"
36262,"3LV29","3LV29"
36263,"3LV30","3LV30"
36264,"3LV32","3LV32"
36265,"3LV33","3LV33"
36266,"3LW02","3LW02"
36267,"3LW03","3LW03"
36268,"3LW04","3LW04"
36269,"3LW05","3LW05"
36270,"3LW06","3LW06"
36271,"3LW07","3LW07"
36272,"3LW08","3LW08"
36273,"3LW09","3LW09"
36274,"3LW10","3LW10"
36275,"3LW11","3LW11"
36276,"3LW12","3LW12"
36277,"3LW13","3LW13"
36278,"3LW14","3LW14"
36279,"3LW15","3LW15"
36280,"3LW16","3LW16"
36281,"3LW17","3LW17"
36282,"3LW18","3LW18"
36283,"3LW19","3LW19"
36284,"3LW20","3LW20"
36285,"3LW21","3LW21"
36286,"3LW22","3LW22"
36287,"3LW23","3LW23"
36288,"3LW24","3LW24"
36289,"3LW25","3LW25"
36290,"3LW26","3LW26"
36291,"3LW27","3LW27"
36292,"3LW29","3LW29"
36293,"3LW30","3LW30"
36294,"3LW32","3LW32"
36295,"3LW33","3LW33"
36296,"3LX02","3LX02"
36297,"3LX03","3LX03"
36298,"3LX05","3LX05"
36299,"3LX06","3LX06"
36300,"3LX08","3LX08"
36301,"3LX09","3LX09"
36302,"3LX11","3LX11"
36303,"3LX12","3LX12"
36304,"3LX14","3LX14"
36305,"3LX15","3LX15"
36306,"3LX17","3LX17"
36307,"3LX18","3LX18"
36308,"3LX20","3LX20"
36309,"3LX21","3LX21"
36310,"3LX23","3LX23"
36311,"3LX24","3LX24"
36312,"3LX26","3LX26"
36313,"3LX27","3LX27"
36314,"3LX29","3LX29"
36315,"3LX30","3LX30"
36316,"3LX31","3LX31"
36317,"3LX32","3LX32"
36318,"3LX33","3LX33"
36319,"3LY01","3LY01"
36320,"3LY02","3LY02"
36321,"3LY03","3LY03"
36322,"3LY04","3LY04"
36323,"3LY05","3LY05"
36324,"3LY06","3LY06"
36325,"3LY07","3LY07"
36326,"3LY08","3LY08"
36327,"3LY09","3LY09"
36328,"3LY10","3LY10"
36329,"3LY11","3LY11"
36330,"3LY12","3LY12"
36331,"3LY13","3LY13"
36332,"3LY14","3LY14"
36333,"3LY15","3LY15"
36334,"3LY16","3LY16"
36335,"3LY17","3LY17"
36336,"3LY18","3LY18"
36337,"3LY19","3LY19"
36338,"3LY20","3LY20"
36339,"3LY21","3LY21"
36340,"3LY23","3LY23"
36341,"3LY24","3LY24"
36342,"3LY26","3LY26"
36343,"3LY27","3LY27"
36344,"3LY29","3LY29"
36345,"3LY30","3LY30"
36346,"3LY32","3LY32"
36347,"3LY33","3LY33"
36348,"3MD10","3MD10"
36349,"3MD11","3MD11"
36350,"3MD12","3MD12"
36351,"3MD13","3MD13"
36352,"3MD14","3MD14"
36353,"3MD15","3MD15"
36354,"3MD17","3MD17"
36355,"3MD18","3MD18"
36356,"3MD20","3MD20"
36357,"3MD21","3MD21"
36358,"3MD23","3MD23"
36359,"3MD24","3MD24"
36360,"3MD26","3MD26"
36361,"3MD27","3MD27"
36362,"3MD29","3MD29"
36363,"3MD30","3MD30"
36364,"3MD32","3MD32"
36365,"3MD33","3MD33"
36366,"3MD16","3MD16"
36367,"3MD19","3MD19"
36368,"3MD22","3MD22"
36369,"3MD25","3MD25"
38474,"1FY86","1FY86"
38475,"1FY87","1FY87"
38476,"1FY88","1FY88"
38477,"1FZ86","1FZ86"
38478,"1FZ87","1FZ87"
38479,"1FZ88","1FZ88"
38480,"1GA86","1GA86"
38481,"1GA87","1GA87"
38482,"1GV32","1GV32"
38507,"4C29","4C29"
38508,"4D29","4D29"
38509,"4E29","4E29"
38510,"4F29","4F29"
38511,"4G29","4G29"
38512,"4H29","4H29"
38513,"4I29","4I29"
38514,"4J29","4J29"
38515,"4K29","4K29"
38516,"4L29","4L29"
38517,"4M29","4M29"
38518,"4N29","4N29"
38519,"4O29","4O29"
38520,"4P29","4P29"
38521,"4Q29","4Q29"
38522,"4R29","4R29"
38523,"4S29","4S29"
38524,"4T29","4T29"
38525,"4U29","4U29"
38526,"4V29","4V29"
38527,"4W29","4W29"
38528,"4X29","4X29"
38529,"4Y29","4Y29"
38530,"4Z29","4Z29"
38531,"4AA29","4AA29"
38532,"4BB29","4BB29"
38533,"4CC29","4CC29"
38534,"4DD29","4DD29"
38535,"4EE29","4EE29"
38536,"4FF29","4FF29"
38537,"4GG29","4GG29"
38538,"4A1","4A1"
38539,"4B1","4B1"
38540,"4C1","4C1"
38541,"4D1","4D1"
38542,"4E1","4E1"
38543,"4F1","4F1"
38544,"4G1","4G1"
38545,"4H1","4H1"
38546,"4I1","4I1"
38547,"4J1","4J1"
38548,"4K1","4K1"
38549,"4L1","4L1"
38550,"4M1","4M1"
38551,"4N1","4N1"
38552,"4O1","4O1"
38553,"4P1","4P1"
38554,"4Q1","4Q1"
38555,"4R1","4R1"
38556,"4S1","4S1"
38557,"4T1","4T1"
38558,"4U1","4U1"
38559,"4V1","4V1"
38560,"4W1","4W1"
38561,"4X1","4X1"
38562,"4Y1","4Y1"
38563,"4Z1","4Z1"
38564,"4AA1","4AA1"
38565,"4BB1","4BB1"
38566,"4CC1","4CC1"
38567,"4DD1","4DD1"
38568,"4EE1","4EE1"
38569,"4FF1","4FF1"
38570,"4GG1","4GG1"
38571,"4A2","4A2"
38572,"4B2","4B2"
38573,"4C2","4C2"
38574,"4D2","4D2"
38575,"4E2","4E2"
38576,"4F2","4F2"
38577,"4G2","4G2"
38578,"4H2","4H2"
38579,"4I2","4I2"
38580,"4J2","4J2"
38581,"4K2","4K2"
38582,"4L2","4L2"
38583,"4M2","4M2"
38584,"4N2","4N2"
38585,"4O2","4O2"
38586,"4P2","4P2"
38587,"4Q2","4Q2"
38588,"4R2","4R2"
38589,"4S2","4S2"
38590,"4T2","4T2"
38591,"4U2","4U2"
38592,"4V2","4V2"
38593,"4W2","4W2"
38594,"4X2","4X2"
38595,"4Y2","4Y2"
38596,"4Z2","4Z2"
38597,"4AA2","4AA2"
38598,"4BB2","4BB2"
38599,"4CC2","4CC2"
38600,"4DD2","4DD2"
38601,"4EE2","4EE2"
38602,"4FF2","4FF2"
38603,"4GG2","4GG2"
38604,"4A3","4A3"
38605,"4B3","4B3"
38606,"4C3","4C3"
38607,"4D3","4D3"
38608,"4E3","4E3"
38609,"4F3","4F3"
38610,"4G3","4G3"
38611,"4H3","4H3"
38612,"4I3","4I3"
38613,"4J3","4J3"
38614,"4K3","4K3"
38615,"4L3","4L3"
38616,"4M3","4M3"
38617,"4N3","4N3"
38618,"4O3","4O3"
38619,"4P3","4P3"
38620,"4Q3","4Q3"
38621,"4R3","4R3"
38622,"4S3","4S3"
38623,"4T3","4T3"
38624,"4U3","4U3"
38625,"4V3","4V3"
38626,"4W3","4W3"
38627,"4X3","4X3"
38628,"4Y3","4Y3"
38629,"4Z3","4Z3"
38630,"4AA3","4AA3"
38631,"4BB3","4BB3"
38632,"4CC3","4CC3"
38633,"4DD3","4DD3"
38634,"4EE3","4EE3"
38635,"4FF3","4FF3"
38636,"4GG3","4GG3"
38637,"4A4","4A4"
38638,"4B4","4B4"
38639,"4C4","4C4"
38640,"4D4","4D4"
38641,"4E4","4E4"
38642,"4F4","4F4"
38643,"4G4","4G4"
38644,"4H4","4H4"
38645,"4I4","4I4"
38646,"4J4","4J4"
38647,"4K4","4K4"
38648,"4L4","4L4"
38649,"4M4","4M4"
38650,"4N4","4N4"
38651,"4O4","4O4"
38652,"4P4","4P4"
38653,"4Q4","4Q4"
38654,"4R4","4R4"
38655,"4S4","4S4"
38656,"4T4","4T4"
38657,"4U4","4U4"
38658,"4V4","4V4"
38659,"4W4","4W4"
38660,"4X4","4X4"
38661,"4Y4","4Y4"
38662,"4Z4","4Z4"
38663,"4AA4","4AA4"
38664,"4BB4","4BB4"
38665,"4CC4","4CC4"
38666,"4DD4","4DD4"
38667,"4EE4","4EE4"
38668,"4FF4","4FF4"
38669,"4GG4","4GG4"
38670,"4A5","4A5"
38671,"4B5","4B5"
38672,"4C5","4C5"
38673,"4D5","4D5"
38674,"4E5","4E5"
38675,"4F5","4F5"
38676,"4G5","4G5"
38677,"4H5","4H5"
38678,"4I5","4I5"
38679,"4J5","4J5"
38680,"4K5","4K5"
38681,"4L5","4L5"
38682,"4M5","4M5"
38683,"4N5","4N5"
38684,"4O5","4O5"
38685,"4P5","4P5"
38686,"4Q5","4Q5"
38687,"4R5","4R5"
38688,"4S5","4S5"
38689,"4T5","4T5"
38690,"4U5","4U5"
38691,"4V5","4V5"
38692,"4W5","4W5"
38693,"4X5","4X5"
38694,"4Y5","4Y5"
38695,"4Z5","4Z5"
38696,"4AA5","4AA5"
38697,"4BB5","4BB5"
38698,"4CC5","4CC5"
38699,"4DD5","4DD5"
38700,"4EE5","4EE5"
38701,"4FF5","4FF5"
38702,"4GG5","4GG5"
38703,"4A6","4A6"
38704,"4B6","4B6"
38705,"4C6","4C6"
38706,"4D6","4D6"
38707,"4E6","4E6"
38708,"4F6","4F6"
38709,"4G6","4G6"
38710,"4H6","4H6"
38711,"4I6","4I6"
38712,"4J6","4J6"
38713,"4K6","4K6"
38714,"4L6","4L6"
38715,"4M6","4M6"
38716,"4N6","4N6"
38717,"4O6","4O6"
38718,"4P6","4P6"
38719,"4Q6","4Q6"
38720,"4R6","4R6"
38721,"4S6","4S6"
38722,"4T6","4T6"
38723,"4U6","4U6"
38724,"4V6","4V6"
38725,"4W6","4W6"
38726,"4X6","4X6"
38727,"4Y6","4Y6"
38728,"4Z6","4Z6"
38729,"4AA6","4AA6"
38730,"4BB6","4BB6"
38731,"4CC6","4CC6"
38732,"4DD6","4DD6"
38733,"4EE6","4EE6"
38734,"4FF6","4FF6"
38735,"4GG6","4GG6"
38736,"4A7","4A7"
38737,"4B7","4B7"
38738,"4C7","4C7"
38739,"4D7","4D7"
38740,"4E7","4E7"
38741,"4F7","4F7"
38742,"4G7","4G7"
38743,"4H7","4H7"
38744,"4I7","4I7"
38745,"4J7","4J7"
38746,"4K7","4K7"
38747,"4L7","4L7"
38748,"4M7","4M7"
38749,"4N7","4N7"
38750,"4O7","4O7"
38751,"4P7","4P7"
38752,"4Q7","4Q7"
38753,"4R7","4R7"
38754,"4S7","4S7"
38755,"4T7","4T7"
38756,"4U7","4U7"
38757,"4V7","4V7"
38758,"4W7","4W7"
38759,"4X7","4X7"
38760,"4Y7","4Y7"
38761,"4Z7","4Z7"
38762,"4G15","4G15"
38763,"4H15","4H15"
38764,"4I15","4I15"
38765,"4J15","4J15"
38766,"4K15","4K15"
38767,"4L15","4L15"
38768,"4M15","4M15"
38769,"4N15","4N15"
38770,"4O15","4O15"
38771,"4P15","4P15"
38772,"4Q15","4Q15"
38773,"4R15","4R15"
38774,"4S15","4S15"
38775,"4T15","4T15"
38776,"4U15","4U15"
38777,"4V15","4V15"
38778,"4W15","4W15"
38779,"4X15","4X15"
38780,"4Y15","4Y15"
38781,"4Z15","4Z15"
38782,"4AA15","4AA15"
38783,"4BB15","4BB15"
38784,"4CC15","4CC15"
38785,"4DD15","4DD15"
38786,"4EE15","4EE15"
38787,"4FF15","4FF15"
38788,"4GG15","4GG15"
38789,"4A16","4A16"
38790,"4B16","4B16"
38791,"4C16","4C16"
38792,"4D16","4D16"
38793,"4E16","4E16"
38794,"4F16","4F16"
38795,"4G16","4G16"
38796,"4H16","4H16"
38797,"4I16","4I16"
38798,"4J16","4J16"
38799,"4K16","4K16"
38800,"4L16","4L16"
38801,"4M16","4M16"
38802,"4N16","4N16"
38803,"4O16","4O16"
38804,"4P16","4P16"
38805,"4Q16","4Q16"
38806,"4R16","4R16"
38807,"4S16","4S16"
38808,"4T16","4T16"
38809,"4U16","4U16"
38810,"4V16","4V16"
38811,"4W16","4W16"
38812,"4X16","4X16"
38813,"4Y16","4Y16"
38814,"4Z16","4Z16"
38815,"4AA16","4AA16"
38816,"4BB16","4BB16"
38817,"4CC16","4CC16"
38818,"4DD16","4DD16"
38819,"4EE16","4EE16"
38820,"4FF16","4FF16"
38821,"4GG16","4GG16"
38822,"4A17","4A17"
38823,"4B17","4B17"
38824,"4C17","4C17"
38825,"4D17","4D17"
38826,"4E17","4E17"
38827,"4F17","4F17"
38828,"4G17","4G17"
38829,"4H17","4H17"
38830,"4I17","4I17"
38831,"4J17","4J17"
38832,"4K17","4K17"
38833,"4L17","4L17"
38834,"4M17","4M17"
38835,"4N17","4N17"
38836,"4O17","4O17"
38837,"4P17","4P17"
38838,"4Q17","4Q17"
38839,"4R17","4R17"
38840,"4S17","4S17"
38841,"4T17","4T17"
38842,"4U17","4U17"
38843,"4V17","4V17"
38844,"4W17","4W17"
38845,"4X17","4X17"
38846,"4Y17","4Y17"
38847,"4Z17","4Z17"
38848,"4AA17","4AA17"
38849,"4BB17","4BB17"
38850,"4CC17","4CC17"
38851,"4DD17","4DD17"
38852,"4EE17","4EE17"
38853,"4FF17","4FF17"
38854,"4GG17","4GG17"
38855,"4A18","4A18"
38856,"4B18","4B18"
38857,"4C18","4C18"
38858,"4D18","4D18"
38859,"4E18","4E18"
38860,"4F18","4F18"
38861,"4G18","4G18"
38862,"4H18","4H18"
38863,"4I18","4I18"
38864,"4J18","4J18"
38865,"4K18","4K18"
38866,"4L18","4L18"
38867,"4M18","4M18"
38868,"4N18","4N18"
38869,"4O18","4O18"
38870,"4P18","4P18"
38871,"4Q18","4Q18"
38872,"4R18","4R18"
38873,"4S18","4S18"
38874,"4T18","4T18"
38875,"4U18","4U18"
38876,"4V18","4V18"
38877,"4W18","4W18"
38878,"4X18","4X18"
38879,"4Y18","4Y18"
38880,"4Z18","4Z18"
38881,"4AA18","4AA18"
38882,"4BB18","4BB18"
38883,"4CC18","4CC18"
38884,"4DD18","4DD18"
38885,"4EE18","4EE18"
38886,"4FF18","4FF18"
38887,"4GG18","4GG18"
38888,"4A19","4A19"
38889,"4B19","4B19"
38890,"4C19","4C19"
38891,"4D19","4D19"
38892,"4E19","4E19"
38893,"4F19","4F19"
38894,"4G19","4G19"
38895,"4H19","4H19"
38896,"4I19","4I19"
38897,"4J19","4J19"
38898,"4K19","4K19"
38899,"4L19","4L19"
38900,"4M19","4M19"
38901,"4N19","4N19"
38902,"4O19","4O19"
38903,"4P19","4P19"
38904,"4Q19","4Q19"
38905,"4R19","4R19"
38906,"4S19","4S19"
38907,"4T19","4T19"
38908,"4U19","4U19"
38909,"4V19","4V19"
38910,"4W19","4W19"
38911,"4X19","4X19"
38912,"4Y19","4Y19"
38913,"4Z19","4Z19"
38914,"4AA19","4AA19"
38915,"4BB19","4BB19"
38916,"4CC19","4CC19"
38917,"4DD19","4DD19"
38918,"4EE19","4EE19"
38919,"4FF19","4FF19"
38920,"4GG19","4GG19"
38921,"4A20","4A20"
38922,"4B20","4B20"
38923,"4C20","4C20"
38924,"4D20","4D20"
38925,"4E20","4E20"
38926,"4F20","4F20"
38927,"4G20","4G20"
38928,"4H20","4H20"
38929,"4I20","4I20"
38930,"4J20","4J20"
38931,"4K20","4K20"
38932,"4L20","4L20"
38933,"4M20","4M20"
38934,"4N20","4N20"
38935,"4O20","4O20"
38936,"4P20","4P20"
38937,"4Q20","4Q20"
38938,"4R20","4R20"
38939,"4S20","4S20"
38940,"4T20","4T20"
38941,"4U20","4U20"
38942,"4V20","4V20"
38943,"4W20","4W20"
38944,"4X20","4X20"
38945,"4Y20","4Y20"
38946,"4Z20","4Z20"
38947,"4AA20","4AA20"
38948,"4BB20","4BB20"
38949,"4CC20","4CC20"
38950,"4DD20","4DD20"
38951,"4EE20","4EE20"
38952,"4FF20","4FF20"
38953,"4GG20","4GG20"
38954,"4A21","4A21"
38955,"4B21","4B21"
38956,"4C21","4C21"
38957,"4D21","4D21"
38958,"4E21","4E21"
38959,"4F21","4F21"
38960,"4G21","4G21"
38961,"4H21","4H21"
38962,"4I21","4I21"
38963,"4J21","4J21"
38964,"4K21","4K21"
38965,"4L21","4L21"
38966,"4M21","4M21"
38967,"4N21","4N21"
38968,"4O21","4O21"
38969,"4P21","4P21"
38970,"4Q21","4Q21"
38971,"4R21","4R21"
38972,"4S21","4S21"
38973,"4T21","4T21"
38974,"4U21","4U21"
38975,"4V21","4V21"
38976,"4W21","4W21"
38977,"4X21","4X21"
38978,"4Y21","4Y21"
38979,"4Z21","4Z21"
38980,"4AA21","4AA21"
38981,"4BB21","4BB21"
38982,"4CC21","4CC21"
38983,"4DD21","4DD21"
38984,"4EE21","4EE21"
38985,"4FF21","4FF21"
38986,"4GG21","4GG21"
38987,"4A22","4A22"
38988,"4B22","4B22"
38989,"4C22","4C22"
38990,"4D22","4D22"
38991,"4E22","4E22"
38992,"4F22","4F22"
38993,"4G22","4G22"
38994,"4H22","4H22"
38995,"4I22","4I22"
38996,"4J22","4J22"
38997,"4K22","4K22"
38998,"4L22","4L22"
38999,"4M22","4M22"
39000,"4N22","4N22"
39001,"4O22","4O22"
39002,"4P22","4P22"
39003,"4Q22","4Q22"
39004,"4R22","4R22"
39005,"4S22","4S22"
39006,"4T22","4T22"
39007,"4U22","4U22"
39008,"4V22","4V22"
39009,"4W22","4W22"
39010,"4X22","4X22"
39011,"4Y22","4Y22"
39012,"4Z22","4Z22"
39013,"4AA22","4AA22"
39014,"4BB22","4BB22"
39015,"4CC22","4CC22"
39016,"4DD22","4DD22"
39017,"4EE22","4EE22"
39018,"4FF22","4FF22"
39019,"4GG22","4GG22"
39020,"4A23","4A23"
39021,"4B23","4B23"
39022,"4C23","4C23"
39023,"4D23","4D23"
39024,"4E23","4E23"
39025,"4F23","4F23"
39026,"4G23","4G23"
39027,"4H23","4H23"
39028,"4I23","4I23"
39029,"4J23","4J23"
39030,"4K23","4K23"
39031,"4L23","4L23"
39032,"4M23","4M23"
39033,"4N23","4N23"
39034,"4O23","4O23"
39035,"4P23","4P23"
39036,"4Q23","4Q23"
39037,"4R23","4R23"
39038,"4S23","4S23"
39039,"4T23","4T23"
39040,"4U23","4U23"
39041,"4V23","4V23"
39042,"4W23","4W23"
39043,"4X23","4X23"
39044,"4Y23","4Y23"
39045,"4Z23","4Z23"
39046,"4AA23","4AA23"
39047,"4BB23","4BB23"
39048,"4CC23","4CC23"
39049,"4DD23","4DD23"
39050,"4EE23","4EE23"
39051,"4FF23","4FF23"
39052,"4GG23","4GG23"
39053,"4A24","4A24"
39054,"4B24","4B24"
39055,"4C24","4C24"
39056,"4D24","4D24"
39057,"4E24","4E24"
39058,"4F24","4F24"
39059,"4G24","4G24"
39060,"4H24","4H24"
39061,"4I24","4I24"
39062,"4J24","4J24"
39063,"4K24","4K24"
39064,"4L24","4L24"
39065,"4M24","4M24"
39066,"4N24","4N24"
39067,"4O24","4O24"
39068,"4P24","4P24"
39069,"4Q24","4Q24"
39070,"4R24","4R24"
39071,"4S24","4S24"
39072,"4T24","4T24"
39073,"4U24","4U24"
39074,"4V24","4V24"
39075,"4W24","4W24"
39076,"4X24","4X24"
39077,"4Y24","4Y24"
39078,"4Z24","4Z24"
39079,"4AA24","4AA24"
39080,"4BB24","4BB24"
39081,"4CC24","4CC24"
39082,"4DD24","4DD24"
39083,"4EE24","4EE24"
39084,"4FF24","4FF24"
39085,"4GG24","4GG24"
39086,"4A25","4A25"
39087,"4B25","4B25"
39088,"4C25","4C25"
39089,"4D25","4D25"
39090,"4E25","4E25"
39091,"4F25","4F25"
39092,"4G25","4G25"
39093,"4H25","4H25"
39094,"4I25","4I25"
39095,"4J25","4J25"
39096,"4K25","4K25"
39097,"4L25","4L25"
39098,"4M25","4M25"
39099,"4N25","4N25"
39100,"4O25","4O25"
39101,"4P25","4P25"
39102,"4Q25","4Q25"
39103,"4R25","4R25"
39104,"4S25","4S25"
39105,"4T25","4T25"
39106,"4U25","4U25"
39107,"4V25","4V25"
39108,"4W25","4W25"
39109,"4X25","4X25"
39110,"4Y25","4Y25"
39111,"4Z25","4Z25"
39112,"4AA25","4AA25"
39113,"4BB25","4BB25"
39114,"4CC25","4CC25"
39115,"4DD25","4DD25"
39116,"4EE25","4EE25"
39117,"4FF25","4FF25"
39118,"4GG25","4GG25"
39119,"4A26","4A26"
39120,"4B26","4B26"
39121,"4C26","4C26"
39122,"4D26","4D26"
39123,"4E26","4E26"
39124,"4F26","4F26"
39125,"4G26","4G26"
39126,"4H26","4H26"
39127,"4I26","4I26"
39128,"4J26","4J26"
39129,"4K26","4K26"
39130,"4L26","4L26"
39131,"4M26","4M26"
39132,"4N26","4N26"
39133,"4O26","4O26"
39134,"4P26","4P26"
39135,"4Q26","4Q26"
39136,"4R26","4R26"
39137,"4S26","4S26"
39138,"4T26","4T26"
39139,"4U26","4U26"
39140,"4V26","4V26"
39141,"4W26","4W26"
39142,"4X26","4X26"
39143,"4Y26","4Y26"
39144,"4Z26","4Z26"
39145,"4AA26","4AA26"
39146,"4BB26","4BB26"
39147,"4CC26","4CC26"
39148,"4DD26","4DD26"
39149,"4EE26","4EE26"
39150,"4FF26","4FF26"
39151,"4GG26","4GG26"
39152,"4A27","4A27"
39153,"4B27","4B27"
39154,"4C27","4C27"
39155,"4D27","4D27"
39156,"4E27","4E27"
39157,"4F27","4F27"
39158,"4G27","4G27"
39159,"4H27","4H27"
39160,"4I27","4I27"
39161,"4J27","4J27"
39162,"4K27","4K27"
39163,"4L27","4L27"
39164,"4M27","4M27"
39165,"4N27","4N27"
39166,"4O27","4O27"
39167,"4P27","4P27"
39168,"4Q27","4Q27"
39169,"4R27","4R27"
39170,"4S27","4S27"
39171,"4T27","4T27"
39172,"4U27","4U27"
39173,"4V27","4V27"
39174,"4W27","4W27"
39175,"4X27","4X27"
39176,"4Y27","4Y27"
39177,"4Z27","4Z27"
39178,"4AA27","4AA27"
39179,"4BB27","4BB27"
39180,"4CC27","4CC27"
39181,"4DD27","4DD27"
39182,"4EE27","4EE27"
39183,"4FF27","4FF27"
39184,"4GG27","4GG27"
39185,"4A28","4A28"
39186,"4B28","4B28"
39187,"4C28","4C28"
39188,"4D28","4D28"
39189,"4E28","4E28"
39190,"4F28","4F28"
39191,"4G28","4G28"
39192,"4H28","4H28"
39193,"4I28","4I28"
39194,"4J28","4J28"
39195,"4K28","4K28"
39196,"4L28","4L28"
39197,"4M28","4M28"
39198,"4N28","4N28"
39199,"4O28","4O28"
39200,"4P28","4P28"
39201,"4Q28","4Q28"
39202,"4R28","4R28"
39203,"4S28","4S28"
39204,"4T28","4T28"
39205,"4U28","4U28"
39206,"4V28","4V28"
39207,"4W28","4W28"
39208,"4X28","4X28"
39209,"4Y28","4Y28"
39210,"4Z28","4Z28"
39211,"4AA28","4AA28"
39212,"4BB28","4BB28"
39213,"4CC28","4CC28"
39214,"4DD28","4DD28"
39215,"4EE28","4EE28"
39216,"4FF28","4FF28"
39217,"4GG28","4GG28"
39218,"4A29","4A29"
39219,"4B29","4B29"
39220,"4AA7","4AA7"
39221,"4BB7","4BB7"
39222,"4CC7","4CC7"
39223,"4DD7","4DD7"
39224,"4EE7","4EE7"
39225,"4FF7","4FF7"
39226,"4GG7","4GG7"
39227,"4A8","4A8"
39228,"4B8","4B8"
39229,"4C8","4C8"
39230,"4D8","4D8"
39231,"4E8","4E8"
39232,"4F8","4F8"
39233,"4G8","4G8"
39234,"4H8","4H8"
39235,"4I8","4I8"
39236,"4J8","4J8"
39237,"4K8","4K8"
39238,"4L8","4L8"
39239,"4M8","4M8"
39240,"4N8","4N8"
39241,"4O8","4O8"
39242,"4P8","4P8"
39243,"4Q8","4Q8"
39244,"4R8","4R8"
39245,"4S8","4S8"
39246,"4T8","4T8"
39247,"4U8","4U8"
39248,"4V8","4V8"
39249,"4W8","4W8"
39250,"4X8","4X8"
39251,"4Y8","4Y8"
39252,"4Z8","4Z8"
39253,"4AA8","4AA8"
39254,"4BB8","4BB8"
39255,"4CC8","4CC8"
39256,"4DD8","4DD8"
39257,"4EE8","4EE8"
39258,"4FF8","4FF8"
39259,"4GG8","4GG8"
39260,"4A9","4A9"
39261,"4B9","4B9"
39262,"4C9","4C9"
39263,"4D9","4D9"
39264,"4E9","4E9"
39265,"4F9","4F9"
39266,"4G9","4G9"
39267,"4H9","4H9"
39268,"4I9","4I9"
39269,"4J9","4J9"
39270,"4K9","4K9"
39271,"4L9","4L9"
39272,"4M9","4M9"
39273,"4N9","4N9"
39274,"4O9","4O9"
39275,"4P9","4P9"
39276,"4Q9","4Q9"
39277,"4R9","4R9"
39278,"4S9","4S9"
39279,"4T9","4T9"
39280,"4U9","4U9"
39281,"4V9","4V9"
39282,"4W9","4W9"
39283,"4X9","4X9"
39284,"4Y9","4Y9"
39285,"4Z9","4Z9"
39286,"4AA9","4AA9"
39287,"4BB9","4BB9"
39288,"4CC9","4CC9"
39289,"4DD9","4DD9"
39290,"4EE9","4EE9"
39291,"4FF9","4FF9"
39292,"4GG9","4GG9"
39293,"4A10","4A10"
39294,"4B10","4B10"
39295,"4C10","4C10"
39296,"4D10","4D10"
39297,"4E10","4E10"
39298,"4F10","4F10"
39299,"4G10","4G10"
39300,"4H10","4H10"
39301,"4I10","4I10"
39302,"4J10","4J10"
39303,"4K10","4K10"
39304,"4L10","4L10"
39305,"4M10","4M10"
39306,"4N10","4N10"
39307,"4O10","4O10"
39308,"4P10","4P10"
39309,"4Q10","4Q10"
39310,"4R10","4R10"
39311,"4S10","4S10"
39312,"4T10","4T10"
39313,"4U10","4U10"
39314,"4V10","4V10"
39315,"4W10","4W10"
39316,"4X10","4X10"
39317,"4Y10","4Y10"
39318,"4Z10","4Z10"
39319,"4AA10","4AA10"
39320,"4BB10","4BB10"
39321,"4CC10","4CC10"
39322,"4DD10","4DD10"
39323,"4EE10","4EE10"
39324,"4FF10","4FF10"
39325,"4GG10","4GG10"
39326,"4A11","4A11"
39327,"4B11","4B11"
39328,"4C11","4C11"
39329,"4D11","4D11"
39330,"4E11","4E11"
39331,"4F11","4F11"
39332,"4G11","4G11"
39333,"4H11","4H11"
39334,"4I11","4I11"
39335,"4J11","4J11"
39336,"4K11","4K11"
39337,"4L11","4L11"
39338,"4M11","4M11"
39339,"4N11","4N11"
39340,"4O11","4O11"
39341,"4P11","4P11"
39342,"4Q11","4Q11"
39343,"4R11","4R11"
39344,"4S11","4S11"
39345,"4T11","4T11"
39346,"4U11","4U11"
39347,"4V11","4V11"
39348,"4W11","4W11"
39349,"4X11","4X11"
39350,"4Y11","4Y11"
39351,"4Z11","4Z11"
39352,"4AA11","4AA11"
39353,"4BB11","4BB11"
39354,"4CC11","4CC11"
39355,"4DD11","4DD11"
39356,"4EE11","4EE11"
39357,"4FF11","4FF11"
39358,"4GG11","4GG11"
39359,"4A12","4A12"
39360,"4B12","4B12"
39361,"4C12","4C12"
39362,"4D12","4D12"
39363,"4E12","4E12"
39364,"4F12","4F12"
39365,"4G12","4G12"
39366,"4H12","4H12"
39367,"4I12","4I12"
39368,"4J12","4J12"
39369,"4K12","4K12"
39370,"4L12","4L12"
39371,"4M12","4M12"
39372,"4N12","4N12"
39373,"4O12","4O12"
39374,"4P12","4P12"
39375,"4Q12","4Q12"
39376,"4R12","4R12"
39377,"4S12","4S12"
39378,"4T12","4T12"
39379,"4U12","4U12"
39380,"4V12","4V12"
39381,"4W12","4W12"
39382,"4X12","4X12"
39383,"4Y12","4Y12"
39384,"4Z12","4Z12"
39385,"4AA12","4AA12"
39386,"4BB12","4BB12"
39387,"4CC12","4CC12"
39388,"4DD12","4DD12"
39389,"4EE12","4EE12"
39390,"4FF12","4FF12"
39391,"4GG12","4GG12"
39392,"4A13","4A13"
39393,"4B13","4B13"
39394,"4C13","4C13"
39395,"4D13","4D13"
39396,"4E13","4E13"
39397,"4F13","4F13"
39398,"4G13","4G13"
39399,"4H13","4H13"
39400,"4I13","4I13"
39401,"4J13","4J13"
39402,"4K13","4K13"
39403,"4L13","4L13"
39404,"4M13","4M13"
39405,"4N13","4N13"
39406,"4O13","4O13"
39407,"4P13","4P13"
39408,"4Q13","4Q13"
39409,"4R13","4R13"
39410,"4S13","4S13"
39411,"4T13","4T13"
39412,"4U13","4U13"
39413,"4V13","4V13"
39414,"4W13","4W13"
39415,"4X13","4X13"
39416,"4Y13","4Y13"
39417,"4Z13","4Z13"
39418,"4AA13","4AA13"
39419,"4BB13","4BB13"
39420,"4CC13","4CC13"
39421,"4DD13","4DD13"
39422,"4EE13","4EE13"
39423,"4FF13","4FF13"
39424,"4GG13","4GG13"
39425,"4A14","4A14"
39426,"4B14","4B14"
39427,"4C14","4C14"
39428,"4D14","4D14"
39429,"4E14","4E14"
39430,"4F14","4F14"
39431,"4G14","4G14"
39432,"4H14","4H14"
39433,"4I14","4I14"
39434,"4J14","4J14"
39435,"4K14","4K14"
39436,"4L14","4L14"
39437,"4M14","4M14"
39438,"4N14","4N14"
39439,"4O14","4O14"
39440,"4P14","4P14"
39441,"4Q14","4Q14"
39442,"4R14","4R14"
39443,"4S14","4S14"
39444,"4T14","4T14"
39445,"4U14","4U14"
39446,"4V14","4V14"
39447,"4W14","4W14"
39448,"4X14","4X14"
39449,"4Y14","4Y14"
39450,"4Z14","4Z14"
39451,"4AA14","4AA14"
39452,"4BB14","4BB14"
39453,"4CC14","4CC14"
39454,"4DD14","4DD14"
39455,"4EE14","4EE14"
39456,"4FF14","4FF14"
39457,"4GG14","4GG14"
39458,"4A15","4A15"
39459,"4B15","4B15"
39460,"4C15","4C15"
39461,"4D15","4D15"
39462,"4E15","4E15"
39463,"4F15","4F15"
