"CODE_ID","DESC_FRE","DESC_ENG","PROV_CODE_ID","PROV_DESC_FRE","PROV_DESC_ENG"
2599,"NUUK (GODTHAAB)","NUUK (GODTHAAB)",,"",""
19128,"PENDER ISLAND","PENDER ISLAND",172,"Colombie-Britannique","British Columbia"
19130,"PENTICTON","PENTICTON",172,"Colombie-Britannique","British Columbia"
19131,"PINANTAN LAKE","PINANTAN LAKE",172,"Colombie-Britannique","British Columbia"
19133,"PITT MEADOWS","PITT MEADOWS",172,"Colombie-Britannique","British Columbia"
19134,"PORT ALBERNI","PORT ALBERNI",172,"Colombie-Britannique","British Columbia"
19135,"PORT ALBION","PORT ALBION",172,"Colombie-Britannique","British Columbia"
19136,"PORT ALICE","PORT ALICE",172,"Colombie-Britannique","British Columbia"
19137,"PORT CLEMENTS","PORT CLEMENTS",172,"Colombie-Britannique","British Columbia"
19138,"PORT COQUITLAM","PORT COQUITLAM",172,"Colombie-Britannique","British Columbia"
19139,"PORT EDWARD","PORT EDWARD",172,"Colombie-Britannique","British Columbia"
19140,"PORT HARDY","PORT HARDY",172,"Colombie-Britannique","British Columbia"
19141,"PORT MCNEILL","PORT MCNEILL",172,"Colombie-Britannique","British Columbia"
19142,"PORT MELLON","PORT MELLON",172,"Colombie-Britannique","British Columbia"
19143,"PORT MOODY","PORT MOODY",172,"Colombie-Britannique","British Columbia"
19144,"PORT NEVILLE","PORT NEVILLE",172,"Colombie-Britannique","British Columbia"
19145,"PORT RENFREW","PORT RENFREW",172,"Colombie-Britannique","British Columbia"
19146,"PORT SIMPSON","PORT SIMPSON",172,"Colombie-Britannique","British Columbia"
19148,"POWELL RIVER","POWELL RIVER",172,"Colombie-Britannique","British Columbia"
19151,"PRINCE RUPERT","PRINCE RUPERT",172,"Colombie-Britannique","British Columbia"
19154,"PROCTER","PROCTER",172,"Colombie-Britannique","British Columbia"
19157,"PROTECTION ISLAND","PROTECTION ISLAND",172,"Colombie-Britannique","British Columbia"
19160,"QUATHIASKI COVE","QUATHIASKI COVE",172,"Colombie-Britannique","British Columbia"
19161,"QUATSINO","QUATSINO",172,"Colombie-Britannique","British Columbia"
19162,"QUEEN CHARLOTTE CITY","QUEEN CHARLOTTE CITY",172,"Colombie-Britannique","British Columbia"
19164,"QUILCHENA","QUILCHENA",172,"Colombie-Britannique","British Columbia"
19166,"READ ISLAND","READ ISLAND",172,"Colombie-Britannique","British Columbia"
19168,"REFUGE COVE","REFUGE COVE",172,"Colombie-Britannique","British Columbia"
19169,"REMAC","REMAC",172,"Colombie-Britannique","British Columbia"
19170,"REVELSTOKE","REVELSTOKE",172,"Colombie-Britannique","British Columbia"
19171,"RICHMOND","RICHMOND",172,"Colombie-Britannique","British Columbia"
19172,"RIONDEL","RIONDEL",172,"Colombie-Britannique","British Columbia"
19174,"RIVER JORDAN","RIVER JORDAN",172,"Colombie-Britannique","British Columbia"
19175,"RIVERS INLET","RIVERS INLET",172,"Colombie-Britannique","British Columbia"
19176,"ROBERTS CREEK","ROBERTS CREEK",172,"Colombie-Britannique","British Columbia"
19177,"ROBSON","ROBSON",172,"Colombie-Britannique","British Columbia"
19183,"ROYSTON","ROYSTON",172,"Colombie-Britannique","British Columbia"
19186,"SAANICH","SAANICH",172,"Colombie-Britannique","British Columbia"
19187,"SAANICHTON","SAANICHTON",172,"Colombie-Britannique","British Columbia"
19189,"SALMON ARM","SALMON ARM",172,"Colombie-Britannique","British Columbia"
19191,"SALTAIR","SALTAIR",172,"Colombie-Britannique","British Columbia"
19192,"SALTERY BAY","SALTERY BAY",172,"Colombie-Britannique","British Columbia"
19193,"SALTSPRING ISLAND","SALTSPRING ISLAND",172,"Colombie-Britannique","British Columbia"
19195,"SANDSPIT","SANDSPIT",172,"Colombie-Britannique","British Columbia"
19197,"SATURNA","SATURNA",172,"Colombie-Britannique","British Columbia"
19198,"SATURNA ISLAND","SATURNA ISLAND",172,"Colombie-Britannique","British Columbia"
19199,"SAVARY ISLAND","SAVARY ISLAND",172,"Colombie-Britannique","British Columbia"
19200,"SAVONA","SAVONA",172,"Colombie-Britannique","British Columbia"
19201,"SAYWARD","SAYWARD",172,"Colombie-Britannique","British Columbia"
19202,"SCOTCH CREEK","SCOTCH CREEK",172,"Colombie-Britannique","British Columbia"
19203,"SECHELT","SECHELT",172,"Colombie-Britannique","British Columbia"
19204,"SECRET COVE","SECRET COVE",172,"Colombie-Britannique","British Columbia"
19206,"SEWELL INLET","SEWELL INLET",172,"Colombie-Britannique","British Columbia"
19207,"SHALALTH","SHALALTH",172,"Colombie-Britannique","British Columbia"
19208,"SHAWNIGAN LAKE","SHAWNIGAN LAKE",172,"Colombie-Britannique","British Columbia"
19209,"SHEARWATER","SHEARWATER",172,"Colombie-Britannique","British Columbia"
19210,"SICAMOUS","SICAMOUS",172,"Colombie-Britannique","British Columbia"
19211,"SIDNEY","SIDNEY",172,"Colombie-Britannique","British Columbia"
19213,"SILVERTON","SILVERTON",172,"Colombie-Britannique","British Columbia"
19214,"SIMOOM SOUND","SIMOOM SOUND",172,"Colombie-Britannique","British Columbia"
19217,"SKIDEGATE","SKIDEGATE",172,"Colombie-Britannique","British Columbia"
19219,"SLOCAN","SLOCAN",172,"Colombie-Britannique","British Columbia"
19222,"SOINTULA","SOINTULA",172,"Colombie-Britannique","British Columbia"
19223,"SOOKE","SOOKE",172,"Colombie-Britannique","British Columbia"
19224,"SORRENTO","SORRENTO",172,"Colombie-Britannique","British Columbia"
19227,"SOUTHBANK","SOUTHBANK",172,"Colombie-Britannique","British Columbia"
19231,"SQUAMISH","SQUAMISH",172,"Colombie-Britannique","British Columbia"
19232,"SQUIRREL COVE","SQUIRREL COVE",172,"Colombie-Britannique","British Columbia"
19233,"STEWART","STEWART",172,"Colombie-Britannique","British Columbia"
19234,"STUART ISLAND","STUART ISLAND",172,"Colombie-Britannique","British Columbia"
19235,"SULLIVAN BAY","SULLIVAN BAY",172,"Colombie-Britannique","British Columbia"
19236,"SUMMERLAND","SUMMERLAND",172,"Colombie-Britannique","British Columbia"
19238,"SUNSET PRAIRIE","SUNSET PRAIRIE",172,"Colombie-Britannique","British Columbia"
19239,"SURGE NARROWS","SURGE NARROWS",172,"Colombie-Britannique","British Columbia"
19242,"TACHIE","TACHIE",172,"Colombie-Britannique","British Columbia"
19243,"TAHSIS","TAHSIS",172,"Colombie-Britannique","British Columbia"
19244,"TAKLA LANDING","TAKLA LANDING",172,"Colombie-Britannique","British Columbia"
19245,"TAKYSIE LAKE","TAKYSIE LAKE",172,"Colombie-Britannique","British Columbia"
19251,"TELEGRAPH COVE","TELEGRAPH COVE",172,"Colombie-Britannique","British Columbia"
19255,"THETIS ISLAND","THETIS ISLAND",172,"Colombie-Britannique","British Columbia"
19260,"TOFINO","TOFINO",172,"Colombie-Britannique","British Columbia"
19263,"TRAIL","TRAIL",172,"Colombie-Britannique","British Columbia"
19264,"TROUT LAKE","TROUT LAKE",172,"Colombie-Britannique","British Columbia"
19265,"TSAWWASSEN","TSAWWASSEN",172,"Colombie-Britannique","British Columbia"
19266,"TULAMEEN","TULAMEEN",172,"Colombie-Britannique","British Columbia"
19268,"UCLUELET","UCLUELET",172,"Colombie-Britannique","British Columbia"
19269,"UNION BAY","UNION BAY",172,"Colombie-Britannique","British Columbia"
19271,"VALDES ISLAND","VALDES ISLAND",172,"Colombie-Britannique","British Columbia"
19275,"VANCOUVER","VANCOUVER",172,"Colombie-Britannique","British Columbia"
19280,"VESUVIUS","VESUVIUS",172,"Colombie-Britannique","British Columbia"
19281,"VICTORIA","VICTORIA",172,"Colombie-Britannique","British Columbia"
19283,"WAGLISLA","WAGLISLA",172,"Colombie-Britannique","British Columbia"
19285,"WALL BEACH","WALL BEACH",172,"Colombie-Britannique","British Columbia"
19289,"WASA","WASA",172,"Colombie-Britannique","British Columbia"
19290,"WELLINGTON","WELLINGTON",172,"Colombie-Britannique","British Columbia"
19292,"WEST VANCOUVER","WEST VANCOUVER",172,"Colombie-Britannique","British Columbia"
19293,"WESTBANK","WESTBANK",172,"Colombie-Britannique","British Columbia"
19296,"WESTSIDE","WESTSIDE",172,"Colombie-Britannique","British Columbia"
19297,"WESTVIEW","WESTVIEW",172,"Colombie-Britannique","British Columbia"
19299,"WHALETOWN","WHALETOWN",172,"Colombie-Britannique","British Columbia"
19300,"WHALLEY","WHALLEY",172,"Colombie-Britannique","British Columbia"
19303,"WHITE ROCK","WHITE ROCK",172,"Colombie-Britannique","British Columbia"
19304,"WHONNOCK","WHONNOCK",172,"Colombie-Britannique","British Columbia"
19305,"WILLIAMS LAKE","WILLIAMS LAKE",172,"Colombie-Britannique","British Columbia"
19308,"WILSON CREEK","WILSON CREEK",172,"Colombie-Britannique","British Columbia"
19309,"WINDERMERE","WINDERMERE",172,"Colombie-Britannique","British Columbia"
19312,"WINTER HARBOUR","WINTER HARBOUR",172,"Colombie-Britannique","British Columbia"
19314,"WOSS","WOSS",172,"Colombie-Britannique","British Columbia"
19320,"YOUBOU","YOUBOU",172,"Colombie-Britannique","British Columbia"
19321,"ZEBALLOS","ZEBALLOS",172,"Colombie-Britannique","British Columbia"
19322,"ABOITEAU","ABOITEAU",176,"Nouveau-Brunswick","New Brunswick"
19323,"ABOUJAGANE","ABOUJAGANE",176,"Nouveau-Brunswick","New Brunswick"
19324,"ALDERWOOD","ALDERWOOD",176,"Nouveau-Brunswick","New Brunswick"
19325,"ALDOUANE","ALDOUANE",176,"Nouveau-Brunswick","New Brunswick"
19326,"ALLARDVILLE","ALLARDVILLE",176,"Nouveau-Brunswick","New Brunswick"
19327,"ALMA","ALMA",176,"Nouveau-Brunswick","New Brunswick"
19328,"AMOS POINT","AMOS POINT",176,"Nouveau-Brunswick","New Brunswick"
19329,"ANSE-BLEUE","ANSE-BLEUE",176,"Nouveau-Brunswick","New Brunswick"
19330,"ARMSTRONG BROOK","ARMSTRONG BROOK",176,"Nouveau-Brunswick","New Brunswick"
19331,"ATHOLVILLE","ATHOLVILLE",176,"Nouveau-Brunswick","New Brunswick"
19332,"AULAC","AULAC",176,"Nouveau-Brunswick","New Brunswick"
19333,"BABINEAU","BABINEAU",176,"Nouveau-Brunswick","New Brunswick"
19334,"BACK BAY","BACK BAY",176,"Nouveau-Brunswick","New Brunswick"
19335,"BAIE DE PETIT POKEMOUCHE","BAIE DE PETIT POKEMOUCHE",176,"Nouveau-Brunswick","New Brunswick"
19336,"BAIE STE. ANNE","BAIE STE. ANNE",176,"Nouveau-Brunswick","New Brunswick"
19337,"BAIE VERTE","BAIE VERTE",176,"Nouveau-Brunswick","New Brunswick"
19338,"BAINS CORNER","BAINS CORNER",176,"Nouveau-Brunswick","New Brunswick"
19339,"BALMORAL","BALMORAL",176,"Nouveau-Brunswick","New Brunswick"
19340,"BARACHOIS","BARACHOIS",176,"Nouveau-Brunswick","New Brunswick"
19341,"BARKER'S POINT","BARKER'S POINT",176,"Nouveau-Brunswick","New Brunswick"
19342,"BARRYVILLE","BARRYVILLE",176,"Nouveau-Brunswick","New Brunswick"
19343,"BARTIBOG BRIDGE","BARTIBOG BRIDGE",176,"Nouveau-Brunswick","New Brunswick"
19344,"BAS CAP PELE","BAS CAP PELE",176,"Nouveau-Brunswick","New Brunswick"
19345,"BAS CARAQUET","BAS CARAQUET",176,"Nouveau-Brunswick","New Brunswick"
19346,"BAS NEGUAC","BAS NEGUAC",176,"Nouveau-Brunswick","New Brunswick"
19347,"BASS RIVER (GLOUCESTER)","BASS RIVER (GLOUCESTER)",176,"Nouveau-Brunswick","New Brunswick"
19348,"BASS RIVER (KENT)","BASS RIVER (KENT)",176,"Nouveau-Brunswick","New Brunswick"
19349,"BATHURST","BATHURST",176,"Nouveau-Brunswick","New Brunswick"
19350,"BAY DU VIN RIVER","BAY DU VIN RIVER",176,"Nouveau-Brunswick","New Brunswick"
19351,"BAYFIELD","BAYFIELD",176,"Nouveau-Brunswick","New Brunswick"
19352,"BAYSIDE (BOTSFORD)","BAYSIDE (BOTSFORD)",176,"Nouveau-Brunswick","New Brunswick"
19353,"BAYSIDE (POINT CROIX)","BAYSIDE (POINT CROIX)",176,"Nouveau-Brunswick","New Brunswick"
19354,"BAYSWATER","BAYSWATER",176,"Nouveau-Brunswick","New Brunswick"
19355,"BEAUDIN ROAD","BEAUDIN ROAD",176,"Nouveau-Brunswick","New Brunswick"
19356,"BEAUMONT","BEAUMONT",176,"Nouveau-Brunswick","New Brunswick"
19357,"BEAVER HARBOUR","BEAVER HARBOUR",176,"Nouveau-Brunswick","New Brunswick"
19358,"BEDEC","BEDEC",176,"Nouveau-Brunswick","New Brunswick"
19359,"BEERSVILLE","BEERSVILLE",176,"Nouveau-Brunswick","New Brunswick"
19360,"BELLEDUNE","BELLEDUNE",176,"Nouveau-Brunswick","New Brunswick"
19361,"BELLEDUNE RIVER","BELLEDUNE RIVER",176,"Nouveau-Brunswick","New Brunswick"
19362,"BELLEISLE BAY","BELLEISLE BAY",176,"Nouveau-Brunswick","New Brunswick"
19363,"BELLIVEAU VILLAGE","BELLIVEAU VILLAGE",176,"Nouveau-Brunswick","New Brunswick"
19364,"BELLS MILLS","BELLS MILLS",176,"Nouveau-Brunswick","New Brunswick"
19365,"BENJAMIN RIVER","BENJAMIN RIVER",176,"Nouveau-Brunswick","New Brunswick"
19366,"BERESFORD","BERESFORD",176,"Nouveau-Brunswick","New Brunswick"
19367,"BERTRAND","BERTRAND",176,"Nouveau-Brunswick","New Brunswick"
19368,"BETHEL","BETHEL",176,"Nouveau-Brunswick","New Brunswick"
19369,"BIG COVE","BIG COVE",176,"Nouveau-Brunswick","New Brunswick"
19370,"BIG TRACADIE RIVER","BIG TRACADIE RIVER",176,"Nouveau-Brunswick","New Brunswick"
19371,"BIRCH COVE","BIRCH COVE",176,"Nouveau-Brunswick","New Brunswick"
19372,"BLACK LAND","BLACK LAND",176,"Nouveau-Brunswick","New Brunswick"
19373,"BLACK POINT","BLACK POINT",176,"Nouveau-Brunswick","New Brunswick"
19374,"BLACK RIVER (NORTHUMBERLAND)","BLACK RIVER (NORTHUMBERLAND)",176,"Nouveau-Brunswick","New Brunswick"
19375,"BLACK RIVER (ST. JOHN)","BLACK RIVER (ST. JOHN)",176,"Nouveau-Brunswick","New Brunswick"
19382,"AHOUSAT","AHOUSAT",172,"Colombie-Britannique","British Columbia"
19383,"AINSWORTH HOT SPRINGS","AINSWORTH HOT SPRINGS",172,"Colombie-Britannique","British Columbia"
19385,"ALBION","ALBION",172,"Colombie-Britannique","British Columbia"
19387,"ALERT BAY","ALERT BAY",172,"Colombie-Britannique","British Columbia"
19389,"ALICE ARM","ALICE ARM",172,"Colombie-Britannique","British Columbia"
19393,"ANGLEMONT","ANGLEMONT",172,"Colombie-Britannique","British Columbia"
19396,"ARGENTA","ARGENTA",172,"Colombie-Britannique","British Columbia"
19398,"ARRANDALE","ARRANDALE",172,"Colombie-Britannique","British Columbia"
19402,"ATLIN","ATLIN",172,"Colombie-Britannique","British Columbia"
19406,"BALFOUR","BALFOUR",172,"Colombie-Britannique","British Columbia"
19407,"BAMFIELD","BAMFIELD",172,"Colombie-Britannique","British Columbia"
19409,"BARNET","BARNET",172,"Colombie-Britannique","British Columbia"
19410,"BARNSTON ISLAND","BARNSTON ISLAND",172,"Colombie-Britannique","British Columbia"
19412,"BEACH GROVE","BEACH GROVE",172,"Colombie-Britannique","British Columbia"
19414,"BEAVER COVE","BEAVER COVE",172,"Colombie-Britannique","British Columbia"
19416,"BELCARRA","BELCARRA",172,"Colombie-Britannique","British Columbia"
19417,"BELLA BELLA","BELLA BELLA",172,"Colombie-Britannique","British Columbia"
19418,"BELLA COOLA","BELLA COOLA",172,"Colombie-Britannique","British Columbia"
19419,"BIG BAY","BIG BAY",172,"Colombie-Britannique","British Columbia"
19421,"BLACK CREEK","BLACK CREEK",172,"Colombie-Britannique","British Columbia"
19422,"BLIND BAY","BLIND BAY",172,"Colombie-Britannique","British Columbia"
19423,"BLIND CHANNEL","BLIND CHANNEL",172,"Colombie-Britannique","British Columbia"
19424,"BLUBBER BAY","BLUBBER BAY",172,"Colombie-Britannique","British Columbia"
19428,"BOSWELL","BOSWELL",172,"Colombie-Britannique","British Columbia"
19430,"BOWEN ISLAND","BOWEN ISLAND",172,"Colombie-Britannique","British Columbia"
19431,"BOWSER","BOWSER",172,"Colombie-Britannique","British Columbia"
19434,"BRENTWOOD BAY","BRENTWOOD BAY",172,"Colombie-Britannique","British Columbia"
19436,"BRIDGE LAKE","BRIDGE LAKE",172,"Colombie-Britannique","British Columbia"
19438,"BRITANNIA BEACH","BRITANNIA BEACH",172,"Colombie-Britannique","British Columbia"
19442,"BURNABY","BURNABY",172,"Colombie-Britannique","British Columbia"
19445,"BUTEDALE","BUTEDALE",172,"Colombie-Britannique","British Columbia"
19447,"CAMPBELL ISLAND","CAMPBELL ISLAND",172,"Colombie-Britannique","British Columbia"
19448,"CAMPBELL RIVER","CAMPBELL RIVER",172,"Colombie-Britannique","British Columbia"
19450,"CANIM LAKE","CANIM LAKE",172,"Colombie-Britannique","British Columbia"
19451,"CANOE","CANOE",172,"Colombie-Britannique","British Columbia"
19460,"CELISTA","CELISTA",172,"Colombie-Britannique","British Columbia"
19463,"CHASE","CHASE",172,"Colombie-Britannique","British Columbia"
19464,"CHEMAINUS","CHEMAINUS",172,"Colombie-Britannique","British Columbia"
19468,"CHRISTINA LAKE","CHRISTINA LAKE",172,"Colombie-Britannique","British Columbia"
19471,"CLAYOQUOT","CLAYOQUOT",172,"Colombie-Britannique","British Columbia"
19476,"COAL HARBOUR","COAL HARBOUR",172,"Colombie-Britannique","British Columbia"
19480,"COLWOOD","COLWOOD",172,"Colombie-Britannique","British Columbia"
19481,"COMOX","COMOX",172,"Colombie-Britannique","British Columbia"
19483,"COQUITLAM","COQUITLAM",172,"Colombie-Britannique","British Columbia"
19484,"CORDOVA BAY","CORDOVA BAY",172,"Colombie-Britannique","British Columbia"
19485,"CORTES BAY","CORTES BAY",172,"Colombie-Britannique","British Columbia"
19486,"CORTES ISLAND","CORTES ISLAND",172,"Colombie-Britannique","British Columbia"
19487,"COURTENAY","COURTENAY",172,"Colombie-Britannique","British Columbia"
19488,"COWICHAN BAY","COWICHAN BAY",172,"Colombie-Britannique","British Columbia"
19490,"CRAWFORD BAY","CRAWFORD BAY",172,"Colombie-Britannique","British Columbia"
19491,"CRESCENT SPUR","CRESCENT SPUR",172,"Colombie-Britannique","British Columbia"
19494,"CROFTON","CROFTON",172,"Colombie-Britannique","British Columbia"
19501,"DAWSONS LANDING","DAWSONS LANDING",172,"Colombie-Britannique","British Columbia"
19503,"DECKER LAKE","DECKER LAKE",172,"Colombie-Britannique","British Columbia"
19504,"DEEP BAY","DEEP BAY",172,"Colombie-Britannique","British Columbia"
19505,"DEEP COVE","DEEP COVE",172,"Colombie-Britannique","British Columbia"
19506,"DELTA","DELTA",172,"Colombie-Britannique","British Columbia"
19507,"DENMAN ISLAND","DENMAN ISLAND",172,"Colombie-Britannique","British Columbia"
19508,"DENNY ISLAND","DENNY ISLAND",172,"Colombie-Britannique","British Columbia"
19514,"DUNCAN","DUNCAN",172,"Colombie-Britannique","British Columbia"
19516,"EAGLE BAY","EAGLE BAY",172,"Colombie-Britannique","British Columbia"
19517,"EAGLE CREEK","EAGLE CREEK",172,"Colombie-Britannique","British Columbia"
19521,"EDGEWOOD","EDGEWOOD",172,"Colombie-Britannique","British Columbia"
19522,"EGMONT","EGMONT",172,"Colombie-Britannique","British Columbia"
19529,"ESQUIMALT","ESQUIMALT",172,"Colombie-Britannique","British Columbia"
19532,"FANNY BAY","FANNY BAY",172,"Colombie-Britannique","British Columbia"
19534,"FAUQUIER","FAUQUIER",172,"Colombie-Britannique","British Columbia"
19545,"FRANKLIN RIVER","FRANKLIN RIVER",172,"Colombie-Britannique","British Columbia"
19547,"FRENCH CREEK","FRENCH CREEK",172,"Colombie-Britannique","British Columbia"
19549,"FULFORD HARBOUR","FULFORD HARBOUR",172,"Colombie-Britannique","British Columbia"
19550,"GABRIOLA","GABRIOLA",172,"Colombie-Britannique","British Columbia"
19551,"GABRIOLA ISLAND","GABRIOLA ISLAND",172,"Colombie-Britannique","British Columbia"
19552,"GALIANO","GALIANO",172,"Colombie-Britannique","British Columbia"
19553,"GALIANO ISLAND","GALIANO ISLAND",172,"Colombie-Britannique","British Columbia"
19555,"GAMBIER ISLAND","GAMBIER ISLAND",172,"Colombie-Britannique","British Columbia"
19557,"GANGES","GANGES",172,"Colombie-Britannique","British Columbia"
19558,"GARDEN BAY","GARDEN BAY",172,"Colombie-Britannique","British Columbia"
19562,"GIBSONS","GIBSONS",172,"Colombie-Britannique","British Columbia"
19563,"GILLIES BAY","GILLIES BAY",172,"Colombie-Britannique","British Columbia"
19564,"GITWINKSIHLKW","GITWINKSIHLKW",172,"Colombie-Britannique","British Columbia"
19565,"GLEN LAKE","GLEN LAKE",172,"Colombie-Britannique","British Columbia"
19568,"GOLD RIVER","GOLD RIVER",172,"Colombie-Britannique","British Columbia"
19573,"GRANISLE","GRANISLE",172,"Colombie-Britannique","British Columbia"
19574,"GRANTHAMS LANDING","GRANTHAMS LANDING",172,"Colombie-Britannique","British Columbia"
19577,"GRAY CREEK","GRAY CREEK",172,"Colombie-Britannique","British Columbia"
19578,"GREENVILLE","GREENVILLE",172,"Colombie-Britannique","British Columbia"
19582,"HAGENSBORG","HAGENSBORG",172,"Colombie-Britannique","British Columbia"
19583,"HAISLA","HAISLA",172,"Colombie-Britannique","British Columbia"
19584,"HALFMOON BAY","HALFMOON BAY",172,"Colombie-Britannique","British Columbia"
19586,"HANEY","HANEY",172,"Colombie-Britannique","British Columbia"
19588,"HARRISON HOT SPRINGS","HARRISON HOT SPRINGS",172,"Colombie-Britannique","British Columbia"
19589,"HARRISON MILLS","HARRISON MILLS",172,"Colombie-Britannique","British Columbia"
19591,"HARTLEY BAY","HARTLEY BAY",172,"Colombie-Britannique","British Columbia"
19595,"HERIOT BAY","HERIOT BAY",172,"Colombie-Britannique","British Columbia"
19597,"HOLBERG","HOLBERG",172,"Colombie-Britannique","British Columbia"
19598,"HONEYMOON BAY","HONEYMOON BAY",172,"Colombie-Britannique","British Columbia"
19600,"HOPKINS LANDING","HOPKINS LANDING",172,"Colombie-Britannique","British Columbia"
19601,"HORNBY ISLAND","HORNBY ISLAND",172,"Colombie-Britannique","British Columbia"
19606,"INVERMERE","INVERMERE",172,"Colombie-Britannique","British Columbia"
19607,"IOCO","IOCO",172,"Colombie-Britannique","British Columbia"
19610,"JUSKATLA","JUSKATLA",172,"Colombie-Britannique","British Columbia"
19612,"KAMLOOPS","KAMLOOPS",172,"Colombie-Britannique","British Columbia"
19613,"KASLO","KASLO",172,"Colombie-Britannique","British Columbia"
19614,"KEATING","KEATING",172,"Colombie-Britannique","British Columbia"
19615,"KEATS ISLAND","KEATS ISLAND",172,"Colombie-Britannique","British Columbia"
19616,"KELOWNA","KELOWNA",172,"Colombie-Britannique","British Columbia"
19620,"KILDONAN","KILDONAN",172,"Colombie-Britannique","British Columbia"
19622,"KINCOLITH","KINCOLITH",172,"Colombie-Britannique","British Columbia"
19623,"KINGCOME INLET","KINGCOME INLET",172,"Colombie-Britannique","British Columbia"
19627,"KITIMAT","KITIMAT",172,"Colombie-Britannique","British Columbia"
19628,"KITKATLA","KITKATLA",172,"Colombie-Britannique","British Columbia"
19629,"KITWANGA","KITWANGA",172,"Colombie-Britannique","British Columbia"
19631,"KLEMTU","KLEMTU",172,"Colombie-Britannique","British Columbia"
19633,"KOKISH","KOKISH",172,"Colombie-Britannique","British Columbia"
19635,"KOOTENAY BAY","KOOTENAY BAY",172,"Colombie-Britannique","British Columbia"
19636,"KYUQUOT","KYUQUOT",172,"Colombie-Britannique","British Columbia"
19637,"LAC LA HACHE","LAC LA HACHE",172,"Colombie-Britannique","British Columbia"
19638,"LAC LE JEUNE","LAC LE JEUNE",172,"Colombie-Britannique","British Columbia"
19639,"LADNER","LADNER",172,"Colombie-Britannique","British Columbia"
19640,"LADYSMITH","LADYSMITH",172,"Colombie-Britannique","British Columbia"
19642,"LAKE COWICHAN","LAKE COWICHAN",172,"Colombie-Britannique","British Columbia"
19643,"LAKE ERROCK","LAKE ERROCK",172,"Colombie-Britannique","British Columbia"
19645,"LANGDALE","LANGDALE",172,"Colombie-Britannique","British Columbia"
19646,"LANGFORD","LANGFORD",172,"Colombie-Britannique","British Columbia"
19648,"LANTZVILLE","LANTZVILLE",172,"Colombie-Britannique","British Columbia"
19649,"LARDEAU","LARDEAU",172,"Colombie-Britannique","British Columbia"
19650,"LASQUETI","LASQUETI",172,"Colombie-Britannique","British Columbia"
19651,"LASQUETI ISLAND","LASQUETI ISLAND",172,"Colombie-Britannique","British Columbia"
19653,"LAX KW'ALAAMS","LAX KW'ALAAMS",172,"Colombie-Britannique","British Columbia"
19654,"LAZO","LAZO",172,"Colombie-Britannique","British Columbia"
19657,"LINDELL BEACH","LINDELL BEACH",172,"Colombie-Britannique","British Columbia"
19658,"LIONS BAY","LIONS BAY",172,"Colombie-Britannique","British Columbia"
19668,"LUND","LUND",172,"Colombie-Britannique","British Columbia"
19671,"MADEIRA PARK","MADEIRA PARK",172,"Colombie-Britannique","British Columbia"
19672,"MAGNA BAY","MAGNA BAY",172,"Colombie-Britannique","British Columbia"
19673,"MAHATTA RIVER","MAHATTA RIVER",172,"Colombie-Britannique","British Columbia"
19675,"MALAHAT","MALAHAT",172,"Colombie-Britannique","British Columbia"
19679,"MANSONS LANDING","MANSONS LANDING",172,"Colombie-Britannique","British Columbia"
19680,"MAPLE BAY","MAPLE BAY",172,"Colombie-Britannique","British Columbia"
19681,"MAPLE RIDGE","MAPLE RIDGE",172,"Colombie-Britannique","British Columbia"
19684,"MASSET","MASSET",172,"Colombie-Britannique","British Columbia"
19686,"MAYNE","MAYNE",172,"Colombie-Britannique","British Columbia"
19687,"MAYNE ISLAND","MAYNE ISLAND",172,"Colombie-Britannique","British Columbia"
19689,"MCLEESE LAKE","MCLEESE LAKE",172,"Colombie-Britannique","British Columbia"
19694,"MERVILLE","MERVILLE",172,"Colombie-Britannique","British Columbia"
19695,"MESACHIE LAKE","MESACHIE LAKE",172,"Colombie-Britannique","British Columbia"
19696,"METCHOSIN","METCHOSIN",172,"Colombie-Britannique","British Columbia"
19697,"METLAKATLA","METLAKATLA",172,"Colombie-Britannique","British Columbia"
19700,"MILL BAY","MILL BAY",172,"Colombie-Britannique","British Columbia"
19702,"MINSTREL ISLAND","MINSTREL ISLAND",172,"Colombie-Britannique","British Columbia"
19703,"MISSION","MISSION",172,"Colombie-Britannique","British Columbia"
19704,"MOBERLY LAKE","MOBERLY LAKE",172,"Colombie-Britannique","British Columbia"
19709,"MORICETOWN","MORICETOWN",172,"Colombie-Britannique","British Columbia"
19714,"NAKUSP","NAKUSP",172,"Colombie-Britannique","British Columbia"
19715,"NAMU","NAMU",172,"Colombie-Britannique","British Columbia"
19716,"NANAIMO","NANAIMO",172,"Colombie-Britannique","British Columbia"
19717,"NANOOSE BAY","NANOOSE BAY",172,"Colombie-Britannique","British Columbia"
19718,"NARAMATA","NARAMATA",172,"Colombie-Britannique","British Columbia"
19720,"NELSON","NELSON",172,"Colombie-Britannique","British Columbia"
19723,"NEW DENVER","NEW DENVER",172,"Colombie-Britannique","British Columbia"
19725,"NEW WESTMINSTER","NEW WESTMINSTER",172,"Colombie-Britannique","British Columbia"
19728,"NIMPO LAKE","NIMPO LAKE",172,"Colombie-Britannique","British Columbia"
19730,"NORTH SAANICH","NORTH SAANICH",172,"Colombie-Britannique","British Columbia"
19731,"NORTH VANCOUVER","NORTH VANCOUVER",172,"Colombie-Britannique","British Columbia"
19733,"OAK BAY","OAK BAY",172,"Colombie-Britannique","British Columbia"
19734,"OCEAN FALLS","OCEAN FALLS",172,"Colombie-Britannique","British Columbia"
19735,"OKANAGAN CENTRE","OKANAGAN CENTRE",172,"Colombie-Britannique","British Columbia"
19736,"OKANAGAN FALLS","OKANAGAN FALLS",172,"Colombie-Britannique","British Columbia"
19737,"OKANAGAN MISSION","OKANAGAN MISSION",172,"Colombie-Britannique","British Columbia"
19738,"OLD MASSET","OLD MASSET",172,"Colombie-Britannique","British Columbia"
19740,"OONA RIVER","OONA RIVER",172,"Colombie-Britannique","British Columbia"
19741,"OSOYOOS","OSOYOOS",172,"Colombie-Britannique","British Columbia"
19742,"OYAMA","OYAMA",172,"Colombie-Britannique","British Columbia"
19744,"PARKSVILLE","PARKSVILLE",172,"Colombie-Britannique","British Columbia"
19747,"PEACHLAND","PEACHLAND",172,"Colombie-Britannique","British Columbia"
19749,"PENDER HARBOUR","PENDER HARBOUR",172,"Colombie-Britannique","British Columbia"
19750,"FISHING SHIPS HARBOUR","FISHING SHIPS HARBOUR",178,"Terre-Neuve-et-Labrador","Newfoundland and Labrador"
19751,"FISHOT ISLANDS","FISHOT ISLANDS",178,"Terre-Neuve-et-Labrador","Newfoundland and Labrador"
19752,"FIVE ISLANDS","FIVE ISLANDS",178,"Terre-Neuve-et-Labrador","Newfoundland and Labrador"
19753,"FLAT BAY","FLAT BAY",178,"Terre-Neuve-et-Labrador","Newfoundland and Labrador"
19754,"FLAT ISLAND","FLAT ISLAND",178,"Terre-Neuve-et-Labrador","Newfoundland and Labrador"
19755,"FLATROCK","FLATROCK",178,"Terre-Neuve-et-Labrador","Newfoundland and Labrador"
19756,"FLEUR DE LYS","FLEUR DE LYS",178,"Terre-Neuve-et-Labrador","Newfoundland and Labrador"
19757,"FLOWERS COVE","FLOWERS COVE",178,"Terre-Neuve-et-Labrador","Newfoundland and Labrador"
19758,"FOGO","FOGO",178,"Terre-Neuve-et-Labrador","Newfoundland and Labrador"
19759,"FORDS HR, MAKKOVIK BAY","FORDS HR, MAKKOVIK BAY",178,"Terre-Neuve-et-Labrador","Newfoundland and Labrador"
19760,"FORDS HR, PAUL ISLAND","FORDS HR, PAUL ISLAND",178,"Terre-Neuve-et-Labrador","Newfoundland and Labrador"
19761,"FORRESTERS POINT","FORRESTERS POINT",178,"Terre-Neuve-et-Labrador","Newfoundland and Labrador"
19762,"FORTEAU","FORTEAU",178,"Terre-Neuve-et-Labrador","Newfoundland and Labrador"
19763,"FORTUNE","FORTUNE",178,"Terre-Neuve-et-Labrador","Newfoundland and Labrador"
19764,"FORTUNE HARBOUR","FORTUNE HARBOUR",178,"Terre-Neuve-et-Labrador","Newfoundland and Labrador"
19765,"FOX COVE (NEAR BURIN)","FOX COVE (NEAR BURIN)",178,"Terre-Neuve-et-Labrador","Newfoundland and Labrador"
19766,"FOX COVE (NEAR CARTWRIGHT)","FOX COVE (NEAR CARTWRIGHT)",178,"Terre-Neuve-et-Labrador","Newfoundland and Labrador"
19767,"FOX COVE (NEAR L'ANSE AU LOUP)","FOX COVE (NEAR L'ANSE AU LOUP)",178,"Terre-Neuve-et-Labrador","Newfoundland and Labrador"
19768,"FOX COVE, FORTUNE BAY","FOX COVE, FORTUNE BAY",178,"Terre-Neuve-et-Labrador","Newfoundland and Labrador"
19769,"FOX HARBOUR, P. B. (NEAR DUNVILLE)","FOX HARBOUR, P. B. (NEAR DUNVILLE)",178,"Terre-Neuve-et-Labrador","Newfoundland and Labrador"
19770,"FOX ISLAND RIVER","FOX ISLAND RIVER",178,"Terre-Neuve-et-Labrador","Newfoundland and Labrador"
19771,"FOX ROOST","FOX ROOST",178,"Terre-Neuve-et-Labrador","Newfoundland and Labrador"
19772,"FOXTRAP","FOXTRAP",178,"Terre-Neuve-et-Labrador","Newfoundland and Labrador"
19773,"FRANCIS HARBOUR","FRANCIS HARBOUR",178,"Terre-Neuve-et-Labrador","Newfoundland and Labrador"
19774,"FRANCIS HARBOUR BIGHT","FRANCIS HARBOUR BIGHT",178,"Terre-Neuve-et-Labrador","Newfoundland and Labrador"
19775,"FRANCOIS","FRANCOIS",178,"Terre-Neuve-et-Labrador","Newfoundland and Labrador"
19776,"FREDERICKTON","FREDERICKTON",178,"Terre-Neuve-et-Labrador","Newfoundland and Labrador"
19777,"FRENCH ISLAND","FRENCH ISLAND",178,"Terre-Neuve-et-Labrador","Newfoundland and Labrador"
19778,"FRENCHMAN'S COVE, BAY OF ISLANDS","FRENCHMAN'S COVE, BAY OF ISLANDS",178,"Terre-Neuve-et-Labrador","Newfoundland and Labrador"
19779,"FRENCHMAN'S COVE, FORTUNE BAY","FRENCHMAN'S COVE, FORTUNE BAY",178,"Terre-Neuve-et-Labrador","Newfoundland and Labrador"
19780,"FRENCHMAN'S ISLAND","FRENCHMAN'S ISLAND",178,"Terre-Neuve-et-Labrador","Newfoundland and Labrador"
19781,"FRENCH'S COVE","FRENCH'S COVE",178,"Terre-Neuve-et-Labrador","Newfoundland and Labrador"
19782,"FRESHWATER, CONCEPTION BAY","FRESHWATER, CONCEPTION BAY",178,"Terre-Neuve-et-Labrador","Newfoundland and Labrador"
19783,"FRESHWATER, PLACENTIA BAY","FRESHWATER, PLACENTIA BAY",178,"Terre-Neuve-et-Labrador","Newfoundland and Labrador"
19784,"FRYS COVE","FRYS COVE",178,"Terre-Neuve-et-Labrador","Newfoundland and Labrador"
19785,"FURBYS COVE","FURBYS COVE",178,"Terre-Neuve-et-Labrador","Newfoundland and Labrador"
19786,"GAMBO","GAMBO",178,"Terre-Neuve-et-Labrador","Newfoundland and Labrador"
19788,"GANG ISLAND","GANG ISLAND",178,"Terre-Neuve-et-Labrador","Newfoundland and Labrador"
19789,"GARDEN COVE","GARDEN COVE",178,"Terre-Neuve-et-Labrador","Newfoundland and Labrador"
19790,"GARNISH","GARNISH",178,"Terre-Neuve-et-Labrador","Newfoundland and Labrador"
19791,"GASKIERS","GASKIERS",178,"Terre-Neuve-et-Labrador","Newfoundland and Labrador"
19792,"GAULTOIS","GAULTOIS",178,"Terre-Neuve-et-Labrador","Newfoundland and Labrador"
19793,"GEORGE'S BROOK","GEORGE'S BROOK",178,"Terre-Neuve-et-Labrador","Newfoundland and Labrador"
19794,"GEORGES COVE","GEORGES COVE",178,"Terre-Neuve-et-Labrador","Newfoundland and Labrador"
19796,"GEORGE'S POINT","GEORGE'S POINT",178,"Terre-Neuve-et-Labrador","Newfoundland and Labrador"
19797,"GILESPORT","GILESPORT",178,"Terre-Neuve-et-Labrador","Newfoundland and Labrador"
19798,"GILLAMS","GILLAMS",178,"Terre-Neuve-et-Labrador","Newfoundland and Labrador"
19799,"GIN COVE","GIN COVE",178,"Terre-Neuve-et-Labrador","Newfoundland and Labrador"
19800,"GLOVER'S HARBOUR","GLOVER'S HARBOUR",178,"Terre-Neuve-et-Labrador","Newfoundland and Labrador"
19801,"GLOVERTOWN","GLOVERTOWN",178,"Terre-Neuve-et-Labrador","Newfoundland and Labrador"
19802,"GOOSE COVE (NEAR ST. ANTHONY)","GOOSE COVE (NEAR ST. ANTHONY)",178,"Terre-Neuve-et-Labrador","Newfoundland and Labrador"
19803,"GOOSE COVE, TRINITY BAY","GOOSE COVE, TRINITY BAY",178,"Terre-Neuve-et-Labrador","Newfoundland and Labrador"
19804,"GOOSEBERRY COVE","GOOSEBERRY COVE",178,"Terre-Neuve-et-Labrador","Newfoundland and Labrador"
19805,"GRADY","GRADY",178,"Terre-Neuve-et-Labrador","Newfoundland and Labrador"
19806,"GRAND BANK","GRAND BANK",178,"Terre-Neuve-et-Labrador","Newfoundland and Labrador"
19807,"GRAND BAY","GRAND BAY",178,"Terre-Neuve-et-Labrador","Newfoundland and Labrador"
19808,"GRAND BEACH","GRAND BEACH",178,"Terre-Neuve-et-Labrador","Newfoundland and Labrador"
19809,"GRAND BRUIT","GRAND BRUIT",178,"Terre-Neuve-et-Labrador","Newfoundland and Labrador"
19811,"GRAND JERSEY","GRAND JERSEY",178,"Terre-Neuve-et-Labrador","Newfoundland and Labrador"
19812,"GRAND JOHN","GRAND JOHN",178,"Terre-Neuve-et-Labrador","Newfoundland and Labrador"
19813,"GRAND LA PIERRE","GRAND LA PIERRE",178,"Terre-Neuve-et-Labrador","Newfoundland and Labrador"
19814,"GRATES COVE","GRATES COVE",178,"Terre-Neuve-et-Labrador","Newfoundland and Labrador"
19815,"GREAT BREHAT","GREAT BREHAT",178,"Terre-Neuve-et-Labrador","Newfoundland and Labrador"
19816,"GREAT HARBOUR DEEP","GREAT HARBOUR DEEP",178,"Terre-Neuve-et-Labrador","Newfoundland and Labrador"
19817,"GREAT JARVIS","GREAT JARVIS",178,"Terre-Neuve-et-Labrador","Newfoundland and Labrador"
19818,"GREAT PARADISE","GREAT PARADISE",178,"Terre-Neuve-et-Labrador","Newfoundland and Labrador"
19819,"GREAT ST. JOSEPH'S","GREAT ST. JOSEPH'S",178,"Terre-Neuve-et-Labrador","Newfoundland and Labrador"
19820,"GREEN COVE","GREEN COVE",178,"Terre-Neuve-et-Labrador","Newfoundland and Labrador"
19821,"GREEN ISLAND BROOK","GREEN ISLAND BROOK",178,"Terre-Neuve-et-Labrador","Newfoundland and Labrador"
19822,"GREEN ISLAND COVE","GREEN ISLAND COVE",178,"Terre-Neuve-et-Labrador","Newfoundland and Labrador"
19823,"GREEN ISLAND, BAY OF ISLANDS","GREEN ISLAND, BAY OF ISLANDS",178,"Terre-Neuve-et-Labrador","Newfoundland and Labrador"
19824,"GREEN ISLAND, LABRADOR","GREEN ISLAND, LABRADOR",178,"Terre-Neuve-et-Labrador","Newfoundland and Labrador"
19825,"GREEN POINT","GREEN POINT",178,"Terre-Neuve-et-Labrador","Newfoundland and Labrador"
19826,"GREENS HARBOUR","GREENS HARBOUR",178,"Terre-Neuve-et-Labrador","Newfoundland and Labrador"
19827,"GREENSPOND","GREENSPOND",178,"Terre-Neuve-et-Labrador","Newfoundland and Labrador"
19828,"GRENFELL SOUND","GRENFELL SOUND",178,"Terre-Neuve-et-Labrador","Newfoundland and Labrador"
19829,"GREY ISLANDS","GREY ISLANDS",178,"Terre-Neuve-et-Labrador","Newfoundland and Labrador"
19830,"GREY RIVER","GREY RIVER",178,"Terre-Neuve-et-Labrador","Newfoundland and Labrador"
19831,"GRIQUET","GRIQUET",178,"Terre-Neuve-et-Labrador","Newfoundland and Labrador"
19832,"GROLE","GROLE",178,"Terre-Neuve-et-Labrador","Newfoundland and Labrador"
19833,"GULL ISLAND","GULL ISLAND",178,"Terre-Neuve-et-Labrador","Newfoundland and Labrador"
19834,"GUNNERS COVE","GUNNERS COVE",178,"Terre-Neuve-et-Labrador","Newfoundland and Labrador"
19835,"HALFWAY POINT","HALFWAY POINT",178,"Terre-Neuve-et-Labrador","Newfoundland and Labrador"
19836,"HAMPDEN","HAMPDEN",178,"Terre-Neuve-et-Labrador","Newfoundland and Labrador"
19837,"HANT'S HARBOUR","HANT'S HARBOUR",178,"Terre-Neuve-et-Labrador","Newfoundland and Labrador"
19838,"HAPPY ADVENTURE","HAPPY ADVENTURE",178,"Terre-Neuve-et-Labrador","Newfoundland and Labrador"
19839,"HAPPY VALLEY-GOOSE BAY","HAPPY VALLEY-GOOSE BAY",178,"Terre-Neuve-et-Labrador","Newfoundland and Labrador"
19840,"HARBOUR BRETON","HARBOUR BRETON",178,"Terre-Neuve-et-Labrador","Newfoundland and Labrador"
19841,"HARBOUR BUFFETT","HARBOUR BUFFETT",178,"Terre-Neuve-et-Labrador","Newfoundland and Labrador"
19842,"HARBOUR GRACE","HARBOUR GRACE",178,"Terre-Neuve-et-Labrador","Newfoundland and Labrador"
19843,"HARBOUR LE COU","HARBOUR LE COU",178,"Terre-Neuve-et-Labrador","Newfoundland and Labrador"
19844,"HARBOUR MAIN","HARBOUR MAIN",178,"Terre-Neuve-et-Labrador","Newfoundland and Labrador"
19845,"HARBOUR MILLE","HARBOUR MILLE",178,"Terre-Neuve-et-Labrador","Newfoundland and Labrador"
19846,"HARBOUR ROUND","HARBOUR ROUND",178,"Terre-Neuve-et-Labrador","Newfoundland and Labrador"
19847,"HARCOURT","HARCOURT",178,"Terre-Neuve-et-Labrador","Newfoundland and Labrador"
19848,"HARE BAY","HARE BAY",178,"Terre-Neuve-et-Labrador","Newfoundland and Labrador"
19849,"BLACK RIVER BRIDGE","BLACK RIVER BRIDGE",176,"Nouveau-Brunswick","New Brunswick"
19850,"BLACK'S HARBOUR","BLACK'S HARBOUR",176,"Nouveau-Brunswick","New Brunswick"
19851,"BLACKVILLE","BLACKVILLE",176,"Nouveau-Brunswick","New Brunswick"
19852,"BLANCHARD SETTLEMENT","BLANCHARD SETTLEMENT",176,"Nouveau-Brunswick","New Brunswick"
19853,"BLISS ISLAND","BLISS ISLAND",176,"Nouveau-Brunswick","New Brunswick"
19854,"BLOOMFIELD","BLOOMFIELD",176,"Nouveau-Brunswick","New Brunswick"
19855,"BLOOMFIELD RIDGE","BLOOMFIELD RIDGE",176,"Nouveau-Brunswick","New Brunswick"
19856,"BOCABEC","BOCABEC",176,"Nouveau-Brunswick","New Brunswick"
19857,"BOIS BLANC","BOIS BLANC",176,"Nouveau-Brunswick","New Brunswick"
19858,"BOTSFORD","BOTSFORD",176,"Nouveau-Brunswick","New Brunswick"
19859,"BOUCTOUCHE","BOUCTOUCHE",176,"Nouveau-Brunswick","New Brunswick"
19860,"BOUCTOUCHE BAY","BOUCTOUCHE BAY",176,"Nouveau-Brunswick","New Brunswick"
19861,"BOUCTOUCHE RIVER","BOUCTOUCHE RIVER",176,"Nouveau-Brunswick","New Brunswick"
19862,"BOUDREAU VILLAGE","BOUDREAU VILLAGE",176,"Nouveau-Brunswick","New Brunswick"
19863,"BOURGEOIS MILLS","BOURGEOIS MILLS",176,"Nouveau-Brunswick","New Brunswick"
19866,"BRANSFIELD","BRANSFIELD",176,"Nouveau-Brunswick","New Brunswick"
19867,"BRANTVILLE","BRANTVILLE",176,"Nouveau-Brunswick","New Brunswick"
19868,"BREAU VILLAGE","BREAU VILLAGE",176,"Nouveau-Brunswick","New Brunswick"
19869,"BRIDGEDALE","BRIDGEDALE",176,"Nouveau-Brunswick","New Brunswick"
19870,"BROWN'S FLATS","BROWN'S FLATS",176,"Nouveau-Brunswick","New Brunswick"
19871,"BROWNS YARD","BROWNS YARD",176,"Nouveau-Brunswick","New Brunswick"
19872,"BRYENTON","BRYENTON",176,"Nouveau-Brunswick","New Brunswick"
19873,"BULGARIA (KENT)","BULGARIA (KENT)",176,"Nouveau-Brunswick","New Brunswick"
19874,"BULGARIA (NORTHUMBERLAND)","BULGARIA (NORTHUMBERLAND)",176,"Nouveau-Brunswick","New Brunswick"
19875,"BURNT CHURCH","BURNT CHURCH",176,"Nouveau-Brunswick","New Brunswick"
19876,"BURTON","BURTON",176,"Nouveau-Brunswick","New Brunswick"
19877,"BUSHVILLE","BUSHVILLE",176,"Nouveau-Brunswick","New Brunswick"
19878,"CAIN POINT (GLOUCESTER)","CAIN POINT (GLOUCESTER)",176,"Nouveau-Brunswick","New Brunswick"
19879,"CAIN POINT (NORTHUMBERLAND)","CAIN POINT (NORTHUMBERLAND)",176,"Nouveau-Brunswick","New Brunswick"
19880,"CAISSIE VILLAGE","CAISSIE VILLAGE",176,"Nouveau-Brunswick","New Brunswick"
19881,"CAISSIE'S CAPE","CAISSIE'S CAPE",176,"Nouveau-Brunswick","New Brunswick"
19882,"CALLANDAR'S BEACH","CALLANDAR'S BEACH",176,"Nouveau-Brunswick","New Brunswick"
19883,"CAMBRIDGE","CAMBRIDGE",176,"Nouveau-Brunswick","New Brunswick"
19884,"CAMEROUN BRIDGE","CAMEROUN BRIDGE",176,"Nouveau-Brunswick","New Brunswick"
19885,"CAMPBELL RIVER","CAMPBELL RIVER",176,"Nouveau-Brunswick","New Brunswick"
19886,"CAMPBELLTON","CAMPBELLTON",176,"Nouveau-Brunswick","New Brunswick"
19887,"CAMPOBELLO ISLAND","CAMPOBELLO ISLAND",176,"Nouveau-Brunswick","New Brunswick"
19888,"CANOBIE","CANOBIE",176,"Nouveau-Brunswick","New Brunswick"
19889,"CAP BATEAU","CAP BATEAU",176,"Nouveau-Brunswick","New Brunswick"
19890,"CAP LUMIERE","CAP LUMIERE",176,"Nouveau-Brunswick","New Brunswick"
19891,"CAP PELE","CAP PELE",176,"Nouveau-Brunswick","New Brunswick"
19892,"CAP ST. LOUIS","CAP ST. LOUIS",176,"Nouveau-Brunswick","New Brunswick"
19893,"CAPE BIMET","CAPE BIMET",176,"Nouveau-Brunswick","New Brunswick"
19894,"CAPE ENRAGE","CAPE ENRAGE",176,"Nouveau-Brunswick","New Brunswick"
19895,"CAPE SPENCER","CAPE SPENCER",176,"Nouveau-Brunswick","New Brunswick"
19896,"CAPE TORMENTINE","CAPE TORMENTINE",176,"Nouveau-Brunswick","New Brunswick"
19897,"CARAQUET","CARAQUET",176,"Nouveau-Brunswick","New Brunswick"
19898,"CARAQUET BAY","CARAQUET BAY",176,"Nouveau-Brunswick","New Brunswick"
19899,"CARRON POINT","CARRON POINT",176,"Nouveau-Brunswick","New Brunswick"
19900,"CARTER'S POINT","CARTER'S POINT",176,"Nouveau-Brunswick","New Brunswick"
19901,"CASSILIS","CASSILIS",176,"Nouveau-Brunswick","New Brunswick"
19902,"CASTALIA","CASTALIA",176,"Nouveau-Brunswick","New Brunswick"
19903,"CENTRAL GREENWICH","CENTRAL GREENWICH",176,"Nouveau-Brunswick","New Brunswick"
19904,"CENTRAL NORTON","CENTRAL NORTON",176,"Nouveau-Brunswick","New Brunswick"
19905,"CENTRE NAPAN","CENTRE NAPAN",176,"Nouveau-Brunswick","New Brunswick"
19906,"CENTRE ST. SIMON","CENTRE ST. SIMON",176,"Nouveau-Brunswick","New Brunswick"
19907,"CHAMCOOK","CHAMCOOK",176,"Nouveau-Brunswick","New Brunswick"
19908,"CHANCE HARBOUR","CHANCE HARBOUR",176,"Nouveau-Brunswick","New Brunswick"
19909,"CHARLO","CHARLO",176,"Nouveau-Brunswick","New Brunswick"
19910,"CHARLO RIVER","CHARLO RIVER",176,"Nouveau-Brunswick","New Brunswick"
19911,"CHATHAM","CHATHAM",176,"Nouveau-Brunswick","New Brunswick"
19912,"CHATHAM HEAD","CHATHAM HEAD",176,"Nouveau-Brunswick","New Brunswick"
19913,"CHELMSFORD","CHELMSFORD",176,"Nouveau-Brunswick","New Brunswick"
19914,"CHERRY HILL","CHERRY HILL",176,"Nouveau-Brunswick","New Brunswick"
19915,"CHIASSON","CHIASSON",176,"Nouveau-Brunswick","New Brunswick"
19916,"CHIASSON OFFICE","CHIASSON OFFICE",176,"Nouveau-Brunswick","New Brunswick"
19917,"CHIPMAN","CHIPMAN",176,"Nouveau-Brunswick","New Brunswick"
19918,"CHOCOLATE COVE","CHOCOLATE COVE",176,"Nouveau-Brunswick","New Brunswick"
19920,"CLAIRE FONTAINE","CLAIRE FONTAINE",176,"Nouveau-Brunswick","New Brunswick"
19921,"CLIFTON","CLIFTON",176,"Nouveau-Brunswick","New Brunswick"
19923,"COAL CREEK","COAL CREEK",176,"Nouveau-Brunswick","New Brunswick"
19924,"COCAGNE","COCAGNE",176,"Nouveau-Brunswick","New Brunswick"
19925,"COCAGNE BAR","COCAGNE BAR",176,"Nouveau-Brunswick","New Brunswick"
19926,"COCAGNE BRIDGE","COCAGNE BRIDGE",176,"Nouveau-Brunswick","New Brunswick"
19927,"COCAGNE CAPE","COCAGNE CAPE",176,"Nouveau-Brunswick","New Brunswick"
19928,"COCAGNE RIVER","COCAGNE RIVER",176,"Nouveau-Brunswick","New Brunswick"
19929,"CODYS","CODYS",176,"Nouveau-Brunswick","New Brunswick"
19930,"COLES ISLAND","COLES ISLAND",176,"Nouveau-Brunswick","New Brunswick"
19931,"COMEAU POINT","COMEAU POINT",176,"Nouveau-Brunswick","New Brunswick"
19932,"CORMIER VILLAGE","CORMIER VILLAGE",176,"Nouveau-Brunswick","New Brunswick"
19933,"CORMIERVILLE","CORMIERVILLE",176,"Nouveau-Brunswick","New Brunswick"
19934,"COTE POIRIER","COTE POIRIER",176,"Nouveau-Brunswick","New Brunswick"
19935,"COTE STE. ANNE/CHOCKPISH","COTE STE. ANNE/CHOCKPISH",176,"Nouveau-Brunswick","New Brunswick"
19936,"COTEAU ROAD","COTEAU ROAD",176,"Nouveau-Brunswick","New Brunswick"
19937,"COVE DELL","COVE DELL",176,"Nouveau-Brunswick","New Brunswick"
19938,"COX'S POINT","COX'S POINT",176,"Nouveau-Brunswick","New Brunswick"
19939,"COY TOWN","COY TOWN",176,"Nouveau-Brunswick","New Brunswick"
19940,"CREEK RIVER","CREEK RIVER",176,"Nouveau-Brunswick","New Brunswick"
19941,"CROW HARBOUR","CROW HARBOUR",176,"Nouveau-Brunswick","New Brunswick"
19942,"CULLIGAN","CULLIGAN",176,"Nouveau-Brunswick","New Brunswick"
19943,"CUMBERLAND BAY","CUMBERLAND BAY",176,"Nouveau-Brunswick","New Brunswick"
19944,"CUMMING COVE","CUMMING COVE",176,"Nouveau-Brunswick","New Brunswick"
19945,"DALHOUSIE","DALHOUSIE",176,"Nouveau-Brunswick","New Brunswick"
19946,"DALHOUSIE JUNCTION","DALHOUSIE JUNCTION",176,"Nouveau-Brunswick","New Brunswick"
19947,"DARK HARBOUR","DARK HARBOUR",176,"Nouveau-Brunswick","New Brunswick"
19948,"DARLINGTON","DARLINGTON",176,"Nouveau-Brunswick","New Brunswick"
19949,"DEADMAN'S HARBOUR","DEADMAN'S HARBOUR",176,"Nouveau-Brunswick","New Brunswick"
19950,"DEER ISLAND","DEER ISLAND",176,"Nouveau-Brunswick","New Brunswick"
19951,"DERBY","DERBY",176,"Nouveau-Brunswick","New Brunswick"
19952,"DERBY JUNCTION","DERBY JUNCTION",176,"Nouveau-Brunswick","New Brunswick"
19953,"DIEPPE","DIEPPE",176,"Nouveau-Brunswick","New Brunswick"
19954,"DIGDEGUASH","DIGDEGUASH",176,"Nouveau-Brunswick","New Brunswick"
19955,"DIPPER HARBOUR","DIPPER HARBOUR",176,"Nouveau-Brunswick","New Brunswick"
19956,"DIXON POINT","DIXON POINT",176,"Nouveau-Brunswick","New Brunswick"
19957,"DOAKTOWN","DOAKTOWN",176,"Nouveau-Brunswick","New Brunswick"
19958,"DORCHESTER","DORCHESTER",176,"Nouveau-Brunswick","New Brunswick"
19959,"DOUGLAS","DOUGLAS",176,"Nouveau-Brunswick","New Brunswick"
19960,"DOUGLAS HARBOUR","DOUGLAS HARBOUR",176,"Nouveau-Brunswick","New Brunswick"
19961,"DOUGLASTOWN","DOUGLASTOWN",176,"Nouveau-Brunswick","New Brunswick"
19963,"DOYLES BROOK","DOYLES BROOK",176,"Nouveau-Brunswick","New Brunswick"
19964,"DRURY COVE","DRURY COVE",176,"Nouveau-Brunswick","New Brunswick"
19965,"DUGAS","DUGAS",176,"Nouveau-Brunswick","New Brunswick"
19966,"DUGUAYS POINT","DUGUAYS POINT",176,"Nouveau-Brunswick","New Brunswick"
19967,"DUPUIS CORNER","DUPUIS CORNER",176,"Nouveau-Brunswick","New Brunswick"
19968,"DURHAM CENTRE","DURHAM CENTRE",176,"Nouveau-Brunswick","New Brunswick"
19969,"EAST BATHURST","EAST BATHURST",176,"Nouveau-Brunswick","New Brunswick"
19970,"EAST GALLOWAY","EAST GALLOWAY",176,"Nouveau-Brunswick","New Brunswick"
19972,"EAST POINT","EAST POINT",176,"Nouveau-Brunswick","New Brunswick"
19973,"EDGETT LANDING","EDGETT LANDING",176,"Nouveau-Brunswick","New Brunswick"
19974,"EEL RIVER (KENT)","EEL RIVER (KENT)",176,"Nouveau-Brunswick","New Brunswick"
19975,"EEL RIVER (RESTIGOUCHE)","EEL RIVER (RESTIGOUCHE)",176,"Nouveau-Brunswick","New Brunswick"
19976,"EEL RIVER BAR","EEL RIVER BAR",176,"Nouveau-Brunswick","New Brunswick"
19977,"EEL RIVER BRIDGE","EEL RIVER BRIDGE",176,"Nouveau-Brunswick","New Brunswick"
19978,"EEL RIVER CROSSING","EEL RIVER CROSSING",176,"Nouveau-Brunswick","New Brunswick"
19979,"EGG ISLAND","EGG ISLAND",176,"Nouveau-Brunswick","New Brunswick"
19980,"ELM HILL","ELM HILL",176,"Nouveau-Brunswick","New Brunswick"
19981,"ESCUMINAC","ESCUMINAC",176,"Nouveau-Brunswick","New Brunswick"
19982,"ESCUMINAC POINT","ESCUMINAC POINT",176,"Nouveau-Brunswick","New Brunswick"
19983,"EVANDALE","EVANDALE",176,"Nouveau-Brunswick","New Brunswick"
19984,"EVANGELINE","EVANGELINE",176,"Nouveau-Brunswick","New Brunswick"
19985,"FAIRHAVEN","FAIRHAVEN",176,"Nouveau-Brunswick","New Brunswick"
19987,"FERRY ROAD","FERRY ROAD",176,"Nouveau-Brunswick","New Brunswick"
19988,"FIVE FATHOM HOLE","FIVE FATHOM HOLE",176,"Nouveau-Brunswick","New Brunswick"
19989,"FOLEY'S COVE","FOLEY'S COVE",176,"Nouveau-Brunswick","New Brunswick"
19990,"FONTAINE","FONTAINE",176,"Nouveau-Brunswick","New Brunswick"
19991,"FOUR ROADS","FOUR ROADS",176,"Nouveau-Brunswick","New Brunswick"
19992,"FOX CREEK","FOX CREEK",176,"Nouveau-Brunswick","New Brunswick"
19993,"FOX ISLAND","FOX ISLAND",176,"Nouveau-Brunswick","New Brunswick"
19994,"FOX RIVER","FOX RIVER",176,"Nouveau-Brunswick","New Brunswick"
19995,"FREDERICTON","FREDERICTON",176,"Nouveau-Brunswick","New Brunswick"
19996,"FREDERICTON ROAD","FREDERICTON ROAD",176,"Nouveau-Brunswick","New Brunswick"
19997,"FRENCH LAKE","FRENCH LAKE",176,"Nouveau-Brunswick","New Brunswick"
19998,"FRY'S ISLAND","FRY'S ISLAND",176,"Nouveau-Brunswick","New Brunswick"
19999,"GAGETOWN","GAGETOWN",176,"Nouveau-Brunswick","New Brunswick"
20000,"GARNET SETTLEMENT","GARNET SETTLEMENT",176,"Nouveau-Brunswick","New Brunswick"
20001,"GLENWOOD","GLENWOOD",176,"Nouveau-Brunswick","New Brunswick"
20003,"GRAND BAY","GRAND BAY",176,"Nouveau-Brunswick","New Brunswick"
20004,"GRAND DIGUE","GRAND DIGUE",176,"Nouveau-Brunswick","New Brunswick"
20005,"GRAND DUNE","GRAND DUNE",176,"Nouveau-Brunswick","New Brunswick"
20006,"GRAND FALLS","GRAND FALLS",176,"Nouveau-Brunswick","New Brunswick"
20007,"GRAND HARBOUR","GRAND HARBOUR",176,"Nouveau-Brunswick","New Brunswick"
20008,"GRAND LAKE","GRAND LAKE",176,"Nouveau-Brunswick","New Brunswick"
20009,"GRAND MANAN","GRAND MANAN",176,"Nouveau-Brunswick","New Brunswick"
20010,"GRAND MANAN ISLAND","GRAND MANAN ISLAND",176,"Nouveau-Brunswick","New Brunswick"
20011,"GRAND RUISSEAU","GRAND RUISSEAU",176,"Nouveau-Brunswick","New Brunswick"
20012,"GRANDE ALDOUANE","GRANDE ALDOUANE",176,"Nouveau-Brunswick","New Brunswick"
20013,"GRANDE-ANSE","GRANDE-ANSE",176,"Nouveau-Brunswick","New Brunswick"
20014,"GREENWICH HILL","GREENWICH HILL",176,"Nouveau-Brunswick","New Brunswick"
20015,"GUIMOND VILLAGE","GUIMOND VILLAGE",176,"Nouveau-Brunswick","New Brunswick"
20016,"GULL COVE","GULL COVE",176,"Nouveau-Brunswick","New Brunswick"
20017,"HAGGARTY COVE","HAGGARTY COVE",176,"Nouveau-Brunswick","New Brunswick"
20018,"HAMPSTEAD","HAMPSTEAD",176,"Nouveau-Brunswick","New Brunswick"
20019,"HAMPTON","HAMPTON",176,"Nouveau-Brunswick","New Brunswick"
20020,"HARDING'S POINT","HARDING'S POINT",176,"Nouveau-Brunswick","New Brunswick"
20021,"HARDWICKE","HARDWICKE",176,"Nouveau-Brunswick","New Brunswick"
20022,"HARTS LAKE","HARTS LAKE",176,"Nouveau-Brunswick","New Brunswick"
20023,"HARVEY BANK","HARVEY BANK",176,"Nouveau-Brunswick","New Brunswick"
20024,"HATFIELD POINT","HATFIELD POINT",176,"Nouveau-Brunswick","New Brunswick"
20025,"HAWKES POINT","HAWKES POINT",176,"Nouveau-Brunswick","New Brunswick"
20026,"HAYESVILLE","HAYESVILLE",176,"Nouveau-Brunswick","New Brunswick"
20027,"HEAD HARBOUR","HEAD HARBOUR",176,"Nouveau-Brunswick","New Brunswick"
20028,"HENDERSON SETTLEMENT","HENDERSON SETTLEMENT",176,"Nouveau-Brunswick","New Brunswick"
20029,"HERON ISLAND","HERON ISLAND",176,"Nouveau-Brunswick","New Brunswick"
20030,"HEXHAM","HEXHAM",176,"Nouveau-Brunswick","New Brunswick"
20031,"HILLSBOROUGH","HILLSBOROUGH",176,"Nouveau-Brunswick","New Brunswick"
20032,"HOPEWELL CAPE","HOPEWELL CAPE",176,"Nouveau-Brunswick","New Brunswick"
20033,"HUNTER'S FERRY","HUNTER'S FERRY",176,"Nouveau-Brunswick","New Brunswick"
20034,"INDIAN ISLAND","INDIAN ISLAND",176,"Nouveau-Brunswick","New Brunswick"
20035,"INDIAN LAKE","INDIAN LAKE",176,"Nouveau-Brunswick","New Brunswick"
20036,"INDIAN POINT","INDIAN POINT",176,"Nouveau-Brunswick","New Brunswick"
20037,"INDIANTOWN","INDIANTOWN",176,"Nouveau-Brunswick","New Brunswick"
20038,"INGALL'S HEAD","INGALL'S HEAD",176,"Nouveau-Brunswick","New Brunswick"
20039,"INKERMAN","INKERMAN",176,"Nouveau-Brunswick","New Brunswick"
20040,"INKERMAN FERRY","INKERMAN FERRY",176,"Nouveau-Brunswick","New Brunswick"
20041,"JACQUET RIVER","JACQUET RIVER",176,"Nouveau-Brunswick","New Brunswick"
20042,"JANEVILLE","JANEVILLE",176,"Nouveau-Brunswick","New Brunswick"
20043,"JEMSEG","JEMSEG",176,"Nouveau-Brunswick","New Brunswick"
20044,"JOHNSON MILLS","JOHNSON MILLS",176,"Nouveau-Brunswick","New Brunswick"
20045,"KARS","KARS",176,"Nouveau-Brunswick","New Brunswick"
20046,"KEDGWICK","KEDGWICK",176,"Nouveau-Brunswick","New Brunswick"
20047,"KEYHOLE","KEYHOLE",176,"Nouveau-Brunswick","New Brunswick"
20048,"KINGSCLEAR","KINGSCLEAR",176,"Nouveau-Brunswick","New Brunswick"
20049,"KINGSTON","KINGSTON",176,"Nouveau-Brunswick","New Brunswick"
20050,"KIRKWOOD","KIRKWOOD",176,"Nouveau-Brunswick","New Brunswick"
20051,"KOUCHIBOUGUAC","KOUCHIBOUGUAC",176,"Nouveau-Brunswick","New Brunswick"
20052,"KOUCHIBOUGUAC RIVER","KOUCHIBOUGUAC RIVER",176,"Nouveau-Brunswick","New Brunswick"
20053,"LAKESIDE","LAKESIDE",176,"Nouveau-Brunswick","New Brunswick"
20054,"LAKEVILLE CORNER","LAKEVILLE CORNER",176,"Nouveau-Brunswick","New Brunswick"
20055,"LAMBERTVILLE","LAMBERTVILLE",176,"Nouveau-Brunswick","New Brunswick"
20056,"LAMEQUE","LAMEQUE",176,"Nouveau-Brunswick","New Brunswick"
20057,"LANDRY","LANDRY",176,"Nouveau-Brunswick","New Brunswick"
20058,"LANDS END","LANDS END",176,"Nouveau-Brunswick","New Brunswick"
20059,"LE GOULET","LE GOULET",176,"Nouveau-Brunswick","New Brunswick"
20060,"LEBOUTHILLIER","LEBOUTHILLIER",176,"Nouveau-Brunswick","New Brunswick"
20061,"LEECH","LEECH",176,"Nouveau-Brunswick","New Brunswick"
20062,"LEGACEVILLE","LEGACEVILLE",176,"Nouveau-Brunswick","New Brunswick"
20063,"LEGER BROOK","LEGER BROOK",176,"Nouveau-Brunswick","New Brunswick"
20064,"LEGERE","LEGERE",176,"Nouveau-Brunswick","New Brunswick"
20065,"LEONARDVILLE","LEONARDVILLE",176,"Nouveau-Brunswick","New Brunswick"
20066,"LEPREAU","LEPREAU",176,"Nouveau-Brunswick","New Brunswick"
20067,"LEPREAU POINT","LEPREAU POINT",176,"Nouveau-Brunswick","New Brunswick"
20068,"L'ETANG","L'ETANG",176,"Nouveau-Brunswick","New Brunswick"
20069,"L'ETETE","L'ETETE",176,"Nouveau-Brunswick","New Brunswick"
20070,"LEWISVILLE","LEWISVILLE",176,"Nouveau-Brunswick","New Brunswick"
20071,"LITTLE ALDOUANE","LITTLE ALDOUANE",176,"Nouveau-Brunswick","New Brunswick"
20072,"LITTLE LAMEQUE","LITTLE LAMEQUE",176,"Nouveau-Brunswick","New Brunswick"
20073,"LITTLE LEPREAU (CHARLOTTE)","LITTLE LEPREAU (CHARLOTTE)",176,"Nouveau-Brunswick","New Brunswick"
20074,"LITTLE LEPREAU (ST. JOHN)","LITTLE LEPREAU (ST. JOHN)",176,"Nouveau-Brunswick","New Brunswick"
20075,"LITTLE POKEMOUCHE","LITTLE POKEMOUCHE",176,"Nouveau-Brunswick","New Brunswick"
20076,"LITTLE QUARRY","LITTLE QUARRY",176,"Nouveau-Brunswick","New Brunswick"
20077,"LITTLE SHEMOGUE","LITTLE SHEMOGUE",176,"Nouveau-Brunswick","New Brunswick"
20078,"LITTLE TRACADIE","LITTLE TRACADIE",176,"Nouveau-Brunswick","New Brunswick"
20079,"LOGGIECROFT","LOGGIECROFT",176,"Nouveau-Brunswick","New Brunswick"
20080,"LOGGIEVILLE","LOGGIEVILLE",176,"Nouveau-Brunswick","New Brunswick"
20081,"LONG REACH","LONG REACH",176,"Nouveau-Brunswick","New Brunswick"
20082,"LORDS COVE","LORDS COVE",176,"Nouveau-Brunswick","New Brunswick"
20083,"LORNEVILLE","LORNEVILLE",176,"Nouveau-Brunswick","New Brunswick"
20084,"LOSIER SETTLEMENT","LOSIER SETTLEMENT",176,"Nouveau-Brunswick","New Brunswick"
20085,"LOWER BURTON","LOWER BURTON",176,"Nouveau-Brunswick","New Brunswick"
20086,"LOWER CAMBRIDGE","LOWER CAMBRIDGE",176,"Nouveau-Brunswick","New Brunswick"
20087,"LOWER DERBY","LOWER DERBY",176,"Nouveau-Brunswick","New Brunswick"
20088,"LOWER ESCUMINAC","LOWER ESCUMINAC",176,"Nouveau-Brunswick","New Brunswick"
20089,"LOWER JEMSEG","LOWER JEMSEG",176,"Nouveau-Brunswick","New Brunswick"
20090,"LOWER KARS","LOWER KARS",176,"Nouveau-Brunswick","New Brunswick"
20091,"LOWER NAPAN","LOWER NAPAN",176,"Nouveau-Brunswick","New Brunswick"
20092,"LOWER NEWCASTLE","LOWER NEWCASTLE",176,"Nouveau-Brunswick","New Brunswick"
20093,"LOWER NORTON","LOWER NORTON",176,"Nouveau-Brunswick","New Brunswick"
20094,"LOWER POINT SAPIN","LOWER POINT SAPIN",176,"Nouveau-Brunswick","New Brunswick"
20095,"LOWER ST. LOUIS","LOWER ST. LOUIS",176,"Nouveau-Brunswick","New Brunswick"
20096,"LOWER ST. MARY'S","LOWER ST. MARY'S",176,"Nouveau-Brunswick","New Brunswick"
20097,"MACES BAY","MACES BAY",176,"Nouveau-Brunswick","New Brunswick"
20098,"MACTAQUAC RIVER","MACTAQUAC RIVER",176,"Nouveau-Brunswick","New Brunswick"
20099,"MAIN RIVER","MAIN RIVER",176,"Nouveau-Brunswick","New Brunswick"
20100,"MAISONNETTE","MAISONNETTE",176,"Nouveau-Brunswick","New Brunswick"
20101,"MALPEQUE","MALPEQUE",176,"Nouveau-Brunswick","New Brunswick"
20102,"MALPEQUE BAY","MALPEQUE BAY",176,"Nouveau-Brunswick","New Brunswick"
20103,"MANUELS","MANUELS",176,"Nouveau-Brunswick","New Brunswick"
20104,"MAPLE GREEN","MAPLE GREEN",176,"Nouveau-Brunswick","New Brunswick"
20105,"MAQUAPIT LAKE","MAQUAPIT LAKE",176,"Nouveau-Brunswick","New Brunswick"
20106,"MARTIN HEAD","MARTIN HEAD",176,"Nouveau-Brunswick","New Brunswick"
20107,"MASCARENE","MASCARENE",176,"Nouveau-Brunswick","New Brunswick"
20108,"MAUGERVILLE","MAUGERVILLE",176,"Nouveau-Brunswick","New Brunswick"
20109,"MCCARTHY'S POINT","MCCARTHY'S POINT",176,"Nouveau-Brunswick","New Brunswick"
20110,"MCEACHERN POINT","MCEACHERN POINT",176,"Nouveau-Brunswick","New Brunswick"
20111,"MCKINLEYVILLE","MCKINLEYVILLE",176,"Nouveau-Brunswick","New Brunswick"
20112,"MCLEOD SIDING","MCLEOD SIDING",176,"Nouveau-Brunswick","New Brunswick"
20113,"MEDUCTIC","MEDUCTIC",176,"Nouveau-Brunswick","New Brunswick"
20114,"MEEHAN'S COVE","MEEHAN'S COVE",176,"Nouveau-Brunswick","New Brunswick"
20115,"MELROSE","MELROSE",176,"Nouveau-Brunswick","New Brunswick"
20116,"MEMRAMCOOK","MEMRAMCOOK",176,"Nouveau-Brunswick","New Brunswick"
20117,"MIDDLE CARAQUET","MIDDLE CARAQUET",176,"Nouveau-Brunswick","New Brunswick"
20118,"MILFORD","MILFORD",176,"Nouveau-Brunswick","New Brunswick"
20119,"MILL BANK","MILL BANK",176,"Nouveau-Brunswick","New Brunswick"
20121,"MILL COVE (QUEENS)","MILL COVE (QUEENS)",176,"Nouveau-Brunswick","New Brunswick"
20122,"MILLEDGEVILLE","MILLEDGEVILLE",176,"Nouveau-Brunswick","New Brunswick"
20123,"MILLER BROOK WHARF","MILLER BROOK WHARF",176,"Nouveau-Brunswick","New Brunswick"
20124,"MILLERTON","MILLERTON",176,"Nouveau-Brunswick","New Brunswick"
20125,"MILTOWN","MILTOWN",176,"Nouveau-Brunswick","New Brunswick"
20126,"MINTO","MINTO",176,"Nouveau-Brunswick","New Brunswick"
20127,"MIRAMICHI","MIRAMICHI",176,"Nouveau-Brunswick","New Brunswick"
20128,"MIRAMICHI BAY","MIRAMICHI BAY",176,"Nouveau-Brunswick","New Brunswick"
20129,"MIRAMICHI RIVER","MIRAMICHI RIVER",176,"Nouveau-Brunswick","New Brunswick"
20130,"MISCOU (GLOUCESTER)","MISCOU (GLOUCESTER)",176,"Nouveau-Brunswick","New Brunswick"
20131,"MISCOU CENTRE","MISCOU CENTRE",176,"Nouveau-Brunswick","New Brunswick"
20132,"MISCOU HARBOUR","MISCOU HARBOUR",176,"Nouveau-Brunswick","New Brunswick"
20133,"MISCOU ISLAND","MISCOU ISLAND",176,"Nouveau-Brunswick","New Brunswick"
20134,"MISCOU LIGHT","MISCOU LIGHT",176,"Nouveau-Brunswick","New Brunswick"
20135,"MISCOU PLAIN","MISCOU PLAIN",176,"Nouveau-Brunswick","New Brunswick"
20136,"MISCOU POINT","MISCOU POINT",176,"Nouveau-Brunswick","New Brunswick"
20137,"MISPEC","MISPEC",176,"Nouveau-Brunswick","New Brunswick"
20138,"MONCTON","MONCTON",176,"Nouveau-Brunswick","New Brunswick"
20139,"MOORE'S MILLS","MOORE'S MILLS",176,"Nouveau-Brunswick","New Brunswick"
20140,"MOOSE ISLAND","MOOSE ISLAND",176,"Nouveau-Brunswick","New Brunswick"
20141,"MORAIS","MORAIS",176,"Nouveau-Brunswick","New Brunswick"
20142,"MORAIS OFFICE","MORAIS OFFICE",176,"Nouveau-Brunswick","New Brunswick"
20143,"MORRISDALE","MORRISDALE",176,"Nouveau-Brunswick","New Brunswick"
20144,"MORROW BRIDGE","MORROW BRIDGE",176,"Nouveau-Brunswick","New Brunswick"
20145,"MOTTS WHARF","MOTTS WHARF",176,"Nouveau-Brunswick","New Brunswick"
20146,"MOUTH OF KESWICK","MOUTH OF KESWICK",176,"Nouveau-Brunswick","New Brunswick"
20147,"MUNDLEVILLE","MUNDLEVILLE",176,"Nouveau-Brunswick","New Brunswick"
20148,"MURRAY CORNER","MURRAY CORNER",176,"Nouveau-Brunswick","New Brunswick"
20149,"MUSQUASH","MUSQUASH",176,"Nouveau-Brunswick","New Brunswick"
20150,"NAPAN","NAPAN",176,"Nouveau-Brunswick","New Brunswick"
20151,"NAPAN BAY","NAPAN BAY",176,"Nouveau-Brunswick","New Brunswick"
20152,"NAPAN RIVER","NAPAN RIVER",176,"Nouveau-Brunswick","New Brunswick"
20153,"NARROWS","NARROWS",176,"Nouveau-Brunswick","New Brunswick"
20154,"NASH CREEK","NASH CREEK",176,"Nouveau-Brunswick","New Brunswick"
20155,"NASHWAAKSIS","NASHWAAKSIS",176,"Nouveau-Brunswick","New Brunswick"
20157,"NB MOBILE HERRING USA","NB MOBILE HERRING USA",176,"Nouveau-Brunswick","New Brunswick"
20158,"NEGUAC","NEGUAC",176,"Nouveau-Brunswick","New Brunswick"
20159,"NELSON","NELSON",176,"Nouveau-Brunswick","New Brunswick"
20160,"NEW BANDON","NEW BANDON",176,"Nouveau-Brunswick","New Brunswick"
20161,"NEW HORTON","NEW HORTON",176,"Nouveau-Brunswick","New Brunswick"
20162,"NEW JERSEY","NEW JERSEY",176,"Nouveau-Brunswick","New Brunswick"
20163,"NEW MILLS","NEW MILLS",176,"Nouveau-Brunswick","New Brunswick"
20164,"NEW RIVER","NEW RIVER",176,"Nouveau-Brunswick","New Brunswick"
20165,"NEWCASTLE","NEWCASTLE",176,"Nouveau-Brunswick","New Brunswick"
20166,"NEWCASTLE CREEK","NEWCASTLE CREEK",176,"Nouveau-Brunswick","New Brunswick"
20167,"NICHOLAS RIVER","NICHOLAS RIVER",176,"Nouveau-Brunswick","New Brunswick"
20168,"NIGADOO","NIGADOO",176,"Nouveau-Brunswick","New Brunswick"
20169,"NORDIN","NORDIN",176,"Nouveau-Brunswick","New Brunswick"
20170,"NORTH ESK BOOM","NORTH ESK BOOM",176,"Nouveau-Brunswick","New Brunswick"
20171,"NORTH HEAD","NORTH HEAD",176,"Nouveau-Brunswick","New Brunswick"
20172,"NORTH ROAD","NORTH ROAD",176,"Nouveau-Brunswick","New Brunswick"
20173,"NORTHERN HARBOUR","NORTHERN HARBOUR",176,"Nouveau-Brunswick","New Brunswick"
20174,"NORTHWEST BRIDGE","NORTHWEST BRIDGE",176,"Nouveau-Brunswick","New Brunswick"
20175,"NORTON","NORTON",176,"Nouveau-Brunswick","New Brunswick"
20176,"NOTRE DAME","NOTRE DAME",176,"Nouveau-Brunswick","New Brunswick"
20177,"OAK BAY","OAK BAY",176,"Nouveau-Brunswick","New Brunswick"
20178,"OAK POINT (KINGS)","OAK POINT (KINGS)",176,"Nouveau-Brunswick","New Brunswick"
20179,"OAK POINT (NORTHUMBERLAND)","OAK POINT (NORTHUMBERLAND)",176,"Nouveau-Brunswick","New Brunswick"
20180,"OROMOCTO","OROMOCTO",176,"Nouveau-Brunswick","New Brunswick"
20181,"OVEN HEAD","OVEN HEAD",176,"Nouveau-Brunswick","New Brunswick"
20182,"OYSTER RIVER","OYSTER RIVER",176,"Nouveau-Brunswick","New Brunswick"
20183,"PAQUETVILLE","PAQUETVILLE",176,"Nouveau-Brunswick","New Brunswick"
20184,"PARTRIDGE ISLAND","PARTRIDGE ISLAND",176,"Nouveau-Brunswick","New Brunswick"
20185,"PEACOCK COVE","PEACOCK COVE",176,"Nouveau-Brunswick","New Brunswick"
20186,"PENNFIELD","PENNFIELD",176,"Nouveau-Brunswick","New Brunswick"
20187,"PENNFIELD RIDGE","PENNFIELD RIDGE",176,"Nouveau-Brunswick","New Brunswick"
20188,"PETER'S MILLS","PETER'S MILLS",176,"Nouveau-Brunswick","New Brunswick"
20189,"PETIT CAP","PETIT CAP",176,"Nouveau-Brunswick","New Brunswick"
20190,"PETIT ROCHER NORD","PETIT ROCHER NORD",176,"Nouveau-Brunswick","New Brunswick"
20191,"PETIT SHIPPAGAN","PETIT SHIPPAGAN",176,"Nouveau-Brunswick","New Brunswick"
20192,"PETITCODIAC","PETITCODIAC",176,"Nouveau-Brunswick","New Brunswick"
20193,"PETITCODIAC RIVER","PETITCODIAC RIVER",176,"Nouveau-Brunswick","New Brunswick"
20194,"PETITE-RIVIERE-DE-L'ILE","PETITE-RIVIERE-DE-L'ILE",176,"Nouveau-Brunswick","New Brunswick"
20195,"PETIT-ROCHER","PETIT-ROCHER",176,"Nouveau-Brunswick","New Brunswick"
20196,"PIGEON HILL","PIGEON HILL",176,"Nouveau-Brunswick","New Brunswick"
20198,"POCOLOGAN","POCOLOGAN",176,"Nouveau-Brunswick","New Brunswick"
20199,"POINT ALEXANDER","POINT ALEXANDER",176,"Nouveau-Brunswick","New Brunswick"
20200,"POINT AU CARR","POINT AU CARR",176,"Nouveau-Brunswick","New Brunswick"
20201,"POINT CANOT","POINT CANOT",176,"Nouveau-Brunswick","New Brunswick"
20202,"POINT GARDINER","POINT GARDINER",176,"Nouveau-Brunswick","New Brunswick"
20203,"POINT LA NIM","POINT LA NIM",176,"Nouveau-Brunswick","New Brunswick"
20204,"POINT LEPREAU","POINT LEPREAU",176,"Nouveau-Brunswick","New Brunswick"
20205,"POINT ROCHEUSE","POINT ROCHEUSE",176,"Nouveau-Brunswick","New Brunswick"
20206,"POINT SAPIN","POINT SAPIN",176,"Nouveau-Brunswick","New Brunswick"
20207,"POINTE BRULE","POINTE BRULE",176,"Nouveau-Brunswick","New Brunswick"
20208,"POINTE DU CHENE","POINTE DU CHENE",176,"Nouveau-Brunswick","New Brunswick"
20209,"POINTE-VERTE","POINTE-VERTE",176,"Nouveau-Brunswick","New Brunswick"
20210,"POKEMOUCHE","POKEMOUCHE",176,"Nouveau-Brunswick","New Brunswick"
20211,"POKEMOUCHE JUNCTION","POKEMOUCHE JUNCTION",176,"Nouveau-Brunswick","New Brunswick"
20212,"POKEMOUCHE RIVER","POKEMOUCHE RIVER",176,"Nouveau-Brunswick","New Brunswick"
20213,"POKESHAW","POKESHAW",176,"Nouveau-Brunswick","New Brunswick"
20214,"POKESUDIE","POKESUDIE",176,"Nouveau-Brunswick","New Brunswick"
20215,"POKESUDIE ISLAND","POKESUDIE ISLAND",176,"Nouveau-Brunswick","New Brunswick"
20216,"POKIOK","POKIOK",176,"Nouveau-Brunswick","New Brunswick"
20218,"PONT LAFRANCE","PONT LAFRANCE",176,"Nouveau-Brunswick","New Brunswick"
20219,"PONT LANDRY","PONT LANDRY",176,"Nouveau-Brunswick","New Brunswick"
20220,"PONTGRAVE","PONTGRAVE",176,"Nouveau-Brunswick","New Brunswick"
20221,"PORT ELGIN","PORT ELGIN",176,"Nouveau-Brunswick","New Brunswick"
20222,"PORTAGE RIVER (KENT)","PORTAGE RIVER (KENT)",176,"Nouveau-Brunswick","New Brunswick"
20223,"PORTAGE RIVER (NORTHUMBERLAND)","PORTAGE RIVER (NORTHUMBERLAND)",176,"Nouveau-Brunswick","New Brunswick"
20224,"PRE D'EN HAUT","PRE D'EN HAUT",176,"Nouveau-Brunswick","New Brunswick"
20225,"PRINCE OF WALES","PRINCE OF WALES",176,"Nouveau-Brunswick","New Brunswick"
20227,"QUARRYVILLE","QUARRYVILLE",176,"Nouveau-Brunswick","New Brunswick"
20228,"QUEENSTOWN","QUEENSTOWN",176,"Nouveau-Brunswick","New Brunswick"
20230,"RED BANK","RED BANK",176,"Nouveau-Brunswick","New Brunswick"
20231,"RED HEAD","RED HEAD",176,"Nouveau-Brunswick","New Brunswick"
20232,"RED HEAD COVE","RED HEAD COVE",176,"Nouveau-Brunswick","New Brunswick"
20233,"RENFORTH","RENFORTH",176,"Nouveau-Brunswick","New Brunswick"
20234,"RESTIGOUCHE RIVER","RESTIGOUCHE RIVER",176,"Nouveau-Brunswick","New Brunswick"
20235,"REXTON","REXTON",176,"Nouveau-Brunswick","New Brunswick"
20236,"REXTON CAPE","REXTON CAPE",176,"Nouveau-Brunswick","New Brunswick"
20237,"RICHARDSON","RICHARDSON",176,"Nouveau-Brunswick","New Brunswick"
20238,"RICHIBOUCTO","RICHIBOUCTO",176,"Nouveau-Brunswick","New Brunswick"
20239,"RICHIBOUCTO CAPE","RICHIBOUCTO CAPE",176,"Nouveau-Brunswick","New Brunswick"
20240,"RICHIBOUCTO VILLAGE","RICHIBOUCTO VILLAGE",176,"Nouveau-Brunswick","New Brunswick"
20241,"RIORDEN","RIORDEN",176,"Nouveau-Brunswick","New Brunswick"
20242,"RIPPLES","RIPPLES",176,"Nouveau-Brunswick","New Brunswick"
20243,"RIVERSIDE","RIVERSIDE",176,"Nouveau-Brunswick","New Brunswick"
20244,"RIVERVIEW","RIVERVIEW",176,"Nouveau-Brunswick","New Brunswick"
20245,"RIVIERE DES CACHES","RIVIERE DES CACHES",176,"Nouveau-Brunswick","New Brunswick"
20246,"RIVIERE RICHIBUCTOU","RIVIERE RICHIBUCTOU",176,"Nouveau-Brunswick","New Brunswick"
20247,"RIVIERE TABUSINTAC","RIVIERE TABUSINTAC",176,"Nouveau-Brunswick","New Brunswick"
20248,"ROBICHAUD","ROBICHAUD",176,"Nouveau-Brunswick","New Brunswick"
20249,"ROBICHAUD SPLIT","ROBICHAUD SPLIT",176,"Nouveau-Brunswick","New Brunswick"
20250,"ROCKPORT","ROCKPORT",176,"Nouveau-Brunswick","New Brunswick"
20251,"ROGERSVILLE","ROGERSVILLE",176,"Nouveau-Brunswick","New Brunswick"
20252,"ROTHESAY","ROTHESAY",176,"Nouveau-Brunswick","New Brunswick"
20253,"SACKVILLE","SACKVILLE",176,"Nouveau-Brunswick","New Brunswick"
20254,"SAINT JOHN","SAINT JOHN",176,"Nouveau-Brunswick","New Brunswick"
20255,"SALMON BEACH","SALMON BEACH",176,"Nouveau-Brunswick","New Brunswick"
20256,"SALMON RIVER","SALMON RIVER",176,"Nouveau-Brunswick","New Brunswick"
20257,"SAND POINT","SAND POINT",176,"Nouveau-Brunswick","New Brunswick"
20258,"SAUMAREZ","SAUMAREZ",176,"Nouveau-Brunswick","New Brunswick"
20259,"SAVOY LANDING","SAVOY LANDING",176,"Nouveau-Brunswick","New Brunswick"
20260,"SCOTCHTOWN","SCOTCHTOWN",176,"Nouveau-Brunswick","New Brunswick"
20261,"SEAL COVE","SEAL COVE",176,"Nouveau-Brunswick","New Brunswick"
20262,"SEASIDE","SEASIDE",176,"Nouveau-Brunswick","New Brunswick"
20263,"SEELY COVE","SEELY COVE",176,"Nouveau-Brunswick","New Brunswick"
20264,"SHEDIAC","SHEDIAC",176,"Nouveau-Brunswick","New Brunswick"
20265,"SHEDIAC BRIDGE","SHEDIAC BRIDGE",176,"Nouveau-Brunswick","New Brunswick"
20266,"SHEFFIELD","SHEFFIELD",176,"Nouveau-Brunswick","New Brunswick"
20267,"SHEILA","SHEILA",176,"Nouveau-Brunswick","New Brunswick"
20268,"SHEMOGUE","SHEMOGUE",176,"Nouveau-Brunswick","New Brunswick"
20269,"SHIPPAGAN","SHIPPAGAN",176,"Nouveau-Brunswick","New Brunswick"
20270,"SHIPPEGAN GULLY","SHIPPEGAN GULLY",176,"Nouveau-Brunswick","New Brunswick"
20271,"SHIPPEGAN ISLAND","SHIPPEGAN ISLAND",176,"Nouveau-Brunswick","New Brunswick"
20272,"SIX ROADS","SIX ROADS",176,"Nouveau-Brunswick","New Brunswick"
20273,"SOCILE","SOCILE",176,"Nouveau-Brunswick","New Brunswick"
20274,"SOUTH BAY","SOUTH BAY",176,"Nouveau-Brunswick","New Brunswick"
20275,"SOUTH ESK","SOUTH ESK",176,"Nouveau-Brunswick","New Brunswick"
20276,"SOUTH MUSQUASH","SOUTH MUSQUASH",176,"Nouveau-Brunswick","New Brunswick"
20277,"SOUTH NELSON","SOUTH NELSON",176,"Nouveau-Brunswick","New Brunswick"
20278,"SOUTH RIVER","SOUTH RIVER",176,"Nouveau-Brunswick","New Brunswick"
20279,"SPRINGHILL","SPRINGHILL",176,"Nouveau-Brunswick","New Brunswick"
20280,"SPRUCE LAKE","SPRUCE LAKE",176,"Nouveau-Brunswick","New Brunswick"
20281,"ST. ANDRE","ST. ANDRE",176,"Nouveau-Brunswick","New Brunswick"
20282,"ST. ANDREWS","ST. ANDREWS",176,"Nouveau-Brunswick","New Brunswick"
20283,"ST. ANTOINE","ST. ANTOINE",176,"Nouveau-Brunswick","New Brunswick"
20284,"ST. CECILE","ST. CECILE",176,"Nouveau-Brunswick","New Brunswick"
20285,"ST. CHARLES","ST. CHARLES",176,"Nouveau-Brunswick","New Brunswick"
20286,"ST. EDOUARD","ST. EDOUARD",176,"Nouveau-Brunswick","New Brunswick"
20287,"ST. FRANCOIS","ST. FRANCOIS",176,"Nouveau-Brunswick","New Brunswick"
20288,"ST. GEORGE","ST. GEORGE",176,"Nouveau-Brunswick","New Brunswick"
20289,"ST. GREGOIRE","ST. GREGOIRE",176,"Nouveau-Brunswick","New Brunswick"
20290,"ST. IGNACE","ST. IGNACE",176,"Nouveau-Brunswick","New Brunswick"
20291,"ST. ISIDORE (GLOUCESTER-68)","ST. ISIDORE (GLOUCESTER-68)",176,"Nouveau-Brunswick","New Brunswick"
20292,"ST. JOSEPH","ST. JOSEPH",176,"Nouveau-Brunswick","New Brunswick"
20293,"ST. LEOLIN","ST. LEOLIN",176,"Nouveau-Brunswick","New Brunswick"
20294,"ST. LOUIS","ST. LOUIS",176,"Nouveau-Brunswick","New Brunswick"
20295,"ST. LOUIS GULLY","ST. LOUIS GULLY",176,"Nouveau-Brunswick","New Brunswick"
20296,"ST. MARTINS","ST. MARTINS",176,"Nouveau-Brunswick","New Brunswick"
20297,"ST. MAURICE","ST. MAURICE",176,"Nouveau-Brunswick","New Brunswick"
20298,"ST. NICHOLAS DE KENT","ST. NICHOLAS DE KENT",176,"Nouveau-Brunswick","New Brunswick"
20299,"ST. OLIVIER","ST. OLIVIER",176,"Nouveau-Brunswick","New Brunswick"
20300,"ST. RAPHAEL SUR MER","ST. RAPHAEL SUR MER",176,"Nouveau-Brunswick","New Brunswick"
20301,"ST. SIMON","ST. SIMON",176,"Nouveau-Brunswick","New Brunswick"
20302,"ST. STEPHEN","ST. STEPHEN",176,"Nouveau-Brunswick","New Brunswick"
20303,"ST. THOMAS","ST. THOMAS",176,"Nouveau-Brunswick","New Brunswick"
20304,"ST.ISIDORE (GLOUCESTER-66)","ST.ISIDORE (GLOUCESTER-66)",176,"Nouveau-Brunswick","New Brunswick"
20305,"STE MARIE/ST.RAPHAEL (GLOCESTER)","STE MARIE/ST.RAPHAEL (GLOCESTER)",176,"Nouveau-Brunswick","New Brunswick"
20306,"STE. ANNE DE KENT","STE. ANNE DE KENT",176,"Nouveau-Brunswick","New Brunswick"
20307,"STE. ANNE DU BOCAGE","STE. ANNE DU BOCAGE",176,"Nouveau-Brunswick","New Brunswick"
20308,"STE. ANNE SHORE","STE. ANNE SHORE",176,"Nouveau-Brunswick","New Brunswick"
20309,"STE. MARIE (KENT)","STE. MARIE (KENT)",176,"Nouveau-Brunswick","New Brunswick"
20310,"STONEHAVEN","STONEHAVEN",176,"Nouveau-Brunswick","New Brunswick"
20311,"STRATHADAM","STRATHADAM",176,"Nouveau-Brunswick","New Brunswick"
20312,"STUART COVE","STUART COVE",176,"Nouveau-Brunswick","New Brunswick"
20313,"STUARTTOWN","STUARTTOWN",176,"Nouveau-Brunswick","New Brunswick"
20314,"SUNNY CORNER","SUNNY CORNER",176,"Nouveau-Brunswick","New Brunswick"
20315,"SUSSEX","SUSSEX",176,"Nouveau-Brunswick","New Brunswick"
20316,"SWAN CREEK","SWAN CREEK",176,"Nouveau-Brunswick","New Brunswick"
20317,"SYPHERS COVE","SYPHERS COVE",176,"Nouveau-Brunswick","New Brunswick"
20318,"TABUSINTAC","TABUSINTAC",176,"Nouveau-Brunswick","New Brunswick"
20319,"TARGETVILLE","TARGETVILLE",176,"Nouveau-Brunswick","New Brunswick"
20322,"THE CEDARS","THE CEDARS",176,"Nouveau-Brunswick","New Brunswick"
20323,"THOMAS CREEK","THOMAS CREEK",176,"Nouveau-Brunswick","New Brunswick"
20324,"THREE ISLANDS","THREE ISLANDS",176,"Nouveau-Brunswick","New Brunswick"
20325,"TRACADIE","TRACADIE",176,"Nouveau-Brunswick","New Brunswick"
20326,"TRACADIE BAY","TRACADIE BAY",176,"Nouveau-Brunswick","New Brunswick"
20327,"TRACADIE BEACH","TRACADIE BEACH",176,"Nouveau-Brunswick","New Brunswick"
20328,"TRACADIE RIVER","TRACADIE RIVER",176,"Nouveau-Brunswick","New Brunswick"
20329,"TROUT STREAM","TROUT STREAM",176,"Nouveau-Brunswick","New Brunswick"
20330,"TURGEON RIVER","TURGEON RIVER",176,"Nouveau-Brunswick","New Brunswick"
20331,"TWO RIVERS","TWO RIVERS",176,"Nouveau-Brunswick","New Brunswick"
20332,"TYNEMOUTH CRK","TYNEMOUTH CRK",176,"Nouveau-Brunswick","New Brunswick"
20333,"UPPER BURTON","UPPER BURTON",176,"Nouveau-Brunswick","New Brunswick"
20334,"UPPER CAPE","UPPER CAPE",176,"Nouveau-Brunswick","New Brunswick"
20335,"UPPER CARAQUET","UPPER CARAQUET",176,"Nouveau-Brunswick","New Brunswick"
20336,"UPPER CHARLO","UPPER CHARLO",176,"Nouveau-Brunswick","New Brunswick"
20337,"UPPER DERBY","UPPER DERBY",176,"Nouveau-Brunswick","New Brunswick"
20338,"UPPER GAGETOWN","UPPER GAGETOWN",176,"Nouveau-Brunswick","New Brunswick"
20339,"UPPER JEMSEG","UPPER JEMSEG",176,"Nouveau-Brunswick","New Brunswick"
20340,"UPPER LAMEQUE","UPPER LAMEQUE",176,"Nouveau-Brunswick","New Brunswick"
20341,"UPPER POKEMOUCHE","UPPER POKEMOUCHE",176,"Nouveau-Brunswick","New Brunswick"
20342,"UPPER RIVER","UPPER RIVER",176,"Nouveau-Brunswick","New Brunswick"
20343,"UPPER ROCKFORT","UPPER ROCKFORT",176,"Nouveau-Brunswick","New Brunswick"
20344,"UPPER SHEILA","UPPER SHEILA",176,"Nouveau-Brunswick","New Brunswick"
20345,"UPPER SHIPPEGAN","UPPER SHIPPEGAN",176,"Nouveau-Brunswick","New Brunswick"
20346,"UPPER ST. SIMON","UPPER ST. SIMON",176,"Nouveau-Brunswick","New Brunswick"
20347,"VAL COMEAU","VAL COMEAU",176,"Nouveau-Brunswick","New Brunswick"
20349,"VICTORIA BRIDGE","VICTORIA BRIDGE",176,"Nouveau-Brunswick","New Brunswick"
20350,"VICTORIA WHARF","VICTORIA WHARF",176,"Nouveau-Brunswick","New Brunswick"
20351,"WASHADEMOAK LAKE","WASHADEMOAK LAKE",176,"Nouveau-Brunswick","New Brunswick"
20352,"WATERBOROUGH","WATERBOROUGH",176,"Nouveau-Brunswick","New Brunswick"
20353,"WATERSIDE","WATERSIDE",176,"Nouveau-Brunswick","New Brunswick"
20354,"WATERVILLE","WATERVILLE",176,"Nouveau-Brunswick","New Brunswick"
20355,"WAUGH","WAUGH",176,"Nouveau-Brunswick","New Brunswick"
20356,"WELCH COVE","WELCH COVE",176,"Nouveau-Brunswick","New Brunswick"
20357,"WELSFORD","WELSFORD",176,"Nouveau-Brunswick","New Brunswick"
20358,"WELSHPOOL","WELSHPOOL",176,"Nouveau-Brunswick","New Brunswick"
20359,"WEST ST. JOHN","WEST ST. JOHN",176,"Nouveau-Brunswick","New Brunswick"
20360,"WESTFIELD","WESTFIELD",176,"Nouveau-Brunswick","New Brunswick"
20361,"WHITE HEAD","WHITE HEAD",176,"Nouveau-Brunswick","New Brunswick"
20362,"WHITE'S COVE","WHITE'S COVE",176,"Nouveau-Brunswick","New Brunswick"
20363,"WHITNEY","WHITNEY",176,"Nouveau-Brunswick","New Brunswick"
20364,"WHITNEYVILLE","WHITNEYVILLE",176,"Nouveau-Brunswick","New Brunswick"
20365,"WILSON'S BEACH","WILSON'S BEACH",176,"Nouveau-Brunswick","New Brunswick"
20366,"WILSON'S POINT","WILSON'S POINT",176,"Nouveau-Brunswick","New Brunswick"
20367,"WOLVE'S ISLAND","WOLVE'S ISLAND",176,"Nouveau-Brunswick","New Brunswick"
20368,"WOOD ISLAND","WOOD ISLAND",176,"Nouveau-Brunswick","New Brunswick"
20369,"WOOD POINT","WOOD POINT",176,"Nouveau-Brunswick","New Brunswick"
20370,"WOODMAN'S POINT","WOODMAN'S POINT",176,"Nouveau-Brunswick","New Brunswick"
20371,"WOODSIDE","WOODSIDE",176,"Nouveau-Brunswick","New Brunswick"
20372,"WOODSTOCK","WOODSTOCK",176,"Nouveau-Brunswick","New Brunswick"
20373,"WOODWARDS COVE","WOODWARDS COVE",176,"Nouveau-Brunswick","New Brunswick"
20374,"YOUNG COVE ROAD","YOUNG COVE ROAD",176,"Nouveau-Brunswick","New Brunswick"
20375,"ABRAHAM'S COVE","ABRAHAM'S COVE",178,"Terre-Neuve-et-Labrador","Newfoundland and Labrador"
20376,"ADAMS COVE","ADAMS COVE",178,"Terre-Neuve-et-Labrador","Newfoundland and Labrador"
20377,"ADEYTOWN","ADEYTOWN",178,"Terre-Neuve-et-Labrador","Newfoundland and Labrador"
20378,"ADLATOK BAY","ADLATOK BAY",178,"Terre-Neuve-et-Labrador","Newfoundland and Labrador"
20379,"ADMIRALS BEACH","ADMIRALS BEACH",178,"Terre-Neuve-et-Labrador","Newfoundland and Labrador"
20380,"ADMIRAL'S COVE","ADMIRAL'S COVE",178,"Terre-Neuve-et-Labrador","Newfoundland and Labrador"
20381,"AILLIK","AILLIK",178,"Terre-Neuve-et-Labrador","Newfoundland and Labrador"
20382,"AKULAITULAK ISLAND","AKULAITULAK ISLAND",178,"Terre-Neuve-et-Labrador","Newfoundland and Labrador"
20383,"ALLENS ISLANDS","ALLENS ISLANDS",178,"Terre-Neuve-et-Labrador","Newfoundland and Labrador"
20384,"AMERICAN HARBOUR","AMERICAN HARBOUR",178,"Terre-Neuve-et-Labrador","Newfoundland and Labrador"
20385,"ANAKTALIK BAY","ANAKTALIK BAY",178,"Terre-Neuve-et-Labrador","Newfoundland and Labrador"
20386,"ANCHOR POINT","ANCHOR POINT",178,"Terre-Neuve-et-Labrador","Newfoundland and Labrador"
20387,"ANDERSONS COVE","ANDERSONS COVE",178,"Terre-Neuve-et-Labrador","Newfoundland and Labrador"
20388,"ANGEL'S COVE","ANGEL'S COVE",178,"Terre-Neuve-et-Labrador","Newfoundland and Labrador"
20389,"AQUAFORTE","AQUAFORTE",178,"Terre-Neuve-et-Labrador","Newfoundland and Labrador"
20390,"ARGENTIA","ARGENTIA",178,"Terre-Neuve-et-Labrador","Newfoundland and Labrador"
20391,"ARNOLD'S COVE","ARNOLD'S COVE",178,"Terre-Neuve-et-Labrador","Newfoundland and Labrador"
20392,"ASPEN COVE","ASPEN COVE",178,"Terre-Neuve-et-Labrador","Newfoundland and Labrador"
20393,"ASPEY BROOK","ASPEY BROOK",178,"Terre-Neuve-et-Labrador","Newfoundland and Labrador"
20394,"AVONDALE","AVONDALE",178,"Terre-Neuve-et-Labrador","Newfoundland and Labrador"
20395,"BACK HARBOUR","BACK HARBOUR",178,"Terre-Neuve-et-Labrador","Newfoundland and Labrador"
20396,"BACON COVE","BACON COVE",178,"Terre-Neuve-et-Labrador","Newfoundland and Labrador"
20397,"BADGER'S QUAY","BADGER'S QUAY",178,"Terre-Neuve-et-Labrador","Newfoundland and Labrador"
20398,"BAIE VERTE","BAIE VERTE",178,"Terre-Neuve-et-Labrador","Newfoundland and Labrador"
20399,"BAINE HARBOUR","BAINE HARBOUR",178,"Terre-Neuve-et-Labrador","Newfoundland and Labrador"
20400,"BAKER'S BRK & BERRY HEAD","BAKER'S BRK & BERRY HEAD",178,"Terre-Neuve-et-Labrador","Newfoundland and Labrador"
20401,"BAR HAVEN","BAR HAVEN",178,"Terre-Neuve-et-Labrador","Newfoundland and Labrador"
20402,"BARACHOIS ISLAND","BARACHOIS ISLAND",178,"Terre-Neuve-et-Labrador","Newfoundland and Labrador"
20403,"BARACHOIX BROOK","BARACHOIX BROOK",178,"Terre-Neuve-et-Labrador","Newfoundland and Labrador"
20404,"BARENEED","BARENEED",178,"Terre-Neuve-et-Labrador","Newfoundland and Labrador"
20405,"BARGE BAY","BARGE BAY",178,"Terre-Neuve-et-Labrador","Newfoundland and Labrador"
20406,"BARR HARBOUR","BARR HARBOUR",178,"Terre-Neuve-et-Labrador","Newfoundland and Labrador"
20407,"BARR'D HARBOUR","BARR'D HARBOUR",178,"Terre-Neuve-et-Labrador","Newfoundland and Labrador"
20408,"BARR'D ISLANDS","BARR'D ISLANDS",178,"Terre-Neuve-et-Labrador","Newfoundland and Labrador"
20409,"BARTLETTS HARBOUR","BARTLETTS HARBOUR",178,"Terre-Neuve-et-Labrador","Newfoundland and Labrador"
20410,"BARTON","BARTON",178,"Terre-Neuve-et-Labrador","Newfoundland and Labrador"
20411,"BATTEAU","BATTEAU",178,"Terre-Neuve-et-Labrador","Newfoundland and Labrador"
20412,"BATTLE HARBOUR","BATTLE HARBOUR",178,"Terre-Neuve-et-Labrador","Newfoundland and Labrador"
20413,"BATTS COVE","BATTS COVE",178,"Terre-Neuve-et-Labrador","Newfoundland and Labrador"
20414,"BAULINE SOUTH, SOUTHERN SHORE","BAULINE SOUTH, SOUTHERN SHORE",178,"Terre-Neuve-et-Labrador","Newfoundland and Labrador"
20415,"BAULINE, CONCEPTION BAY","BAULINE, CONCEPTION BAY",178,"Terre-Neuve-et-Labrador","Newfoundland and Labrador"
20416,"BAY BULLS","BAY BULLS",178,"Terre-Neuve-et-Labrador","Newfoundland and Labrador"
20417,"BAY DE NORD","BAY DE NORD",178,"Terre-Neuve-et-Labrador","Newfoundland and Labrador"
20418,"BAY DE VERDE","BAY DE VERDE",178,"Terre-Neuve-et-Labrador","Newfoundland and Labrador"
20419,"BAY L'ARGENT","BAY L'ARGENT",178,"Terre-Neuve-et-Labrador","Newfoundland and Labrador"
20420,"BAY OF ISLANDS (LABRADOR)","BAY OF ISLANDS (LABRADOR)",178,"Terre-Neuve-et-Labrador","Newfoundland and Labrador"
20421,"BAY ROBERTS","BAY ROBERTS",178,"Terre-Neuve-et-Labrador","Newfoundland and Labrador"
20422,"BAYTONA","BAYTONA",178,"Terre-Neuve-et-Labrador","Newfoundland and Labrador"
20423,"BAYVIEW","BAYVIEW",178,"Terre-Neuve-et-Labrador","Newfoundland and Labrador"
20424,"BEACHSIDE","BEACHSIDE",178,"Terre-Neuve-et-Labrador","Newfoundland and Labrador"
20425,"BEAR COVE,  BONNE BAY","BEAR COVE,  BONNE BAY",178,"Terre-Neuve-et-Labrador","Newfoundland and Labrador"
20426,"BEAR COVE, ST.  BARBE","BEAR COVE, ST.  BARBE",178,"Terre-Neuve-et-Labrador","Newfoundland and Labrador"
20427,"BEAR COVE, WHITE BAY","BEAR COVE, WHITE BAY",178,"Terre-Neuve-et-Labrador","Newfoundland and Labrador"
20428,"BEARS GUT","BEARS GUT",178,"Terre-Neuve-et-Labrador","Newfoundland and Labrador"
20429,"BEAU BOIS","BEAU BOIS",178,"Terre-Neuve-et-Labrador","Newfoundland and Labrador"
20430,"BEAUMONT","BEAUMONT",178,"Terre-Neuve-et-Labrador","Newfoundland and Labrador"
20431,"BELL ISLAND","BELL ISLAND",178,"Terre-Neuve-et-Labrador","Newfoundland and Labrador"
20432,"BELLBURNS","BELLBURNS",178,"Terre-Neuve-et-Labrador","Newfoundland and Labrador"
20433,"BELLE ISLE","BELLE ISLE",178,"Terre-Neuve-et-Labrador","Newfoundland and Labrador"
20434,"BELLEORAM","BELLEORAM",178,"Terre-Neuve-et-Labrador","Newfoundland and Labrador"
20435,"BELLEVUE","BELLEVUE",178,"Terre-Neuve-et-Labrador","Newfoundland and Labrador"
20436,"BENOITS COVE","BENOITS COVE",178,"Terre-Neuve-et-Labrador","Newfoundland and Labrador"
20437,"BEN'S COVE","BEN'S COVE",178,"Terre-Neuve-et-Labrador","Newfoundland and Labrador"
20438,"BEST'S HARBOUR","BEST'S HARBOUR",178,"Terre-Neuve-et-Labrador","Newfoundland and Labrador"
20439,"BEVERLEYS","BEVERLEYS",178,"Terre-Neuve-et-Labrador","Newfoundland and Labrador"
20440,"BIDE ARM","BIDE ARM",178,"Terre-Neuve-et-Labrador","Newfoundland and Labrador"
20441,"BIG BL IS-KILOTULIK BAY","BIG BL IS-KILOTULIK BAY",178,"Terre-Neuve-et-Labrador","Newfoundland and Labrador"
20442,"BIG BROOK, LABRADOR","BIG BROOK, LABRADOR",178,"Terre-Neuve-et-Labrador","Newfoundland and Labrador"
20443,"BIG BROOK, ST. BARBE","BIG BROOK, ST. BARBE",178,"Terre-Neuve-et-Labrador","Newfoundland and Labrador"
20444,"BIG COVE","BIG COVE",178,"Terre-Neuve-et-Labrador","Newfoundland and Labrador"
20445,"BIG ISLAND","BIG ISLAND",178,"Terre-Neuve-et-Labrador","Newfoundland and Labrador"
20446,"BIRCHY BAY","BIRCHY BAY",178,"Terre-Neuve-et-Labrador","Newfoundland and Labrador"
20447,"BIRCHY COVE, BONAVISTA BAY","BIRCHY COVE, BONAVISTA BAY",178,"Terre-Neuve-et-Labrador","Newfoundland and Labrador"
20448,"BIRD COVE (HARBOUR)","BIRD COVE (HARBOUR)",178,"Terre-Neuve-et-Labrador","Newfoundland and Labrador"
20449,"BISCAY BAY","BISCAY BAY",178,"Terre-Neuve-et-Labrador","Newfoundland and Labrador"
20450,"BISCAYNE BAY","BISCAYNE BAY",178,"Terre-Neuve-et-Labrador","Newfoundland and Labrador"
20451,"BISHOPS COVE","BISHOPS COVE",178,"Terre-Neuve-et-Labrador","Newfoundland and Labrador"
20452,"BLACK DUCK BAY","BLACK DUCK BAY",178,"Terre-Neuve-et-Labrador","Newfoundland and Labrador"
20453,"BLACK DUCK BROOK","BLACK DUCK BROOK",178,"Terre-Neuve-et-Labrador","Newfoundland and Labrador"
20454,"BLACK DUCK COVE, ST. BARBE","BLACK DUCK COVE, ST. BARBE",178,"Terre-Neuve-et-Labrador","Newfoundland and Labrador"
20455,"BLACK DUCK COVE, TRINITY BAY","BLACK DUCK COVE, TRINITY BAY",178,"Terre-Neuve-et-Labrador","Newfoundland and Labrador"
20456,"BLACK IS, KAIPOKAK BAY","BLACK IS, KAIPOKAK BAY",178,"Terre-Neuve-et-Labrador","Newfoundland and Labrador"
20457,"BLACK ISLAND, EXPLOITS BAY","BLACK ISLAND, EXPLOITS BAY",178,"Terre-Neuve-et-Labrador","Newfoundland and Labrador"
20458,"BLACK ISLAND, LABRADOR","BLACK ISLAND, LABRADOR",178,"Terre-Neuve-et-Labrador","Newfoundland and Labrador"
20459,"BLACK TICKLE","BLACK TICKLE",178,"Terre-Neuve-et-Labrador","Newfoundland and Labrador"
20460,"BLACKHEAD, CONCEPTION BAY","BLACKHEAD, CONCEPTION BAY",178,"Terre-Neuve-et-Labrador","Newfoundland and Labrador"
20461,"BLACKHEAD, FRESHWATER BAY","BLACKHEAD, FRESHWATER BAY",178,"Terre-Neuve-et-Labrador","Newfoundland and Labrador"
20462,"BLACKHEAD, LABRADOR","BLACKHEAD, LABRADOR",178,"Terre-Neuve-et-Labrador","Newfoundland and Labrador"
20464,"BLOOMFIELD","BLOOMFIELD",178,"Terre-Neuve-et-Labrador","Newfoundland and Labrador"
20465,"BLOW ME DOWN","BLOW ME DOWN",178,"Terre-Neuve-et-Labrador","Newfoundland and Labrador"
20466,"BLOWHARD ISLAND","BLOWHARD ISLAND",178,"Terre-Neuve-et-Labrador","Newfoundland and Labrador"
20467,"BLUE COVE","BLUE COVE",178,"Terre-Neuve-et-Labrador","Newfoundland and Labrador"
20468,"BLUFF HEAD COVE","BLUFF HEAD COVE",178,"Terre-Neuve-et-Labrador","Newfoundland and Labrador"
20469,"BLUFF POINT","BLUFF POINT",178,"Terre-Neuve-et-Labrador","Newfoundland and Labrador"
20470,"BOAT HARBOUR","BOAT HARBOUR",178,"Terre-Neuve-et-Labrador","Newfoundland and Labrador"
20471,"BONAVISTA","BONAVISTA",178,"Terre-Neuve-et-Labrador","Newfoundland and Labrador"
20472,"BOSWARLOS","BOSWARLOS",178,"Terre-Neuve-et-Labrador","Newfoundland and Labrador"
20473,"BOTWOOD","BOTWOOD",178,"Terre-Neuve-et-Labrador","Newfoundland and Labrador"
20474,"BOULTERS ROCK","BOULTERS ROCK",178,"Terre-Neuve-et-Labrador","Newfoundland and Labrador"
20475,"BOXEY","BOXEY",178,"Terre-Neuve-et-Labrador","Newfoundland and Labrador"
20476,"BOYD'S COVE","BOYD'S COVE",178,"Terre-Neuve-et-Labrador","Newfoundland and Labrador"
20477,"BRAGG'S ISLAND","BRAGG'S ISLAND",178,"Terre-Neuve-et-Labrador","Newfoundland and Labrador"
20478,"BRAKE COVE","BRAKE COVE",178,"Terre-Neuve-et-Labrador","Newfoundland and Labrador"
20479,"BRANCH","BRANCH",178,"Terre-Neuve-et-Labrador","Newfoundland and Labrador"
20480,"BRENT'S COVE","BRENT'S COVE",178,"Terre-Neuve-et-Labrador","Newfoundland and Labrador"
20481,"BREWLEY","BREWLEY",178,"Terre-Neuve-et-Labrador","Newfoundland and Labrador"
20482,"BRIDGEPORT","BRIDGEPORT",178,"Terre-Neuve-et-Labrador","Newfoundland and Labrador"
20483,"BRIG BAY","BRIG BAY",178,"Terre-Neuve-et-Labrador","Newfoundland and Labrador"
20484,"BRIGHTON","BRIGHTON",178,"Terre-Neuve-et-Labrador","Newfoundland and Labrador"
20485,"BRIGUS","BRIGUS",178,"Terre-Neuve-et-Labrador","Newfoundland and Labrador"
20486,"BRIGUS SOUTH, SOUTHERN SHORE","BRIGUS SOUTH, SOUTHERN SHORE",178,"Terre-Neuve-et-Labrador","Newfoundland and Labrador"
20487,"BRISTOLS HOPE","BRISTOLS HOPE",178,"Terre-Neuve-et-Labrador","Newfoundland and Labrador"
20488,"BRITIANNIA","BRITIANNIA",178,"Terre-Neuve-et-Labrador","Newfoundland and Labrador"
20489,"BRITISH HARBOUR","BRITISH HARBOUR",178,"Terre-Neuve-et-Labrador","Newfoundland and Labrador"
20490,"BROAD COVE, CONCEPTION BAY","BROAD COVE, CONCEPTION BAY",178,"Terre-Neuve-et-Labrador","Newfoundland and Labrador"
20491,"BROOKFIELD","BROOKFIELD",178,"Terre-Neuve-et-Labrador","Newfoundland and Labrador"
20492,"BROOKLYN","BROOKLYN",178,"Terre-Neuve-et-Labrador","Newfoundland and Labrador"
20493,"BROOM POINT","BROOM POINT",178,"Terre-Neuve-et-Labrador","Newfoundland and Labrador"
20494,"BROWN'S ARM","BROWN'S ARM",178,"Terre-Neuve-et-Labrador","Newfoundland and Labrador"
20495,"BROWNSDALE","BROWNSDALE",178,"Terre-Neuve-et-Labrador","Newfoundland and Labrador"
20496,"BRUNETTE ISLAND","BRUNETTE ISLAND",178,"Terre-Neuve-et-Labrador","Newfoundland and Labrador"
20497,"BRYANT'S COVE","BRYANT'S COVE",178,"Terre-Neuve-et-Labrador","Newfoundland and Labrador"
20498,"BUCKLES POINT","BUCKLES POINT",178,"Terre-Neuve-et-Labrador","Newfoundland and Labrador"
20499,"BUNYAN'S COVE","BUNYAN'S COVE",178,"Terre-Neuve-et-Labrador","Newfoundland and Labrador"
20500,"BURGEO","BURGEO",178,"Terre-Neuve-et-Labrador","Newfoundland and Labrador"
20501,"BURGONYNE'S COVE","BURGONYNE'S COVE",178,"Terre-Neuve-et-Labrador","Newfoundland and Labrador"
20502,"BURIN","BURIN",178,"Terre-Neuve-et-Labrador","Newfoundland and Labrador"
20503,"BURIN BAY ARM","BURIN BAY ARM",178,"Terre-Neuve-et-Labrador","Newfoundland and Labrador"
20504,"BURLINGTON","BURLINGTON",178,"Terre-Neuve-et-Labrador","Newfoundland and Labrador"
20505,"BURNSIDE","BURNSIDE",178,"Terre-Neuve-et-Labrador","Newfoundland and Labrador"
20506,"BURNT COVE","BURNT COVE",178,"Terre-Neuve-et-Labrador","Newfoundland and Labrador"
20507,"BURNT ISLANDS","BURNT ISLANDS",178,"Terre-Neuve-et-Labrador","Newfoundland and Labrador"
20508,"BURNT POINT","BURNT POINT",178,"Terre-Neuve-et-Labrador","Newfoundland and Labrador"
20509,"BUTTER COVE","BUTTER COVE",178,"Terre-Neuve-et-Labrador","Newfoundland and Labrador"
20510,"CALLOWAYS COVE","CALLOWAYS COVE",178,"Terre-Neuve-et-Labrador","Newfoundland and Labrador"
20511,"CALVERT","CALVERT",178,"Terre-Neuve-et-Labrador","Newfoundland and Labrador"
20512,"CAMP ISLANDS","CAMP ISLANDS",178,"Terre-Neuve-et-Labrador","Newfoundland and Labrador"
20513,"CAMPBELLS CREEK","CAMPBELLS CREEK",178,"Terre-Neuve-et-Labrador","Newfoundland and Labrador"
20514,"CAMPBELLTON","CAMPBELLTON",178,"Terre-Neuve-et-Labrador","Newfoundland and Labrador"
20515,"CANADA HARBOUR","CANADA HARBOUR",178,"Terre-Neuve-et-Labrador","Newfoundland and Labrador"
20516,"CANNING'S COVE","CANNING'S COVE",178,"Terre-Neuve-et-Labrador","Newfoundland and Labrador"
20517,"CAPE BROYLE","CAPE BROYLE",178,"Terre-Neuve-et-Labrador","Newfoundland and Labrador"
20518,"CAPE CHIDLEY","CAPE CHIDLEY",178,"Terre-Neuve-et-Labrador","Newfoundland and Labrador"
20519,"CAPE FREELS NORTH","CAPE FREELS NORTH",178,"Terre-Neuve-et-Labrador","Newfoundland and Labrador"
20520,"CAPE FREELS SOUTH (VACATED)","CAPE FREELS SOUTH (VACATED)",178,"Terre-Neuve-et-Labrador","Newfoundland and Labrador"
20521,"CAPE HARRISON","CAPE HARRISON",178,"Terre-Neuve-et-Labrador","Newfoundland and Labrador"
20522,"CAPE NORTH","CAPE NORTH",178,"Terre-Neuve-et-Labrador","Newfoundland and Labrador"
20523,"CAPE RAY","CAPE RAY",178,"Terre-Neuve-et-Labrador","Newfoundland and Labrador"
20524,"CAPE ST. CHARLES","CAPE ST. CHARLES",178,"Terre-Neuve-et-Labrador","Newfoundland and Labrador"
20525,"CAPE ST. GEORGE","CAPE ST. GEORGE",178,"Terre-Neuve-et-Labrador","Newfoundland and Labrador"
20526,"CAPELIN BAY","CAPELIN BAY",178,"Terre-Neuve-et-Labrador","Newfoundland and Labrador"
20527,"CAPELIN COVE, CONCEPTION BAY","CAPELIN COVE, CONCEPTION BAY",178,"Terre-Neuve-et-Labrador","Newfoundland and Labrador"
20528,"CAPELIN COVE, TRINITY BAY","CAPELIN COVE, TRINITY BAY",178,"Terre-Neuve-et-Labrador","Newfoundland and Labrador"
20529,"CAPPAHAYDEN","CAPPAHAYDEN",178,"Terre-Neuve-et-Labrador","Newfoundland and Labrador"
20530,"CAPSTAN ISLAND","CAPSTAN ISLAND",178,"Terre-Neuve-et-Labrador","Newfoundland and Labrador"
20531,"CARBONEAR","CARBONEAR",178,"Terre-Neuve-et-Labrador","Newfoundland and Labrador"
20532,"CARMANVILLE","CARMANVILLE",178,"Terre-Neuve-et-Labrador","Newfoundland and Labrador"
20533,"CARROLS COVE","CARROLS COVE",178,"Terre-Neuve-et-Labrador","Newfoundland and Labrador"
20534,"CARTER'S COVE","CARTER'S COVE",178,"Terre-Neuve-et-Labrador","Newfoundland and Labrador"
20535,"CARTWRIGHT","CARTWRIGHT",178,"Terre-Neuve-et-Labrador","Newfoundland and Labrador"
20536,"CASTORS RIVER NORTH","CASTORS RIVER NORTH",178,"Terre-Neuve-et-Labrador","Newfoundland and Labrador"
20537,"CASTORS RIVER SOUTH","CASTORS RIVER SOUTH",178,"Terre-Neuve-et-Labrador","Newfoundland and Labrador"
20538,"CAT ARM","CAT ARM",178,"Terre-Neuve-et-Labrador","Newfoundland and Labrador"
20539,"CATALINA","CATALINA",178,"Terre-Neuve-et-Labrador","Newfoundland and Labrador"
20540,"CAVENDISH","CAVENDISH",178,"Terre-Neuve-et-Labrador","Newfoundland and Labrador"
20541,"CHAMBERLAINS","CHAMBERLAINS",178,"Terre-Neuve-et-Labrador","Newfoundland and Labrador"
20542,"CHAMPNEY'S ARM","CHAMPNEY'S ARM",178,"Terre-Neuve-et-Labrador","Newfoundland and Labrador"
20543,"CHAMPNEY'S EAST","CHAMPNEY'S EAST",178,"Terre-Neuve-et-Labrador","Newfoundland and Labrador"
20544,"CHAMPNEY'S WEST","CHAMPNEY'S WEST",178,"Terre-Neuve-et-Labrador","Newfoundland and Labrador"
20545,"CHANCE COVE","CHANCE COVE",178,"Terre-Neuve-et-Labrador","Newfoundland and Labrador"
20546,"CHANCEPORT","CHANCEPORT",178,"Terre-Neuve-et-Labrador","Newfoundland and Labrador"
20547,"CHANGE ISLANDS","CHANGE ISLANDS",178,"Terre-Neuve-et-Labrador","Newfoundland and Labrador"
20548,"CHAPEL ARM","CHAPEL ARM",178,"Terre-Neuve-et-Labrador","Newfoundland and Labrador"
20549,"CHAPEL'S COVE","CHAPEL'S COVE",178,"Terre-Neuve-et-Labrador","Newfoundland and Labrador"
20550,"CHARLES ARM","CHARLES ARM",178,"Terre-Neuve-et-Labrador","Newfoundland and Labrador"
20551,"CHARLES BROOK","CHARLES BROOK",178,"Terre-Neuve-et-Labrador","Newfoundland and Labrador"
20552,"CHARLESTON","CHARLESTON",178,"Terre-Neuve-et-Labrador","Newfoundland and Labrador"
20553,"CHARLOTTETOWN, BONAVISTA BAY","CHARLOTTETOWN, BONAVISTA BAY",178,"Terre-Neuve-et-Labrador","Newfoundland and Labrador"
20554,"CHARLOTTETOWN, LABRADOR","CHARLOTTETOWN, LABRADOR",178,"Terre-Neuve-et-Labrador","Newfoundland and Labrador"
20555,"CHATEAU","CHATEAU",178,"Terre-Neuve-et-Labrador","Newfoundland and Labrador"
20556,"CHIMNEY COVE","CHIMNEY COVE",178,"Terre-Neuve-et-Labrador","Newfoundland and Labrador"
20557,"CHIMNEY TICKLE","CHIMNEY TICKLE",178,"Terre-Neuve-et-Labrador","Newfoundland and Labrador"
20558,"CHURCHILL FALLS","CHURCHILL FALLS",178,"Terre-Neuve-et-Labrador","Newfoundland and Labrador"
20559,"CINQ CERF ISLAND","CINQ CERF ISLAND",178,"Terre-Neuve-et-Labrador","Newfoundland and Labrador"
20560,"CLARENVILLE","CLARENVILLE",178,"Terre-Neuve-et-Labrador","Newfoundland and Labrador"
20561,"CLARKE'S BEACH","CLARKE'S BEACH",178,"Terre-Neuve-et-Labrador","Newfoundland and Labrador"
20562,"CLARKE'S HEAD","CLARKE'S HEAD",178,"Terre-Neuve-et-Labrador","Newfoundland and Labrador"
20563,"CLATTICE HR. N. WEST","CLATTICE HR. N. WEST",178,"Terre-Neuve-et-Labrador","Newfoundland and Labrador"
20564,"CLATTICE HR. S. WEST","CLATTICE HR. S. WEST",178,"Terre-Neuve-et-Labrador","Newfoundland and Labrador"
20565,"CLIFTON","CLIFTON",178,"Terre-Neuve-et-Labrador","Newfoundland and Labrador"
20566,"COACHMAN'S COVE","COACHMAN'S COVE",178,"Terre-Neuve-et-Labrador","Newfoundland and Labrador"
20567,"COBB'S ARM","COBB'S ARM",178,"Terre-Neuve-et-Labrador","Newfoundland and Labrador"
20568,"CODROY","CODROY",178,"Terre-Neuve-et-Labrador","Newfoundland and Labrador"
20569,"COLEY'S POINT","COLEY'S POINT",178,"Terre-Neuve-et-Labrador","Newfoundland and Labrador"
20570,"COLINET","COLINET",178,"Terre-Neuve-et-Labrador","Newfoundland and Labrador"
20571,"COLINET ISLAND","COLINET ISLAND",178,"Terre-Neuve-et-Labrador","Newfoundland and Labrador"
20572,"COLLIERS","COLLIERS",178,"Terre-Neuve-et-Labrador","Newfoundland and Labrador"
20573,"COLLINGHAM'S BIGHT","COLLINGHAM'S BIGHT",178,"Terre-Neuve-et-Labrador","Newfoundland and Labrador"
20574,"COME BY CHANCE","COME BY CHANCE",178,"Terre-Neuve-et-Labrador","Newfoundland and Labrador"
20575,"COMFORT BIGHT","COMFORT BIGHT",178,"Terre-Neuve-et-Labrador","Newfoundland and Labrador"
20576,"COMFORT COVE","COMFORT COVE",178,"Terre-Neuve-et-Labrador","Newfoundland and Labrador"
20577,"CONCEPTION HARBOUR","CONCEPTION HARBOUR",178,"Terre-Neuve-et-Labrador","Newfoundland and Labrador"
20578,"CONCHE","CONCHE",178,"Terre-Neuve-et-Labrador","Newfoundland and Labrador"
20579,"CONNE","CONNE",178,"Terre-Neuve-et-Labrador","Newfoundland and Labrador"
20580,"CONNE RIVER","CONNE RIVER",178,"Terre-Neuve-et-Labrador","Newfoundland and Labrador"
20581,"COOK'S HARBOUR","COOK'S HARBOUR",178,"Terre-Neuve-et-Labrador","Newfoundland and Labrador"
20582,"COOMBS COVE","COOMBS COVE",178,"Terre-Neuve-et-Labrador","Newfoundland and Labrador"
20583,"CORBETTS HARBOUR","CORBETTS HARBOUR",178,"Terre-Neuve-et-Labrador","Newfoundland and Labrador"
20584,"CORBIN, PLACENTIA BAY","CORBIN, PLACENTIA BAY",178,"Terre-Neuve-et-Labrador","Newfoundland and Labrador"
20585,"COTTLESVILLE","COTTLESVILLE",178,"Terre-Neuve-et-Labrador","Newfoundland and Labrador"
20586,"COTTRELL'S COVE","COTTRELL'S COVE",178,"Terre-Neuve-et-Labrador","Newfoundland and Labrador"
20587,"COW HEAD","COW HEAD",178,"Terre-Neuve-et-Labrador","Newfoundland and Labrador"
20588,"COX'S COVE","COX'S COVE",178,"Terre-Neuve-et-Labrador","Newfoundland and Labrador"
20589,"CRABBS BROOK","CRABBS BROOK",178,"Terre-Neuve-et-Labrador","Newfoundland and Labrador"
20590,"CRABBS RIVER","CRABBS RIVER",178,"Terre-Neuve-et-Labrador","Newfoundland and Labrador"
20591,"CRIPPLE COVE","CRIPPLE COVE",178,"Terre-Neuve-et-Labrador","Newfoundland and Labrador"
20592,"CROQUE","CROQUE",178,"Terre-Neuve-et-Labrador","Newfoundland and Labrador"
20593,"CROUSE","CROUSE",178,"Terre-Neuve-et-Labrador","Newfoundland and Labrador"
20594,"CROW HEAD","CROW HEAD",178,"Terre-Neuve-et-Labrador","Newfoundland and Labrador"
20595,"CUFF ISLAND","CUFF ISLAND",178,"Terre-Neuve-et-Labrador","Newfoundland and Labrador"
20596,"CULL'S HARBOUR","CULL'S HARBOUR",178,"Terre-Neuve-et-Labrador","Newfoundland and Labrador"
20597,"CUPIDS","CUPIDS",178,"Terre-Neuve-et-Labrador","Newfoundland and Labrador"
20598,"CURLEW","CURLEW",178,"Terre-Neuve-et-Labrador","Newfoundland and Labrador"
20599,"CURLING","CURLING",178,"Terre-Neuve-et-Labrador","Newfoundland and Labrador"
20600,"CURRENT ISLAND","CURRENT ISLAND",178,"Terre-Neuve-et-Labrador","Newfoundland and Labrador"
20601,"CUSLETT","CUSLETT",178,"Terre-Neuve-et-Labrador","Newfoundland and Labrador"
20602,"CUT THROAT (NEAR NAIN)","CUT THROAT (NEAR NAIN)",178,"Terre-Neuve-et-Labrador","Newfoundland and Labrador"
20603,"CUT THROAT (NEAR SMOKEY)","CUT THROAT (NEAR SMOKEY)",178,"Terre-Neuve-et-Labrador","Newfoundland and Labrador"
20604,"DANIEL'S COVE","DANIEL'S COVE",178,"Terre-Neuve-et-Labrador","Newfoundland and Labrador"
20605,"DANIEL'S HARBOUR","DANIEL'S HARBOUR",178,"Terre-Neuve-et-Labrador","Newfoundland and Labrador"
20606,"DANIELS POINT","DANIELS POINT",178,"Terre-Neuve-et-Labrador","Newfoundland and Labrador"
20607,"DARK COVE","DARK COVE",178,"Terre-Neuve-et-Labrador","Newfoundland and Labrador"
20608,"DARK TICKLE","DARK TICKLE",178,"Terre-Neuve-et-Labrador","Newfoundland and Labrador"
20609,"DAVID ISLAND","DAVID ISLAND",178,"Terre-Neuve-et-Labrador","Newfoundland and Labrador"
20610,"DAVIDSVILLE","DAVIDSVILLE",178,"Terre-Neuve-et-Labrador","Newfoundland and Labrador"
20611,"DAVIS COVE","DAVIS COVE",178,"Terre-Neuve-et-Labrador","Newfoundland and Labrador"
20612,"DAVIS INLET","DAVIS INLET",178,"Terre-Neuve-et-Labrador","Newfoundland and Labrador"
20613,"DAWE'S HARBOUR","DAWE'S HARBOUR",178,"Terre-Neuve-et-Labrador","Newfoundland and Labrador"
20614,"DEAD ISLAND","DEAD ISLAND",178,"Terre-Neuve-et-Labrador","Newfoundland and Labrador"
20615,"DEADMAN'S BAY","DEADMAN'S BAY",178,"Terre-Neuve-et-Labrador","Newfoundland and Labrador"
20616,"DEADMANS COVE","DEADMANS COVE",178,"Terre-Neuve-et-Labrador","Newfoundland and Labrador"
20617,"DEEP BAY","DEEP BAY",178,"Terre-Neuve-et-Labrador","Newfoundland and Labrador"
20618,"DEEP BIGHT","DEEP BIGHT",178,"Terre-Neuve-et-Labrador","Newfoundland and Labrador"
20619,"DEER HARBOUR","DEER HARBOUR",178,"Terre-Neuve-et-Labrador","Newfoundland and Labrador"
20620,"DEER ISLAND","DEER ISLAND",178,"Terre-Neuve-et-Labrador","Newfoundland and Labrador"
20621,"DEER LAKE","DEER LAKE",178,"Terre-Neuve-et-Labrador","Newfoundland and Labrador"
20622,"DEGRAS","DEGRAS",178,"Terre-Neuve-et-Labrador","Newfoundland and Labrador"
20623,"DEVILS BROOK","DEVILS BROOK",178,"Terre-Neuve-et-Labrador","Newfoundland and Labrador"
20624,"DILDO","DILDO",178,"Terre-Neuve-et-Labrador","Newfoundland and Labrador"
20625,"DIVER ISLAND","DIVER ISLAND",178,"Terre-Neuve-et-Labrador","Newfoundland and Labrador"
20626,"DOATING COVE","DOATING COVE",178,"Terre-Neuve-et-Labrador","Newfoundland and Labrador"
20627,"DOCTORS HARBOUR","DOCTORS HARBOUR",178,"Terre-Neuve-et-Labrador","Newfoundland and Labrador"
20628,"DOG BIGHT","DOG BIGHT",178,"Terre-Neuve-et-Labrador","Newfoundland and Labrador"
20629,"DOG ISLAND","DOG ISLAND",178,"Terre-Neuve-et-Labrador","Newfoundland and Labrador"
20630,"DOMINO","DOMINO",178,"Terre-Neuve-et-Labrador","Newfoundland and Labrador"
20631,"DOUBLE ISLAND","DOUBLE ISLAND",178,"Terre-Neuve-et-Labrador","Newfoundland and Labrador"
20632,"DOVER","DOVER",178,"Terre-Neuve-et-Labrador","Newfoundland and Labrador"
20633,"DUCK ISLAND","DUCK ISLAND",178,"Terre-Neuve-et-Labrador","Newfoundland and Labrador"
20634,"DUMPLING","DUMPLING",178,"Terre-Neuve-et-Labrador","Newfoundland and Labrador"
20635,"DUNFIELD","DUNFIELD",178,"Terre-Neuve-et-Labrador","Newfoundland and Labrador"
20636,"DUNTARA","DUNTARA",178,"Terre-Neuve-et-Labrador","Newfoundland and Labrador"
20637,"DUNVILLE","DUNVILLE",178,"Terre-Neuve-et-Labrador","Newfoundland and Labrador"
20638,"DURRELLS","DURRELLS",178,"Terre-Neuve-et-Labrador","Newfoundland and Labrador"
20639,"EARLE ISLAND","EARLE ISLAND",178,"Terre-Neuve-et-Labrador","Newfoundland and Labrador"
20640,"EASTPORT","EASTPORT",178,"Terre-Neuve-et-Labrador","Newfoundland and Labrador"
20641,"ECLIPSE","ECLIPSE",178,"Terre-Neuve-et-Labrador","Newfoundland and Labrador"
20642,"EDDIES COVE EAST","EDDIES COVE EAST",178,"Terre-Neuve-et-Labrador","Newfoundland and Labrador"
20643,"EDDIES COVE WEST","EDDIES COVE WEST",178,"Terre-Neuve-et-Labrador","Newfoundland and Labrador"
20644,"EDWARD'S HARBOUR","EDWARD'S HARBOUR",178,"Terre-Neuve-et-Labrador","Newfoundland and Labrador"
20645,"EKORTIARSUK FIORD","EKORTIARSUK FIORD",178,"Terre-Neuve-et-Labrador","Newfoundland and Labrador"
20646,"ELLIOTT'S COVE","ELLIOTT'S COVE",178,"Terre-Neuve-et-Labrador","Newfoundland and Labrador"
20647,"ELLISTON","ELLISTON",178,"Terre-Neuve-et-Labrador","Newfoundland and Labrador"
20648,"EMBREE","EMBREE",178,"Terre-Neuve-et-Labrador","Newfoundland and Labrador"
20649,"EMILY HARBOUR","EMILY HARBOUR",178,"Terre-Neuve-et-Labrador","Newfoundland and Labrador"
20650,"ENGLEE","ENGLEE",178,"Terre-Neuve-et-Labrador","Newfoundland and Labrador"
20651,"ENGLISH HARBOUR EAST, FORTUNE BAY","ENGLISH HARBOUR EAST, FORTUNE BAY",178,"Terre-Neuve-et-Labrador","Newfoundland and Labrador"
20652,"ENGLISH HARBOUR WEST, FORTUNE BAY","ENGLISH HARBOUR WEST, FORTUNE BAY",178,"Terre-Neuve-et-Labrador","Newfoundland and Labrador"
20653,"ENGLISH HARBOUR, TRINITY BAY","ENGLISH HARBOUR, TRINITY BAY",178,"Terre-Neuve-et-Labrador","Newfoundland and Labrador"
20654,"ENGLISH POINT","ENGLISH POINT",178,"Terre-Neuve-et-Labrador","Newfoundland and Labrador"
20655,"ENGLISH RIVER","ENGLISH RIVER",178,"Terre-Neuve-et-Labrador","Newfoundland and Labrador"
20656,"EPWORTH","EPWORTH",178,"Terre-Neuve-et-Labrador","Newfoundland and Labrador"
20657,"EXPLOITS","EXPLOITS",178,"Terre-Neuve-et-Labrador","Newfoundland and Labrador"
20658,"FACHEUX HR/FACHEUX BAY","FACHEUX HR/FACHEUX BAY",178,"Terre-Neuve-et-Labrador","Newfoundland and Labrador"
20659,"FAIR HAVEN","FAIR HAVEN",178,"Terre-Neuve-et-Labrador","Newfoundland and Labrador"
20660,"FAIR ISLAND","FAIR ISLAND",178,"Terre-Neuve-et-Labrador","Newfoundland and Labrador"
20661,"FAIRBANKS","FAIRBANKS",178,"Terre-Neuve-et-Labrador","Newfoundland and Labrador"
20662,"FAMINE","FAMINE",178,"Terre-Neuve-et-Labrador","Newfoundland and Labrador"
20663,"FAREWELL","FAREWELL",178,"Terre-Neuve-et-Labrador","Newfoundland and Labrador"
20664,"FELIX COVE","FELIX COVE",178,"Terre-Neuve-et-Labrador","Newfoundland and Labrador"
20665,"FEMME","FEMME",178,"Terre-Neuve-et-Labrador","Newfoundland and Labrador"
20666,"FERMEUSE","FERMEUSE",178,"Terre-Neuve-et-Labrador","Newfoundland and Labrador"
20667,"FERNDALE","FERNDALE",178,"Terre-Neuve-et-Labrador","Newfoundland and Labrador"
20668,"FERRYLAND","FERRYLAND",178,"Terre-Neuve-et-Labrador","Newfoundland and Labrador"
20669,"FISH COVE","FISH COVE",178,"Terre-Neuve-et-Labrador","Newfoundland and Labrador"
20670,"FISHELS","FISHELS",178,"Terre-Neuve-et-Labrador","Newfoundland and Labrador"
20671,"RODDICKTON","RODDICKTON",178,"Terre-Neuve-et-Labrador","Newfoundland and Labrador"
20672,"RODGER'S COVE","RODGER'S COVE",178,"Terre-Neuve-et-Labrador","Newfoundland and Labrador"
20673,"ROGERS HARBOUR","ROGERS HARBOUR",178,"Terre-Neuve-et-Labrador","Newfoundland and Labrador"
20674,"ROSE BLANCHE","ROSE BLANCHE",178,"Terre-Neuve-et-Labrador","Newfoundland and Labrador"
20675,"ROUND HARBOUR","ROUND HARBOUR",178,"Terre-Neuve-et-Labrador","Newfoundland and Labrador"
20676,"ROUNDABOUT","ROUNDABOUT",178,"Terre-Neuve-et-Labrador","Newfoundland and Labrador"
20677,"RUSHOON","RUSHOON",178,"Terre-Neuve-et-Labrador","Newfoundland and Labrador"
20678,"RYAN'S BAY","RYAN'S BAY",178,"Terre-Neuve-et-Labrador","Newfoundland and Labrador"
20679,"SAGLEK BAY","SAGLEK BAY",178,"Terre-Neuve-et-Labrador","Newfoundland and Labrador"
20680,"SAGONA ISLAND","SAGONA ISLAND",178,"Terre-Neuve-et-Labrador","Newfoundland and Labrador"
20681,"SALLY'S COVE, MAKKOVIK BAY","SALLY'S COVE, MAKKOVIK BAY",178,"Terre-Neuve-et-Labrador","Newfoundland and Labrador"
20682,"SALLY'S COVE, ST. BARBE","SALLY'S COVE, ST. BARBE",178,"Terre-Neuve-et-Labrador","Newfoundland and Labrador"
20683,"SALMON COVE, CONCEPTION BAY","SALMON COVE, CONCEPTION BAY",178,"Terre-Neuve-et-Labrador","Newfoundland and Labrador"
20684,"SALMON COVE, PORT AU PORT BAY","SALMON COVE, PORT AU PORT BAY",178,"Terre-Neuve-et-Labrador","Newfoundland and Labrador"
20685,"SALT HARBOUR","SALT HARBOUR",178,"Terre-Neuve-et-Labrador","Newfoundland and Labrador"
20686,"SALTERS ISLAND","SALTERS ISLAND",178,"Terre-Neuve-et-Labrador","Newfoundland and Labrador"
20687,"SALVAGE","SALVAGE",178,"Terre-Neuve-et-Labrador","Newfoundland and Labrador"
20688,"SAND HILL","SAND HILL",178,"Terre-Neuve-et-Labrador","Newfoundland and Labrador"
20689,"SANDRINGHAM","SANDRINGHAM",178,"Terre-Neuve-et-Labrador","Newfoundland and Labrador"
20690,"SANDY COVE, BONAVISTA BAY","SANDY COVE, BONAVISTA BAY",178,"Terre-Neuve-et-Labrador","Newfoundland and Labrador"
20691,"SANDY COVE, ST. BARBE","SANDY COVE, ST. BARBE",178,"Terre-Neuve-et-Labrador","Newfoundland and Labrador"
20692,"SANDY HOOK","SANDY HOOK",178,"Terre-Neuve-et-Labrador","Newfoundland and Labrador"
20693,"SANDY ISLANDS","SANDY ISLANDS",178,"Terre-Neuve-et-Labrador","Newfoundland and Labrador"
20694,"SANDY POINT, LABRADOR","SANDY POINT, LABRADOR",178,"Terre-Neuve-et-Labrador","Newfoundland and Labrador"
20695,"SANDY POINT, ST. GEORGE'S BAY","SANDY POINT, ST. GEORGE'S BAY",178,"Terre-Neuve-et-Labrador","Newfoundland and Labrador"
20696,"SANDYVILLE","SANDYVILLE",178,"Terre-Neuve-et-Labrador","Newfoundland and Labrador"
20697,"SANGO BAY","SANGO BAY",178,"Terre-Neuve-et-Labrador","Newfoundland and Labrador"
20698,"SAPOGATSIAK BAY","SAPOGATSIAK BAY",178,"Terre-Neuve-et-Labrador","Newfoundland and Labrador"
20699,"SAVAGE COVE","SAVAGE COVE",178,"Terre-Neuve-et-Labrador","Newfoundland and Labrador"
20700,"SCHOONER COVE","SCHOONER COVE",178,"Terre-Neuve-et-Labrador","Newfoundland and Labrador"
20701,"SEAL BIGHT","SEAL BIGHT",178,"Terre-Neuve-et-Labrador","Newfoundland and Labrador"
20702,"SEAL COVE, CONCEPTION BAY","SEAL COVE, CONCEPTION BAY",178,"Terre-Neuve-et-Labrador","Newfoundland and Labrador"
20703,"SEAL COVE, HERMITAGE BAY","SEAL COVE, HERMITAGE BAY",178,"Terre-Neuve-et-Labrador","Newfoundland and Labrador"
20704,"SEAL COVE, WHITE BAY","SEAL COVE, WHITE BAY",178,"Terre-Neuve-et-Labrador","Newfoundland and Labrador"
20705,"SEAL ISLANDS","SEAL ISLANDS",178,"Terre-Neuve-et-Labrador","Newfoundland and Labrador"
20706,"SELDOM","SELDOM",178,"Terre-Neuve-et-Labrador","Newfoundland and Labrador"
20707,"SEPARATION POINT","SEPARATION POINT",178,"Terre-Neuve-et-Labrador","Newfoundland and Labrador"
20708,"SEPTEMBER HARBOUR","SEPTEMBER HARBOUR",178,"Terre-Neuve-et-Labrador","Newfoundland and Labrador"
20709,"SERPENTINE","SERPENTINE",178,"Terre-Neuve-et-Labrador","Newfoundland and Labrador"
20710,"SEVEN ISLANDS BAY","SEVEN ISLANDS BAY",178,"Terre-Neuve-et-Labrador","Newfoundland and Labrador"
20711,"SHAG ISLAND","SHAG ISLAND",178,"Terre-Neuve-et-Labrador","Newfoundland and Labrador"
20712,"SHALLOWAY COVE","SHALLOWAY COVE",178,"Terre-Neuve-et-Labrador","Newfoundland and Labrador"
20713,"SHEAVES COVE","SHEAVES COVE",178,"Terre-Neuve-et-Labrador","Newfoundland and Labrador"
20714,"SHIP COVE AND CAPE ONION","SHIP COVE AND CAPE ONION",178,"Terre-Neuve-et-Labrador","Newfoundland and Labrador"
20715,"SHIP COVE, CONCEPTION BAY","SHIP COVE, CONCEPTION BAY",178,"Terre-Neuve-et-Labrador","Newfoundland and Labrador"
20716,"SHIP COVE, PLACENTIA BAY","SHIP COVE, PLACENTIA BAY",178,"Terre-Neuve-et-Labrador","Newfoundland and Labrador"
20717,"SHIP COVE, ST. GEORGE'S BAY","SHIP COVE, ST. GEORGE'S BAY",178,"Terre-Neuve-et-Labrador","Newfoundland and Labrador"
20718,"SHIP HARBOUR, LABRADOR","SHIP HARBOUR, LABRADOR",178,"Terre-Neuve-et-Labrador","Newfoundland and Labrador"
20719,"SHIP HARBOUR, PLACENTIA BAY","SHIP HARBOUR, PLACENTIA BAY",178,"Terre-Neuve-et-Labrador","Newfoundland and Labrador"
20720,"SHIP ISLAND","SHIP ISLAND",178,"Terre-Neuve-et-Labrador","Newfoundland and Labrador"
20721,"SHOAL BAY","SHOAL BAY",178,"Terre-Neuve-et-Labrador","Newfoundland and Labrador"
20722,"SHOAL COVE EAST","SHOAL COVE EAST",178,"Terre-Neuve-et-Labrador","Newfoundland and Labrador"
20723,"SHOAL COVE WEST","SHOAL COVE WEST",178,"Terre-Neuve-et-Labrador","Newfoundland and Labrador"
20724,"SHOAL HARBOUR","SHOAL HARBOUR",178,"Terre-Neuve-et-Labrador","Newfoundland and Labrador"
20725,"SHOAL POINT, BONNE BAY","SHOAL POINT, BONNE BAY",178,"Terre-Neuve-et-Labrador","Newfoundland and Labrador"
20726,"SHOAL POINT, PORT AU PORT BAY","SHOAL POINT, PORT AU PORT BAY",178,"Terre-Neuve-et-Labrador","Newfoundland and Labrador"
20727,"SHOAL TICKLE","SHOAL TICKLE",178,"Terre-Neuve-et-Labrador","Newfoundland and Labrador"
20728,"SHOE COVE (NEAR ST. JOHN'S)","SHOE COVE (NEAR ST. JOHN'S)",178,"Terre-Neuve-et-Labrador","Newfoundland and Labrador"
20729,"SHOE COVE, GREEN BAY","SHOE COVE, GREEN BAY",178,"Terre-Neuve-et-Labrador","Newfoundland and Labrador"
20730,"SHUNGMIYUK INLET","SHUNGMIYUK INLET",178,"Terre-Neuve-et-Labrador","Newfoundland and Labrador"
20731,"SIBLEY'S COVE","SIBLEY'S COVE",178,"Terre-Neuve-et-Labrador","Newfoundland and Labrador"
20732,"SILVER FOX ISLAND","SILVER FOX ISLAND",178,"Terre-Neuve-et-Labrador","Newfoundland and Labrador"
20733,"SILVERDALE","SILVERDALE",178,"Terre-Neuve-et-Labrador","Newfoundland and Labrador"
20734,"SLAMBANG BANG","SLAMBANG BANG",178,"Terre-Neuve-et-Labrador","Newfoundland and Labrador"
20735,"SLOOP COVE","SLOOP COVE",178,"Terre-Neuve-et-Labrador","Newfoundland and Labrador"
20736,"SLOOP HARBOUR","SLOOP HARBOUR",178,"Terre-Neuve-et-Labrador","Newfoundland and Labrador"
20737,"SMALL POINT","SMALL POINT",178,"Terre-Neuve-et-Labrador","Newfoundland and Labrador"
20738,"SMITH'S HARBOUR","SMITH'S HARBOUR",178,"Terre-Neuve-et-Labrador","Newfoundland and Labrador"
20739,"SMOKEY","SMOKEY",178,"Terre-Neuve-et-Labrador","Newfoundland and Labrador"
20740,"SNACK COVE","SNACK COVE",178,"Terre-Neuve-et-Labrador","Newfoundland and Labrador"
20741,"SNOOK COVE","SNOOK COVE",178,"Terre-Neuve-et-Labrador","Newfoundland and Labrador"
20742,"SNOOK'S ARM","SNOOK'S ARM",178,"Terre-Neuve-et-Labrador","Newfoundland and Labrador"
20743,"SNOOK'S HARBOUR","SNOOK'S HARBOUR",178,"Terre-Neuve-et-Labrador","Newfoundland and Labrador"
20744,"SNUG HARBOUR","SNUG HARBOUR",178,"Terre-Neuve-et-Labrador","Newfoundland and Labrador"
20745,"SNYDER BAY","SNYDER BAY",178,"Terre-Neuve-et-Labrador","Newfoundland and Labrador"
20746,"SOPS ARM","SOPS ARM",178,"Terre-Neuve-et-Labrador","Newfoundland and Labrador"
20747,"SOPS ISLAND","SOPS ISLAND",178,"Terre-Neuve-et-Labrador","Newfoundland and Labrador"
20748,"SOUTH BROOK","SOUTH BROOK",178,"Terre-Neuve-et-Labrador","Newfoundland and Labrador"
20749,"SOUTH EAST","SOUTH EAST",178,"Terre-Neuve-et-Labrador","Newfoundland and Labrador"
20750,"SOUTH EAST BIGHT","SOUTH EAST BIGHT",178,"Terre-Neuve-et-Labrador","Newfoundland and Labrador"
20751,"SOUTHERN BAY","SOUTHERN BAY",178,"Terre-Neuve-et-Labrador","Newfoundland and Labrador"
20752,"SOUTHERN HARBOUR","SOUTHERN HARBOUR",178,"Terre-Neuve-et-Labrador","Newfoundland and Labrador"
20753,"SOUTHPORT","SOUTHPORT",178,"Terre-Neuve-et-Labrador","Newfoundland and Labrador"
20754,"SPANIARD'S BAY","SPANIARD'S BAY",178,"Terre-Neuve-et-Labrador","Newfoundland and Labrador"
20755,"SPANISH ROOM","SPANISH ROOM",178,"Terre-Neuve-et-Labrador","Newfoundland and Labrador"
20756,"SPEAR HARBOUR","SPEAR HARBOUR",178,"Terre-Neuve-et-Labrador","Newfoundland and Labrador"
20757,"SPENCER'S COVE","SPENCER'S COVE",178,"Terre-Neuve-et-Labrador","Newfoundland and Labrador"
20758,"SPILLAR'S COVE","SPILLAR'S COVE",178,"Terre-Neuve-et-Labrador","Newfoundland and Labrador"
20759,"SPIRIT ISLAND","SPIRIT ISLAND",178,"Terre-Neuve-et-Labrador","Newfoundland and Labrador"
20760,"SPIRITY COVE","SPIRITY COVE",178,"Terre-Neuve-et-Labrador","Newfoundland and Labrador"
20761,"SPOON COVE","SPOON COVE",178,"Terre-Neuve-et-Labrador","Newfoundland and Labrador"
20762,"SPOTTED ISLANDS","SPOTTED ISLANDS",178,"Terre-Neuve-et-Labrador","Newfoundland and Labrador"
20763,"SPOUT COVE","SPOUT COVE",178,"Terre-Neuve-et-Labrador","Newfoundland and Labrador"
20764,"SPRINGDALE","SPRINGDALE",178,"Terre-Neuve-et-Labrador","Newfoundland and Labrador"
20765,"SQUARE ISLANDS","SQUARE ISLANDS",178,"Terre-Neuve-et-Labrador","Newfoundland and Labrador"
20766,"ST. ALBANS","ST. ALBANS",178,"Terre-Neuve-et-Labrador","Newfoundland and Labrador"
20767,"ST. ANDREWS","ST. ANDREWS",178,"Terre-Neuve-et-Labrador","Newfoundland and Labrador"
20768,"ST. ANTHONY","ST. ANTHONY",178,"Terre-Neuve-et-Labrador","Newfoundland and Labrador"
20769,"ST. ANTHONY BIGHT","ST. ANTHONY BIGHT",178,"Terre-Neuve-et-Labrador","Newfoundland and Labrador"
20770,"ST. BARBE (PIGEON CV)","ST. BARBE (PIGEON CV)",178,"Terre-Neuve-et-Labrador","Newfoundland and Labrador"
20771,"ST. BERNARD'S","ST. BERNARD'S",178,"Terre-Neuve-et-Labrador","Newfoundland and Labrador"
20772,"ST. BRENDANS","ST. BRENDANS",178,"Terre-Neuve-et-Labrador","Newfoundland and Labrador"
20773,"ST. BRIDE'S","ST. BRIDE'S",178,"Terre-Neuve-et-Labrador","Newfoundland and Labrador"
20774,"ST. CAROLS","ST. CAROLS",178,"Terre-Neuve-et-Labrador","Newfoundland and Labrador"
20775,"ST. CHADS","ST. CHADS",178,"Terre-Neuve-et-Labrador","Newfoundland and Labrador"
20776,"ST. DAVIDS & STEADY BROOK","ST. DAVIDS & STEADY BROOK",178,"Terre-Neuve-et-Labrador","Newfoundland and Labrador"
20777,"ST. GEORGES","ST. GEORGES",178,"Terre-Neuve-et-Labrador","Newfoundland and Labrador"
20778,"ST. JACQUES","ST. JACQUES",178,"Terre-Neuve-et-Labrador","Newfoundland and Labrador"
20779,"ST. JOHN'S","ST. JOHN'S",178,"Terre-Neuve-et-Labrador","Newfoundland and Labrador"
20780,"ST. JOHN'S COVE","ST. JOHN'S COVE",178,"Terre-Neuve-et-Labrador","Newfoundland and Labrador"
20781,"ST. JONE'S WITHIN","ST. JONE'S WITHIN",178,"Terre-Neuve-et-Labrador","Newfoundland and Labrador"
20782,"ST. JOSEPH'S, BAY D'ESPOIR","ST. JOSEPH'S, BAY D'ESPOIR",178,"Terre-Neuve-et-Labrador","Newfoundland and Labrador"
20783,"ST. JOSEPH'S, ST. MARY'S BAY","ST. JOSEPH'S, ST. MARY'S BAY",178,"Terre-Neuve-et-Labrador","Newfoundland and Labrador"
20784,"ST. JULIEN'S AND GRANDOIS","ST. JULIEN'S AND GRANDOIS",178,"Terre-Neuve-et-Labrador","Newfoundland and Labrador"
20785,"ST. KYRANS","ST. KYRANS",178,"Terre-Neuve-et-Labrador","Newfoundland and Labrador"
20786,"ST. LAWRENCE","ST. LAWRENCE",178,"Terre-Neuve-et-Labrador","Newfoundland and Labrador"
20787,"ST. LEONARD'S","ST. LEONARD'S",178,"Terre-Neuve-et-Labrador","Newfoundland and Labrador"
20788,"ST. LEWIS","ST. LEWIS",178,"Terre-Neuve-et-Labrador","Newfoundland and Labrador"
20789,"ST. LUNAIRE","ST. LUNAIRE",178,"Terre-Neuve-et-Labrador","Newfoundland and Labrador"
20790,"ST. MARY'S","ST. MARY'S",178,"Terre-Neuve-et-Labrador","Newfoundland and Labrador"
20791,"ST. MICHAEL'S","ST. MICHAEL'S",178,"Terre-Neuve-et-Labrador","Newfoundland and Labrador"
20792,"ST. PAULS","ST. PAULS",178,"Terre-Neuve-et-Labrador","Newfoundland and Labrador"
20793,"ST. PHILLIPS","ST. PHILLIPS",178,"Terre-Neuve-et-Labrador","Newfoundland and Labrador"
20794,"ST. SHOTTS","ST. SHOTTS",178,"Terre-Neuve-et-Labrador","Newfoundland and Labrador"
20795,"ST. STEPHENS","ST. STEPHENS",178,"Terre-Neuve-et-Labrador","Newfoundland and Labrador"
20796,"ST. TERESA","ST. TERESA",178,"Terre-Neuve-et-Labrador","Newfoundland and Labrador"
20797,"ST. THOMAS","ST. THOMAS",178,"Terre-Neuve-et-Labrador","Newfoundland and Labrador"
20798,"ST. VINCENTS","ST. VINCENTS",178,"Terre-Neuve-et-Labrador","Newfoundland and Labrador"
20799,"STAG HARBOUR","STAG HARBOUR",178,"Terre-Neuve-et-Labrador","Newfoundland and Labrador"
20800,"STANHOPE","STANHOPE",178,"Terre-Neuve-et-Labrador","Newfoundland and Labrador"
20801,"STEPHENVILLE CROSSING","STEPHENVILLE CROSSING",178,"Terre-Neuve-et-Labrador","Newfoundland and Labrador"
20802,"STOCK COVE","STOCK COVE",178,"Terre-Neuve-et-Labrador","Newfoundland and Labrador"
20803,"STONE VALLEY","STONE VALLEY",178,"Terre-Neuve-et-Labrador","Newfoundland and Labrador"
20804,"STONE'S COVE","STONE'S COVE",178,"Terre-Neuve-et-Labrador","Newfoundland and Labrador"
20805,"STONEVILLE","STONEVILLE",178,"Terre-Neuve-et-Labrador","Newfoundland and Labrador"
20806,"STRAITSVIEW","STRAITSVIEW",178,"Terre-Neuve-et-Labrador","Newfoundland and Labrador"
20807,"STRAWBERRY","STRAWBERRY",178,"Terre-Neuve-et-Labrador","Newfoundland and Labrador"
20808,"STUBAGEN","STUBAGEN",178,"Terre-Neuve-et-Labrador","Newfoundland and Labrador"
20809,"STYLES HARBOUR","STYLES HARBOUR",178,"Terre-Neuve-et-Labrador","Newfoundland and Labrador"
20810,"SUMMERFORD","SUMMERFORD",178,"Terre-Neuve-et-Labrador","Newfoundland and Labrador"
20811,"SUMMERSIDE","SUMMERSIDE",178,"Terre-Neuve-et-Labrador","Newfoundland and Labrador"
20812,"SUMMERVILLE","SUMMERVILLE",178,"Terre-Neuve-et-Labrador","Newfoundland and Labrador"
20813,"SUNNYSIDE","SUNNYSIDE",178,"Terre-Neuve-et-Labrador","Newfoundland and Labrador"
20814,"SUTTON ISLAND","SUTTON ISLAND",178,"Terre-Neuve-et-Labrador","Newfoundland and Labrador"
20815,"SWANGER'S COVE","SWANGER'S COVE",178,"Terre-Neuve-et-Labrador","Newfoundland and Labrador"
20816,"SWEET BAY","SWEET BAY",178,"Terre-Neuve-et-Labrador","Newfoundland and Labrador"
20817,"SWIFT CURRENT","SWIFT CURRENT",178,"Terre-Neuve-et-Labrador","Newfoundland and Labrador"
20818,"TACK'S BEACH (BROAD COVE, PB)","TACK'S BEACH (BROAD COVE, PB)",178,"Terre-Neuve-et-Labrador","Newfoundland and Labrador"
20819,"TASIUYAK BAY","TASIUYAK BAY",178,"Terre-Neuve-et-Labrador","Newfoundland and Labrador"
20820,"TAYLORS BAY","TAYLORS BAY",178,"Terre-Neuve-et-Labrador","Newfoundland and Labrador"
20821,"TEMPLEMAN","TEMPLEMAN",178,"Terre-Neuve-et-Labrador","Newfoundland and Labrador"
20822,"TERRENCEVILLE","TERRENCEVILLE",178,"Terre-Neuve-et-Labrador","Newfoundland and Labrador"
20823,"THE DOMES","THE DOMES",178,"Terre-Neuve-et-Labrador","Newfoundland and Labrador"
20824,"THORNLEA","THORNLEA",178,"Terre-Neuve-et-Labrador","Newfoundland and Labrador"
20825,"THOROUGHFARE","THOROUGHFARE",178,"Terre-Neuve-et-Labrador","Newfoundland and Labrador"
20826,"THREE MILE ROCK","THREE MILE ROCK",178,"Terre-Neuve-et-Labrador","Newfoundland and Labrador"
20827,"THREE ROCK COVE","THREE ROCK COVE",178,"Terre-Neuve-et-Labrador","Newfoundland and Labrador"
20828,"TICKLE COVE","TICKLE COVE",178,"Terre-Neuve-et-Labrador","Newfoundland and Labrador"
20829,"TICORALAK ISLAND","TICORALAK ISLAND",178,"Terre-Neuve-et-Labrador","Newfoundland and Labrador"
20830,"TICORALAK POINT","TICORALAK POINT",178,"Terre-Neuve-et-Labrador","Newfoundland and Labrador"
20831,"TIKKOATOKAK BAY","TIKKOATOKAK BAY",178,"Terre-Neuve-et-Labrador","Newfoundland and Labrador"
20832,"TILT COVE","TILT COVE",178,"Terre-Neuve-et-Labrador","Newfoundland and Labrador"
20833,"TILTING","TILTING",178,"Terre-Neuve-et-Labrador","Newfoundland and Labrador"
20834,"TIZZARD'S HARBOUR","TIZZARD'S HARBOUR",178,"Terre-Neuve-et-Labrador","Newfoundland and Labrador"
20835,"TOM'S COVE","TOM'S COVE",178,"Terre-Neuve-et-Labrador","Newfoundland and Labrador"
20836,"TOMS HARBOUR","TOMS HARBOUR",178,"Terre-Neuve-et-Labrador","Newfoundland and Labrador"
20837,"TOO GOOD ARM","TOO GOOD ARM",178,"Terre-Neuve-et-Labrador","Newfoundland and Labrador"
20838,"TOPSAIL","TOPSAIL",178,"Terre-Neuve-et-Labrador","Newfoundland and Labrador"
20839,"TORBAY","TORBAY",178,"Terre-Neuve-et-Labrador","Newfoundland and Labrador"
20840,"TORS COVE","TORS COVE",178,"Terre-Neuve-et-Labrador","Newfoundland and Labrador"
20841,"TRAP COVE","TRAP COVE",178,"Terre-Neuve-et-Labrador","Newfoundland and Labrador"
20842,"TRAYTOWN","TRAYTOWN",178,"Terre-Neuve-et-Labrador","Newfoundland and Labrador"
20843,"TREPASSEY","TREPASSEY",178,"Terre-Neuve-et-Labrador","Newfoundland and Labrador"
20844,"TRIANGLE HARBOUR","TRIANGLE HARBOUR",178,"Terre-Neuve-et-Labrador","Newfoundland and Labrador"
20845,"TRINITY EAST","TRINITY EAST",178,"Terre-Neuve-et-Labrador","Newfoundland and Labrador"
20846,"TRINITY, BONAVISTA BAY","TRINITY, BONAVISTA BAY",178,"Terre-Neuve-et-Labrador","Newfoundland and Labrador"
20847,"TRINITY, TRINITY BAY","TRINITY, TRINITY BAY",178,"Terre-Neuve-et-Labrador","Newfoundland and Labrador"
20848,"TRITON","TRITON",178,"Terre-Neuve-et-Labrador","Newfoundland and Labrador"
20849,"TROUT RIVER","TROUT RIVER",178,"Terre-Neuve-et-Labrador","Newfoundland and Labrador"
20850,"TROUTY","TROUTY",178,"Terre-Neuve-et-Labrador","Newfoundland and Labrador"
20851,"TUB HARBOUR (NEAR CHARLOTTETOWN)","TUB HARBOUR (NEAR CHARLOTTETOWN)",178,"Terre-Neuve-et-Labrador","Newfoundland and Labrador"
20852,"TUB HARBOUR,  GROSWATER BAY","TUB HARBOUR,  GROSWATER BAY",178,"Terre-Neuve-et-Labrador","Newfoundland and Labrador"
20853,"TUNNISSUGJUAK INLET","TUNNISSUGJUAK INLET",178,"Terre-Neuve-et-Labrador","Newfoundland and Labrador"
20854,"TURKS COVE","TURKS COVE",178,"Terre-Neuve-et-Labrador","Newfoundland and Labrador"
20855,"TURNIP COVE","TURNIP COVE",178,"Terre-Neuve-et-Labrador","Newfoundland and Labrador"
20856,"TURTLE CREEK","TURTLE CREEK",178,"Terre-Neuve-et-Labrador","Newfoundland and Labrador"
20857,"TWILLINGATE","TWILLINGATE",178,"Terre-Neuve-et-Labrador","Newfoundland and Labrador"
20858,"UGJOKTOK BAY","UGJOKTOK BAY",178,"Terre-Neuve-et-Labrador","Newfoundland and Labrador"
20859,"UNKNOWN NFLD COMMUNITY","UNKNOWN NFLD COMMUNITY",178,"Terre-Neuve-et-Labrador","Newfoundland and Labrador"
20860,"UPPER AMHERST COVE","UPPER AMHERST COVE",178,"Terre-Neuve-et-Labrador","Newfoundland and Labrador"
20861,"UPPER GULLIES","UPPER GULLIES",178,"Terre-Neuve-et-Labrador","Newfoundland and Labrador"
20862,"UPPER ISLAND COVE","UPPER ISLAND COVE",178,"Terre-Neuve-et-Labrador","Newfoundland and Labrador"
20863,"UPPER JENKINS COVE","UPPER JENKINS COVE",178,"Terre-Neuve-et-Labrador","Newfoundland and Labrador"
20864,"VALLEYFIELD","VALLEYFIELD",178,"Terre-Neuve-et-Labrador","Newfoundland and Labrador"
20865,"VALLEYPOND","VALLEYPOND",178,"Terre-Neuve-et-Labrador","Newfoundland and Labrador"
20866,"VENISON COVE","VENISON COVE",178,"Terre-Neuve-et-Labrador","Newfoundland and Labrador"
20867,"VENISON TICKLE","VENISON TICKLE",178,"Terre-Neuve-et-Labrador","Newfoundland and Labrador"
20868,"VICTORIA COVE","VICTORIA COVE",178,"Terre-Neuve-et-Labrador","Newfoundland and Labrador"
20869,"VILLAGE BAY","VILLAGE BAY",178,"Terre-Neuve-et-Labrador","Newfoundland and Labrador"
20870,"VIRGIN ARM","VIRGIN ARM",178,"Terre-Neuve-et-Labrador","Newfoundland and Labrador"
20871,"VOISEY BAY","VOISEY BAY",178,"Terre-Neuve-et-Labrador","Newfoundland and Labrador"
20872,"WANDSWORTH","WANDSWORTH",178,"Terre-Neuve-et-Labrador","Newfoundland and Labrador"
20873,"WAREHAM / CENTREVILLE","WAREHAM / CENTREVILLE",178,"Terre-Neuve-et-Labrador","Newfoundland and Labrador"
20874,"WEBB BAY","WEBB BAY",178,"Terre-Neuve-et-Labrador","Newfoundland and Labrador"
20875,"WESLEYVILLE","WESLEYVILLE",178,"Terre-Neuve-et-Labrador","Newfoundland and Labrador"
20876,"WEST BAY, LABRADOR","WEST BAY, LABRADOR",178,"Terre-Neuve-et-Labrador","Newfoundland and Labrador"
20877,"WEST BAY, PORT AU PORT BAY","WEST BAY, PORT AU PORT BAY",178,"Terre-Neuve-et-Labrador","Newfoundland and Labrador"
20878,"WEST POINT","WEST POINT",178,"Terre-Neuve-et-Labrador","Newfoundland and Labrador"
20879,"WEST ST. MODESTE","WEST ST. MODESTE",178,"Terre-Neuve-et-Labrador","Newfoundland and Labrador"
20880,"WEST TURNAVIK","WEST TURNAVIK",178,"Terre-Neuve-et-Labrador","Newfoundland and Labrador"
20881,"WESTERN BAY","WESTERN BAY",178,"Terre-Neuve-et-Labrador","Newfoundland and Labrador"
20882,"WESTERN BROOK","WESTERN BROOK",178,"Terre-Neuve-et-Labrador","Newfoundland and Labrador"
20883,"WESTPORT","WESTPORT",178,"Terre-Neuve-et-Labrador","Newfoundland and Labrador"
20884,"WEYBRIDGE","WEYBRIDGE",178,"Terre-Neuve-et-Labrador","Newfoundland and Labrador"
20886,"WHITE POINT","WHITE POINT",178,"Terre-Neuve-et-Labrador","Newfoundland and Labrador"
20887,"WHITEWAY","WHITEWAY",178,"Terre-Neuve-et-Labrador","Newfoundland and Labrador"
20888,"WILD BIGHT","WILD BIGHT",178,"Terre-Neuve-et-Labrador","Newfoundland and Labrador"
20889,"WILD COVE, BAY OF ISLANDS","WILD COVE, BAY OF ISLANDS",178,"Terre-Neuve-et-Labrador","Newfoundland and Labrador"
20890,"WILD COVE, TWILLINGATE ISLAND","WILD COVE, TWILLINGATE ISLAND",178,"Terre-Neuve-et-Labrador","Newfoundland and Labrador"
20891,"WILD COVE, WHITE BAY","WILD COVE, WHITE BAY",178,"Terre-Neuve-et-Labrador","Newfoundland and Labrador"
20892,"WILLIAMS HARBOUR","WILLIAMS HARBOUR",178,"Terre-Neuve-et-Labrador","Newfoundland and Labrador"
20893,"WILLIAMSPORT","WILLIAMSPORT",178,"Terre-Neuve-et-Labrador","Newfoundland and Labrador"
20894,"WINDY TICKLE","WINDY TICKLE",178,"Terre-Neuve-et-Labrador","Newfoundland and Labrador"
20895,"WING'S POINT","WING'S POINT",178,"Terre-Neuve-et-Labrador","Newfoundland and Labrador"
20896,"WINSOR'S HARBOUR","WINSOR'S HARBOUR",178,"Terre-Neuve-et-Labrador","Newfoundland and Labrador"
20897,"WINTER HOUSE","WINTER HOUSE",178,"Terre-Neuve-et-Labrador","Newfoundland and Labrador"
20898,"WINTERBROOK","WINTERBROOK",178,"Terre-Neuve-et-Labrador","Newfoundland and Labrador"
20899,"WINTER'S COVE","WINTER'S COVE",178,"Terre-Neuve-et-Labrador","Newfoundland and Labrador"
20900,"WINTERTON","WINTERTON",178,"Terre-Neuve-et-Labrador","Newfoundland and Labrador"
20901,"WITLESS BAY","WITLESS BAY",178,"Terre-Neuve-et-Labrador","Newfoundland and Labrador"
20902,"WOODS ISLAND","WOODS ISLAND",178,"Terre-Neuve-et-Labrador","Newfoundland and Labrador"
20903,"WOODSTOCK","WOODSTOCK",178,"Terre-Neuve-et-Labrador","Newfoundland and Labrador"
20904,"WOODY COVE","WOODY COVE",178,"Terre-Neuve-et-Labrador","Newfoundland and Labrador"
20905,"WOODY ISLAND (OLD COVE)","WOODY ISLAND (OLD COVE)",178,"Terre-Neuve-et-Labrador","Newfoundland and Labrador"
20906,"WOODY POINT","WOODY POINT",178,"Terre-Neuve-et-Labrador","Newfoundland and Labrador"
20907,"WRECK COVE","WRECK COVE",178,"Terre-Neuve-et-Labrador","Newfoundland and Labrador"
20908,"WRECK ISLAND","WRECK ISLAND",178,"Terre-Neuve-et-Labrador","Newfoundland and Labrador"
20909,"YELLOW COVE","YELLOW COVE",178,"Terre-Neuve-et-Labrador","Newfoundland and Labrador"
20910,"YORK HARBOUR","YORK HARBOUR",178,"Terre-Neuve-et-Labrador","Newfoundland and Labrador"
20911,"YOUNG'S HARBOUR","YOUNG'S HARBOUR",178,"Terre-Neuve-et-Labrador","Newfoundland and Labrador"
20912,"ZOAR","ZOAR",178,"Terre-Neuve-et-Labrador","Newfoundland and Labrador"
20913,"ABBOTT'S HARBOUR","ABBOTT'S HARBOUR",180,"Nouvelle-Écosse","Nova Scotia"
20914,"ABERCROMBIE","ABERCROMBIE",180,"Nouvelle-Écosse","Nova Scotia"
20915,"ABERDEEN","ABERDEEN",180,"Nouvelle-Écosse","Nova Scotia"
20916,"ABRAM'S RIVER","ABRAM'S RIVER",180,"Nouvelle-Écosse","Nova Scotia"
20917,"ADMIRAL ROCK","ADMIRAL ROCK",180,"Nouvelle-Écosse","Nova Scotia"
20918,"ADVOCATE","ADVOCATE",180,"Nouvelle-Écosse","Nova Scotia"
20919,"ADVOCATE HARBOUR","ADVOCATE HARBOUR",180,"Nouvelle-Écosse","Nova Scotia"
20920,"AFTON","AFTON",180,"Nouvelle-Écosse","Nova Scotia"
20921,"ALBA","ALBA",180,"Nouvelle-Écosse","Nova Scotia"
20922,"ALDER POINT","ALDER POINT",180,"Nouvelle-Écosse","Nova Scotia"
20923,"ALLENDALE","ALLENDALE",180,"Nouvelle-Écosse","Nova Scotia"
20924,"AMHERST","AMHERST",180,"Nouvelle-Écosse","Nova Scotia"
20925,"AMHERST SHORE","AMHERST SHORE",180,"Nouvelle-Écosse","Nova Scotia"
20926,"AMIRAULT'S HILL","AMIRAULT'S HILL",180,"Nouvelle-Écosse","Nova Scotia"
20927,"ANNAPOLIS RIVER","ANNAPOLIS RIVER",180,"Nouvelle-Écosse","Nova Scotia"
20928,"ANNAPOLIS ROYAL","ANNAPOLIS ROYAL",180,"Nouvelle-Écosse","Nova Scotia"
20929,"ANTIGONISH","ANTIGONISH",180,"Nouvelle-Écosse","Nova Scotia"
20930,"ANTIGONISH HARBOUR","ANTIGONISH HARBOUR",180,"Nouvelle-Écosse","Nova Scotia"
20931,"APPLE RIVER","APPLE RIVER",180,"Nouvelle-Écosse","Nova Scotia"
20932,"ARCADIA","ARCADIA",180,"Nouvelle-Écosse","Nova Scotia"
20933,"ARDNESS","ARDNESS",180,"Nouvelle-Écosse","Nova Scotia"
20934,"ARGYLE","ARGYLE",180,"Nouvelle-Écosse","Nova Scotia"
20935,"ARGYLE HEAD","ARGYLE HEAD",180,"Nouvelle-Écosse","Nova Scotia"
20936,"ARGYLE SOUND","ARGYLE SOUND",180,"Nouvelle-Écosse","Nova Scotia"
20937,"ARICHAT","ARICHAT",180,"Nouvelle-Écosse","Nova Scotia"
20938,"ARISAIG","ARISAIG",180,"Nouvelle-Écosse","Nova Scotia"
20939,"ARMDALE","ARMDALE",180,"Nouvelle-Écosse","Nova Scotia"
20940,"ASHMORE","ASHMORE",180,"Nouvelle-Écosse","Nova Scotia"
20941,"ASPEN","ASPEN",180,"Nouvelle-Écosse","Nova Scotia"
20942,"ASPOTOGAN","ASPOTOGAN",180,"Nouvelle-Écosse","Nova Scotia"
20943,"ASPY BAY","ASPY BAY",180,"Nouvelle-Écosse","Nova Scotia"
20944,"ATWOOD'S BROOK","ATWOOD'S BROOK",180,"Nouvelle-Écosse","Nova Scotia"
20945,"AUBURNDALE","AUBURNDALE",180,"Nouvelle-Écosse","Nova Scotia"
20946,"AULD'S COVE","AULD'S COVE",180,"Nouvelle-Écosse","Nova Scotia"
20947,"AVON RIVER","AVON RIVER",180,"Nouvelle-Écosse","Nova Scotia"
20948,"AVONDALE (HANTS)","AVONDALE (HANTS)",180,"Nouvelle-Écosse","Nova Scotia"
20949,"AVONDALE (PICTOU)","AVONDALE (PICTOU)",180,"Nouvelle-Écosse","Nova Scotia"
20950,"AVONDALE STATION","AVONDALE STATION",180,"Nouvelle-Écosse","Nova Scotia"
20951,"AVONPORT","AVONPORT",180,"Nouvelle-Écosse","Nova Scotia"
20952,"AYLESFORD","AYLESFORD",180,"Nouvelle-Écosse","Nova Scotia"
20953,"BACCARO","BACCARO",180,"Nouvelle-Écosse","Nova Scotia"
20954,"BADDECK","BADDECK",180,"Nouvelle-Écosse","Nova Scotia"
20955,"BAILEY'S BROOK","BAILEY'S BROOK",180,"Nouvelle-Écosse","Nova Scotia"
20956,"BALD ROCK","BALD ROCK",180,"Nouvelle-Écosse","Nova Scotia"
20957,"BALEINE","BALEINE",180,"Nouvelle-Écosse","Nova Scotia"
20958,"BALLANTYNE'S COVE","BALLANTYNE'S COVE",180,"Nouvelle-Écosse","Nova Scotia"
20959,"BALLS CREEK","BALLS CREEK",180,"Nouvelle-Écosse","Nova Scotia"
20960,"BANG'S FALLS","BANG'S FALLS",180,"Nouvelle-Écosse","Nova Scotia"
20961,"BANKS ROAD","BANKS ROAD",180,"Nouvelle-Écosse","Nova Scotia"
20962,"BARACHOIS (GUYSBOROUGH)","BARACHOIS (GUYSBOROUGH)",180,"Nouvelle-Écosse","Nova Scotia"
20963,"BARACHOIS HARBOUR","BARACHOIS HARBOUR",180,"Nouvelle-Écosse","Nova Scotia"
20964,"BARKHOUSE","BARKHOUSE",180,"Nouvelle-Écosse","Nova Scotia"
20965,"BARNEY'S RIVER","BARNEY'S RIVER",180,"Nouvelle-Écosse","Nova Scotia"
20966,"BARRACHOIS (COLCHESTER)","BARRACHOIS (COLCHESTER)",180,"Nouvelle-Écosse","Nova Scotia"
20967,"BARRINGTON","BARRINGTON",180,"Nouvelle-Écosse","Nova Scotia"
20968,"BARRINGTON HEAD","BARRINGTON HEAD",180,"Nouvelle-Écosse","Nova Scotia"
20969,"BARRINGTON PASSAGE","BARRINGTON PASSAGE",180,"Nouvelle-Écosse","Nova Scotia"
20970,"BARRINGTON RIVER","BARRINGTON RIVER",180,"Nouvelle-Écosse","Nova Scotia"
20971,"BARRINGTON WEST","BARRINGTON WEST",180,"Nouvelle-Écosse","Nova Scotia"
20972,"BARRIOS BEACH","BARRIOS BEACH",180,"Nouvelle-Écosse","Nova Scotia"
20973,"BARRONSFIELD","BARRONSFIELD",180,"Nouvelle-Écosse","Nova Scotia"
20974,"BARSS CORNER","BARSS CORNER",180,"Nouvelle-Écosse","Nova Scotia"
20975,"BARTON","BARTON",180,"Nouvelle-Écosse","Nova Scotia"
20976,"BASS RIVER","BASS RIVER",180,"Nouvelle-Écosse","Nova Scotia"
20977,"BATESTON","BATESTON",180,"Nouvelle-Écosse","Nova Scotia"
20978,"BAXTER'S COVE","BAXTER'S COVE",180,"Nouvelle-Écosse","Nova Scotia"
20979,"BAXTER'S HARBOUR","BAXTER'S HARBOUR",180,"Nouvelle-Écosse","Nova Scotia"
20980,"BAY HEAD","BAY HEAD",180,"Nouvelle-Écosse","Nova Scotia"
20981,"BAY ST. LAWRENCE","BAY ST. LAWRENCE",180,"Nouvelle-Écosse","Nova Scotia"
20982,"HARE HARBOUR,  LABRADOR","HARE HARBOUR,  LABRADOR",178,"Terre-Neuve-et-Labrador","Newfoundland and Labrador"
20983,"HARE HARBOUR, FORTUNE BAY","HARE HARBOUR, FORTUNE BAY",178,"Terre-Neuve-et-Labrador","Newfoundland and Labrador"
20984,"HARE ISLAND","HARE ISLAND",178,"Terre-Neuve-et-Labrador","Newfoundland and Labrador"
20985,"HARRICOTT","HARRICOTT",178,"Terre-Neuve-et-Labrador","Newfoundland and Labrador"
20986,"HARRIS POINT","HARRIS POINT",178,"Terre-Neuve-et-Labrador","Newfoundland and Labrador"
20987,"HARRY'S HARBOUR","HARRY'S HARBOUR",178,"Terre-Neuve-et-Labrador","Newfoundland and Labrador"
20988,"HATCHET COVE","HATCHET COVE",178,"Terre-Neuve-et-Labrador","Newfoundland and Labrador"
20989,"HAWKE BAY","HAWKE BAY",178,"Terre-Neuve-et-Labrador","Newfoundland and Labrador"
20990,"HAWKES HARBOUR","HAWKES HARBOUR",178,"Terre-Neuve-et-Labrador","Newfoundland and Labrador"
20991,"HAY COVE","HAY COVE",178,"Terre-Neuve-et-Labrador","Newfoundland and Labrador"
20992,"HAYSTACK","HAYSTACK",178,"Terre-Neuve-et-Labrador","Newfoundland and Labrador"
20993,"HEAD OF BAY D'ESPOIR","HEAD OF BAY D'ESPOIR",178,"Terre-Neuve-et-Labrador","Newfoundland and Labrador"
20994,"HEART'S CONTENT","HEART'S CONTENT",178,"Terre-Neuve-et-Labrador","Newfoundland and Labrador"
20995,"HEART'S DELIGHT","HEART'S DELIGHT",178,"Terre-Neuve-et-Labrador","Newfoundland and Labrador"
20996,"HEART'S DESIRE","HEART'S DESIRE",178,"Terre-Neuve-et-Labrador","Newfoundland and Labrador"
20997,"HEATHERTON","HEATHERTON",178,"Terre-Neuve-et-Labrador","Newfoundland and Labrador"
20998,"HEBRON","HEBRON",178,"Terre-Neuve-et-Labrador","Newfoundland and Labrador"
20999,"HEBRON FIORD","HEBRON FIORD",178,"Terre-Neuve-et-Labrador","Newfoundland and Labrador"
21000,"HENLEY HARBOUR","HENLEY HARBOUR",178,"Terre-Neuve-et-Labrador","Newfoundland and Labrador"
21001,"HERMITAGE","HERMITAGE",178,"Terre-Neuve-et-Labrador","Newfoundland and Labrador"
21002,"HERRING NECK","HERRING NECK",178,"Terre-Neuve-et-Labrador","Newfoundland and Labrador"
21003,"HIBB'S COVE","HIBB'S COVE",178,"Terre-Neuve-et-Labrador","Newfoundland and Labrador"
21004,"HICKMAN'S HARBOUR","HICKMAN'S HARBOUR",178,"Terre-Neuve-et-Labrador","Newfoundland and Labrador"
21005,"HIGHLANDS","HIGHLANDS",178,"Terre-Neuve-et-Labrador","Newfoundland and Labrador"
21006,"HILLGRADE","HILLGRADE",178,"Terre-Neuve-et-Labrador","Newfoundland and Labrador"
21007,"HILLS HARBOUR","HILLS HARBOUR",178,"Terre-Neuve-et-Labrador","Newfoundland and Labrador"
21008,"HILLVIEW","HILLVIEW",178,"Terre-Neuve-et-Labrador","Newfoundland and Labrador"
21009,"HODGE'S COVE","HODGE'S COVE",178,"Terre-Neuve-et-Labrador","Newfoundland and Labrador"
21010,"HOLTON","HOLTON",178,"Terre-Neuve-et-Labrador","Newfoundland and Labrador"
21011,"HOLYROOD","HOLYROOD",178,"Terre-Neuve-et-Labrador","Newfoundland and Labrador"
21012,"HOME ISLAND","HOME ISLAND",178,"Terre-Neuve-et-Labrador","Newfoundland and Labrador"
21013,"HOOPING HARBOUR","HOOPING HARBOUR",178,"Terre-Neuve-et-Labrador","Newfoundland and Labrador"
21014,"HOPEALL","HOPEALL",178,"Terre-Neuve-et-Labrador","Newfoundland and Labrador"
21015,"HOPEDALE","HOPEDALE",178,"Terre-Neuve-et-Labrador","Newfoundland and Labrador"
21016,"HORSE HARBOUR","HORSE HARBOUR",178,"Terre-Neuve-et-Labrador","Newfoundland and Labrador"
21017,"HORSE ISLANDS","HORSE ISLANDS",178,"Terre-Neuve-et-Labrador","Newfoundland and Labrador"
21018,"HORWOOD","HORWOOD",178,"Terre-Neuve-et-Labrador","Newfoundland and Labrador"
21019,"HOUSE HARBOUR","HOUSE HARBOUR",178,"Terre-Neuve-et-Labrador","Newfoundland and Labrador"
21020,"HUMBERMOUTH (CORNER BRK)","HUMBERMOUTH (CORNER BRK)",178,"Terre-Neuve-et-Labrador","Newfoundland and Labrador"
21021,"HUSSEY'S COVE","HUSSEY'S COVE",178,"Terre-Neuve-et-Labrador","Newfoundland and Labrador"
21022,"IKKUDLIAYAK FIORD","IKKUDLIAYAK FIORD",178,"Terre-Neuve-et-Labrador","Newfoundland and Labrador"
21023,"INDEPENDENT","INDEPENDENT",178,"Terre-Neuve-et-Labrador","Newfoundland and Labrador"
21024,"INDIAN BAY","INDIAN BAY",178,"Terre-Neuve-et-Labrador","Newfoundland and Labrador"
21025,"INDIAN BURYING PLACE","INDIAN BURYING PLACE",178,"Terre-Neuve-et-Labrador","Newfoundland and Labrador"
21026,"INDIAN COVE, LABRADOR","INDIAN COVE, LABRADOR",178,"Terre-Neuve-et-Labrador","Newfoundland and Labrador"
21027,"INDIAN COVE, NOTRE DAME BAY","INDIAN COVE, NOTRE DAME BAY",178,"Terre-Neuve-et-Labrador","Newfoundland and Labrador"
21028,"INDIAN HR (NEAR SMOKEY)","INDIAN HR (NEAR SMOKEY)",178,"Terre-Neuve-et-Labrador","Newfoundland and Labrador"
21029,"INDIAN HR-HUNTINGTON IS","INDIAN HR-HUNTINGTON IS",178,"Terre-Neuve-et-Labrador","Newfoundland and Labrador"
21030,"INDIAN ISLAND (NEAR NAIN)","INDIAN ISLAND (NEAR NAIN)",178,"Terre-Neuve-et-Labrador","Newfoundland and Labrador"
21031,"INDIAN TICKLE","INDIAN TICKLE",178,"Terre-Neuve-et-Labrador","Newfoundland and Labrador"
21032,"IRELAND'S BIGHT","IRELAND'S BIGHT",178,"Terre-Neuve-et-Labrador","Newfoundland and Labrador"
21033,"IRELAND'S EYE","IRELAND'S EYE",178,"Terre-Neuve-et-Labrador","Newfoundland and Labrador"
21034,"IRISHTOWN","IRISHTOWN",178,"Terre-Neuve-et-Labrador","Newfoundland and Labrador"
21035,"IRON BOUND ISLANDS","IRON BOUND ISLANDS",178,"Terre-Neuve-et-Labrador","Newfoundland and Labrador"
21036,"ISLAND BROOK","ISLAND BROOK",178,"Terre-Neuve-et-Labrador","Newfoundland and Labrador"
21037,"ISLAND HARBOUR, FOGO ISLAND","ISLAND HARBOUR, FOGO ISLAND",178,"Terre-Neuve-et-Labrador","Newfoundland and Labrador"
21038,"ISLAND HARBOUR, LABRADOR","ISLAND HARBOUR, LABRADOR",178,"Terre-Neuve-et-Labrador","Newfoundland and Labrador"
21039,"ISLE AU VALEN","ISLE AU VALEN",178,"Terre-Neuve-et-Labrador","Newfoundland and Labrador"
21040,"ISLE AUX MORTS","ISLE AUX MORTS",178,"Terre-Neuve-et-Labrador","Newfoundland and Labrador"
21041,"ISLINGTON","ISLINGTON",178,"Terre-Neuve-et-Labrador","Newfoundland and Labrador"
21042,"ITERUNGNEK FIORD","ITERUNGNEK FIORD",178,"Terre-Neuve-et-Labrador","Newfoundland and Labrador"
21043,"IVANHOE","IVANHOE",178,"Terre-Neuve-et-Labrador","Newfoundland and Labrador"
21044,"IVANY'S COVE","IVANY'S COVE",178,"Terre-Neuve-et-Labrador","Newfoundland and Labrador"
21045,"JACK LANE BAY (BIG BAY)","JACK LANE BAY (BIG BAY)",178,"Terre-Neuve-et-Labrador","Newfoundland and Labrador"
21046,"JACKSONS ARM","JACKSONS ARM",178,"Terre-Neuve-et-Labrador","Newfoundland and Labrador"
21047,"JACKSON'S COVE","JACKSON'S COVE",178,"Terre-Neuve-et-Labrador","Newfoundland and Labrador"
21048,"JACQUES FONTAINE","JACQUES FONTAINE",178,"Terre-Neuve-et-Labrador","Newfoundland and Labrador"
21049,"JAMESTOWN","JAMESTOWN",178,"Terre-Neuve-et-Labrador","Newfoundland and Labrador"
21050,"JEAN DE BAIE","JEAN DE BAIE",178,"Terre-Neuve-et-Labrador","Newfoundland and Labrador"
21051,"JEFFREY'S","JEFFREY'S",178,"Terre-Neuve-et-Labrador","Newfoundland and Labrador"
21052,"JEM LANE BAY-FLOWER'S BAY","JEM LANE BAY-FLOWER'S BAY",178,"Terre-Neuve-et-Labrador","Newfoundland and Labrador"
21053,"JERSEY HARBOUR","JERSEY HARBOUR",178,"Terre-Neuve-et-Labrador","Newfoundland and Labrador"
21054,"JERSEYSIDE","JERSEYSIDE",178,"Terre-Neuve-et-Labrador","Newfoundland and Labrador"
21055,"JIGGER TICKLE","JIGGER TICKLE",178,"Terre-Neuve-et-Labrador","Newfoundland and Labrador"
21056,"JOBS COVE","JOBS COVE",178,"Terre-Neuve-et-Labrador","Newfoundland and Labrador"
21057,"JOE BATT'S ARM","JOE BATT'S ARM",178,"Terre-Neuve-et-Labrador","Newfoundland and Labrador"
21058,"JOHN'S POINT","JOHN'S POINT",178,"Terre-Neuve-et-Labrador","Newfoundland and Labrador"
21059,"JONATHON ISLAND","JONATHON ISLAND",178,"Terre-Neuve-et-Labrador","Newfoundland and Labrador"
21060,"JONES COVE - WOODY IS.","JONES COVE - WOODY IS.",178,"Terre-Neuve-et-Labrador","Newfoundland and Labrador"
21061,"KAIPOKOK","KAIPOKOK",178,"Terre-Neuve-et-Labrador","Newfoundland and Labrador"
21062,"KANAIRIKTOK BAY","KANAIRIKTOK BAY",178,"Terre-Neuve-et-Labrador","Newfoundland and Labrador"
21063,"KEELS","KEELS",178,"Terre-Neuve-et-Labrador","Newfoundland and Labrador"
21064,"KELLIGREWS","KELLIGREWS",178,"Terre-Neuve-et-Labrador","Newfoundland and Labrador"
21065,"KETTLE COVE","KETTLE COVE",178,"Terre-Neuve-et-Labrador","Newfoundland and Labrador"
21066,"KIGAPAITS HARBOUR","KIGAPAITS HARBOUR",178,"Terre-Neuve-et-Labrador","Newfoundland and Labrador"
21067,"KILLINEK ISLAND","KILLINEK ISLAND",178,"Terre-Neuve-et-Labrador","Newfoundland and Labrador"
21068,"KINGMANS COVE","KINGMANS COVE",178,"Terre-Neuve-et-Labrador","Newfoundland and Labrador"
21069,"KING'S COVE","KING'S COVE",178,"Terre-Neuve-et-Labrador","Newfoundland and Labrador"
21070,"KING'S POINT","KING'S POINT",178,"Terre-Neuve-et-Labrador","Newfoundland and Labrador"
21071,"KINGSTON","KINGSTON",178,"Terre-Neuve-et-Labrador","Newfoundland and Labrador"
21072,"KINGWELL","KINGWELL",178,"Terre-Neuve-et-Labrador","Newfoundland and Labrador"
21073,"KITCHUSES","KITCHUSES",178,"Terre-Neuve-et-Labrador","Newfoundland and Labrador"
21074,"KNIGHT'S COVE","KNIGHT'S COVE",178,"Terre-Neuve-et-Labrador","Newfoundland and Labrador"
21075,"KOMAKTORVIK FIORD","KOMAKTORVIK FIORD",178,"Terre-Neuve-et-Labrador","Newfoundland and Labrador"
21076,"KULLULAK POINT","KULLULAK POINT",178,"Terre-Neuve-et-Labrador","Newfoundland and Labrador"
21077,"LA SCIE","LA SCIE",178,"Terre-Neuve-et-Labrador","Newfoundland and Labrador"
21078,"LABRADOR CITY/WABUSH","LABRADOR CITY/WABUSH",178,"Terre-Neuve-et-Labrador","Newfoundland and Labrador"
21079,"LADLE COVE","LADLE COVE",178,"Terre-Neuve-et-Labrador","Newfoundland and Labrador"
21080,"LADY COVE","LADY COVE",178,"Terre-Neuve-et-Labrador","Newfoundland and Labrador"
21081,"LALLY COVE","LALLY COVE",178,"Terre-Neuve-et-Labrador","Newfoundland and Labrador"
21082,"LAMALINE","LAMALINE",178,"Terre-Neuve-et-Labrador","Newfoundland and Labrador"
21083,"LAMANCHE","LAMANCHE",178,"Terre-Neuve-et-Labrador","Newfoundland and Labrador"
21084,"LANCE AU MEADOWS","LANCE AU MEADOWS",178,"Terre-Neuve-et-Labrador","Newfoundland and Labrador"
21085,"LANCE COVE","LANCE COVE",178,"Terre-Neuve-et-Labrador","Newfoundland and Labrador"
21086,"LANCE GROUND","LANCE GROUND",178,"Terre-Neuve-et-Labrador","Newfoundland and Labrador"
21087,"L'ANSE AMOUR","L'ANSE AMOUR",178,"Terre-Neuve-et-Labrador","Newfoundland and Labrador"
21088,"L'ANSE AU CLAIR","L'ANSE AU CLAIR",178,"Terre-Neuve-et-Labrador","Newfoundland and Labrador"
21089,"L'ANSE AU DIABLE","L'ANSE AU DIABLE",178,"Terre-Neuve-et-Labrador","Newfoundland and Labrador"
21090,"L'ANSE AU LOUP","L'ANSE AU LOUP",178,"Terre-Neuve-et-Labrador","Newfoundland and Labrador"
21091,"LAPOILE","LAPOILE",178,"Terre-Neuve-et-Labrador","Newfoundland and Labrador"
21092,"LARK HARBOUR","LARK HARBOUR",178,"Terre-Neuve-et-Labrador","Newfoundland and Labrador"
21093,"LAURENCETON","LAURENCETON",178,"Terre-Neuve-et-Labrador","Newfoundland and Labrador"
21094,"LAWN","LAWN",178,"Terre-Neuve-et-Labrador","Newfoundland and Labrador"
21095,"LEAD COVE","LEAD COVE",178,"Terre-Neuve-et-Labrador","Newfoundland and Labrador"
21096,"LEADING TICKLES","LEADING TICKLES",178,"Terre-Neuve-et-Labrador","Newfoundland and Labrador"
21097,"LETHBRIDGE","LETHBRIDGE",178,"Terre-Neuve-et-Labrador","Newfoundland and Labrador"
21098,"LEWIN'S COVE","LEWIN'S COVE",178,"Terre-Neuve-et-Labrador","Newfoundland and Labrador"
21099,"LEWIS BROOK","LEWIS BROOK",178,"Terre-Neuve-et-Labrador","Newfoundland and Labrador"
21100,"LEWISPORTE","LEWISPORTE",178,"Terre-Neuve-et-Labrador","Newfoundland and Labrador"
21101,"LITTLE BAY EAST, F.B.","LITTLE BAY EAST, F.B.",178,"Terre-Neuve-et-Labrador","Newfoundland and Labrador"
21102,"LITTLE BAY ISLANDS","LITTLE BAY ISLANDS",178,"Terre-Neuve-et-Labrador","Newfoundland and Labrador"
21103,"LITTLE BAY WEST, F.B.","LITTLE BAY WEST, F.B.",178,"Terre-Neuve-et-Labrador","Newfoundland and Labrador"
21104,"LITTLE BAY, LABRADOR","LITTLE BAY, LABRADOR",178,"Terre-Neuve-et-Labrador","Newfoundland and Labrador"
21105,"LITTLE BAY, MORTIER BAY","LITTLE BAY, MORTIER BAY",178,"Terre-Neuve-et-Labrador","Newfoundland and Labrador"
21106,"LITTLE BAY, NOTRE DAME BAY","LITTLE BAY, NOTRE DAME BAY",178,"Terre-Neuve-et-Labrador","Newfoundland and Labrador"
21107,"LITTLE BROOK, BONNE BAY","LITTLE BROOK, BONNE BAY",178,"Terre-Neuve-et-Labrador","Newfoundland and Labrador"
21108,"LITTLE BROOK, LABRADOR","LITTLE BROOK, LABRADOR",178,"Terre-Neuve-et-Labrador","Newfoundland and Labrador"
21109,"LITTLE BURNT BAY","LITTLE BURNT BAY",178,"Terre-Neuve-et-Labrador","Newfoundland and Labrador"
21110,"LITTLE CATALINA","LITTLE CATALINA",178,"Terre-Neuve-et-Labrador","Newfoundland and Labrador"
21111,"LITTLE FOGO ISLAND","LITTLE FOGO ISLAND",178,"Terre-Neuve-et-Labrador","Newfoundland and Labrador"
21112,"LITTLE HARBOUR","LITTLE HARBOUR",178,"Terre-Neuve-et-Labrador","Newfoundland and Labrador"
21113,"LITTLE HARBOUR DEEP","LITTLE HARBOUR DEEP",178,"Terre-Neuve-et-Labrador","Newfoundland and Labrador"
21114,"LITTLE HARBOUR EAST, FORTUNE BAY","LITTLE HARBOUR EAST, FORTUNE BAY",178,"Terre-Neuve-et-Labrador","Newfoundland and Labrador"
21115,"LITTLE HARBOUR EAST, PLACENTIA BAY","LITTLE HARBOUR EAST, PLACENTIA BAY",178,"Terre-Neuve-et-Labrador","Newfoundland and Labrador"
21116,"LITTLE HARBOUR WEST, PLACENTIA BAY","LITTLE HARBOUR WEST, PLACENTIA BAY",178,"Terre-Neuve-et-Labrador","Newfoundland and Labrador"
21117,"LITTLE HEART'S EASE","LITTLE HEART'S EASE",178,"Terre-Neuve-et-Labrador","Newfoundland and Labrador"
21118,"LITTLE PARADISE","LITTLE PARADISE",178,"Terre-Neuve-et-Labrador","Newfoundland and Labrador"
21119,"LITTLE PORT","LITTLE PORT",178,"Terre-Neuve-et-Labrador","Newfoundland and Labrador"
21120,"LITTLE PORT HARMON (AKA STEPHENVILLE)","LITTLE PORT HARMON (AKA STEPHENVILLE)",178,"Terre-Neuve-et-Labrador","Newfoundland and Labrador"
21121,"LITTLE SELDOM","LITTLE SELDOM",178,"Terre-Neuve-et-Labrador","Newfoundland and Labrador"
21122,"LITTLE ST. LAWRENCE","LITTLE ST. LAWRENCE",178,"Terre-Neuve-et-Labrador","Newfoundland and Labrador"
21123,"LIVERPOOL COVE","LIVERPOOL COVE",178,"Terre-Neuve-et-Labrador","Newfoundland and Labrador"
21124,"LOBSTER COVE, BONNE BAY","LOBSTER COVE, BONNE BAY",178,"Terre-Neuve-et-Labrador","Newfoundland and Labrador"
21125,"LOBSTER COVE, PORT AU PORT BAY","LOBSTER COVE, PORT AU PORT BAY",178,"Terre-Neuve-et-Labrador","Newfoundland and Labrador"
21126,"LOBSTER HARBOUR","LOBSTER HARBOUR",178,"Terre-Neuve-et-Labrador","Newfoundland and Labrador"
21127,"LOCK'S COVE","LOCK'S COVE",178,"Terre-Neuve-et-Labrador","Newfoundland and Labrador"
21128,"LODGE BAY","LODGE BAY",178,"Terre-Neuve-et-Labrador","Newfoundland and Labrador"
21129,"LOGY BAY","LOGY BAY",178,"Terre-Neuve-et-Labrador","Newfoundland and Labrador"
21130,"LONG BEACH, CONCEPTION BAY","LONG BEACH, CONCEPTION BAY",178,"Terre-Neuve-et-Labrador","Newfoundland and Labrador"
21131,"LONG BEACH, TRINITY BAY","LONG BEACH, TRINITY BAY",178,"Terre-Neuve-et-Labrador","Newfoundland and Labrador"
21132,"LONG COVE, TRINITY BAY","LONG COVE, TRINITY BAY",178,"Terre-Neuve-et-Labrador","Newfoundland and Labrador"
21133,"LONG HARBOUR, PLACENTIA BAY","LONG HARBOUR, PLACENTIA BAY",178,"Terre-Neuve-et-Labrador","Newfoundland and Labrador"
21134,"LONG ISLAND","LONG ISLAND",178,"Terre-Neuve-et-Labrador","Newfoundland and Labrador"
21135,"LONG POINT, LABRADOR","LONG POINT, LABRADOR",178,"Terre-Neuve-et-Labrador","Newfoundland and Labrador"
21136,"LONG POINT, PORT AU PORT BAY","LONG POINT, PORT AU PORT BAY",178,"Terre-Neuve-et-Labrador","Newfoundland and Labrador"
21137,"LONG POND/MANUELS","LONG POND/MANUELS",178,"Terre-Neuve-et-Labrador","Newfoundland and Labrador"
21138,"LONG STRETCH","LONG STRETCH",178,"Terre-Neuve-et-Labrador","Newfoundland and Labrador"
21139,"LONG TICKLE ISLAND","LONG TICKLE ISLAND",178,"Terre-Neuve-et-Labrador","Newfoundland and Labrador"
21140,"LOON BAY","LOON BAY",178,"Terre-Neuve-et-Labrador","Newfoundland and Labrador"
21141,"LOON ISLAND","LOON ISLAND",178,"Terre-Neuve-et-Labrador","Newfoundland and Labrador"
21142,"LORD'S COVE","LORD'S COVE",178,"Terre-Neuve-et-Labrador","Newfoundland and Labrador"
21143,"LOREBURN","LOREBURN",178,"Terre-Neuve-et-Labrador","Newfoundland and Labrador"
21144,"LORIES","LORIES",178,"Terre-Neuve-et-Labrador","Newfoundland and Labrador"
21145,"LOURDES","LOURDES",178,"Terre-Neuve-et-Labrador","Newfoundland and Labrador"
21146,"LOW POINT","LOW POINT",178,"Terre-Neuve-et-Labrador","Newfoundland and Labrador"
21147,"LOWER AMHERST COVE","LOWER AMHERST COVE",178,"Terre-Neuve-et-Labrador","Newfoundland and Labrador"
21148,"LOWER COVE","LOWER COVE",178,"Terre-Neuve-et-Labrador","Newfoundland and Labrador"
21149,"LOWER ISLAND COVE","LOWER ISLAND COVE",178,"Terre-Neuve-et-Labrador","Newfoundland and Labrador"
21150,"LOWER JENKINS COVE","LOWER JENKINS COVE",178,"Terre-Neuve-et-Labrador","Newfoundland and Labrador"
21151,"LOWER LANCE COVE","LOWER LANCE COVE",178,"Terre-Neuve-et-Labrador","Newfoundland and Labrador"
21152,"LUMSDEN NORTH (VACATED)","LUMSDEN NORTH (VACATED)",178,"Terre-Neuve-et-Labrador","Newfoundland and Labrador"
21153,"LUMSDEN SOUTH","LUMSDEN SOUTH",178,"Terre-Neuve-et-Labrador","Newfoundland and Labrador"
21154,"LUSHES BIGHT","LUSHES BIGHT",178,"Terre-Neuve-et-Labrador","Newfoundland and Labrador"
21155,"MABERLY","MABERLY",178,"Terre-Neuve-et-Labrador","Newfoundland and Labrador"
21156,"MAIN BROOK","MAIN BROOK",178,"Terre-Neuve-et-Labrador","Newfoundland and Labrador"
21157,"MAIN POINT","MAIN POINT",178,"Terre-Neuve-et-Labrador","Newfoundland and Labrador"
21158,"MAIN TICKLE","MAIN TICKLE",178,"Terre-Neuve-et-Labrador","Newfoundland and Labrador"
21159,"MAINLAND","MAINLAND",178,"Terre-Neuve-et-Labrador","Newfoundland and Labrador"
21160,"MAKKOVIK","MAKKOVIK",178,"Terre-Neuve-et-Labrador","Newfoundland and Labrador"
21161,"MALL BAY","MALL BAY",178,"Terre-Neuve-et-Labrador","Newfoundland and Labrador"
21162,"MAN O'WAR COVE","MAN O'WAR COVE",178,"Terre-Neuve-et-Labrador","Newfoundland and Labrador"
21163,"MANMAK ISLAND","MANMAK ISLAND",178,"Terre-Neuve-et-Labrador","Newfoundland and Labrador"
21164,"MARCHES POINT","MARCHES POINT",178,"Terre-Neuve-et-Labrador","Newfoundland and Labrador"
21165,"MARGAREE","MARGAREE",178,"Terre-Neuve-et-Labrador","Newfoundland and Labrador"
21166,"MARTIN'S POINT","MARTIN'S POINT",178,"Terre-Neuve-et-Labrador","Newfoundland and Labrador"
21167,"MARY'S HARBOUR","MARY'S HARBOUR",178,"Terre-Neuve-et-Labrador","Newfoundland and Labrador"
21168,"MARYSTOWN","MARYSTOWN",178,"Terre-Neuve-et-Labrador","Newfoundland and Labrador"
21169,"MARYSVALE","MARYSVALE",178,"Terre-Neuve-et-Labrador","Newfoundland and Labrador"
21170,"MATTIES COVE","MATTIES COVE",178,"Terre-Neuve-et-Labrador","Newfoundland and Labrador"
21171,"MCCALLUM","MCCALLUM",178,"Terre-Neuve-et-Labrador","Newfoundland and Labrador"
21172,"MCIVERS","MCIVERS",178,"Terre-Neuve-et-Labrador","Newfoundland and Labrador"
21173,"MCKAYS (INC. CARTYVILLE)","MCKAYS (INC. CARTYVILLE)",178,"Terre-Neuve-et-Labrador","Newfoundland and Labrador"
21174,"MEADOWS","MEADOWS",178,"Terre-Neuve-et-Labrador","Newfoundland and Labrador"
21175,"MELROSE","MELROSE",178,"Terre-Neuve-et-Labrador","Newfoundland and Labrador"
21176,"MERASHEEN","MERASHEEN",178,"Terre-Neuve-et-Labrador","Newfoundland and Labrador"
21177,"MERCER'S COVE","MERCER'S COVE",178,"Terre-Neuve-et-Labrador","Newfoundland and Labrador"
21178,"MERRIFIELD BAY","MERRIFIELD BAY",178,"Terre-Neuve-et-Labrador","Newfoundland and Labrador"
21179,"MERRITT'S HARBOUR","MERRITT'S HARBOUR",178,"Terre-Neuve-et-Labrador","Newfoundland and Labrador"
21180,"MICHAEL'S HARBOUR","MICHAEL'S HARBOUR",178,"Terre-Neuve-et-Labrador","Newfoundland and Labrador"
21181,"MIDDLE AMHERST COVE","MIDDLE AMHERST COVE",178,"Terre-Neuve-et-Labrador","Newfoundland and Labrador"
21182,"MIDDLE ARM","MIDDLE ARM",178,"Terre-Neuve-et-Labrador","Newfoundland and Labrador"
21183,"MIDDLE BROOK","MIDDLE BROOK",178,"Terre-Neuve-et-Labrador","Newfoundland and Labrador"
21184,"MIDDLE COVE","MIDDLE COVE",178,"Terre-Neuve-et-Labrador","Newfoundland and Labrador"
21185,"MILES COVE","MILES COVE",178,"Terre-Neuve-et-Labrador","Newfoundland and Labrador"
21186,"MILLER'S PASSAGE","MILLER'S PASSAGE",178,"Terre-Neuve-et-Labrador","Newfoundland and Labrador"
21187,"MILLTOWN","MILLTOWN",178,"Terre-Neuve-et-Labrador","Newfoundland and Labrador"
21188,"MILTON","MILTON",178,"Terre-Neuve-et-Labrador","Newfoundland and Labrador"
21189,"MING'S BIGHT","MING'S BIGHT",178,"Terre-Neuve-et-Labrador","Newfoundland and Labrador"
21190,"MITCHELLS BROOK","MITCHELLS BROOK",178,"Terre-Neuve-et-Labrador","Newfoundland and Labrador"
21191,"MOBILE","MOBILE",178,"Terre-Neuve-et-Labrador","Newfoundland and Labrador"
21192,"MOLLIERS","MOLLIERS",178,"Terre-Neuve-et-Labrador","Newfoundland and Labrador"
21193,"MOLLY ANN COVE","MOLLY ANN COVE",178,"Terre-Neuve-et-Labrador","Newfoundland and Labrador"
21194,"MONKSTOWN","MONKSTOWN",178,"Terre-Neuve-et-Labrador","Newfoundland and Labrador"
21195,"MONROE","MONROE",178,"Terre-Neuve-et-Labrador","Newfoundland and Labrador"
21196,"MOORE'S HARBOUR","MOORE'S HARBOUR",178,"Terre-Neuve-et-Labrador","Newfoundland and Labrador"
21197,"MORETON'S HARBOUR","MORETON'S HARBOUR",178,"Terre-Neuve-et-Labrador","Newfoundland and Labrador"
21198,"MORRISVILLE","MORRISVILLE",178,"Terre-Neuve-et-Labrador","Newfoundland and Labrador"
21199,"MORTIER","MORTIER",178,"Terre-Neuve-et-Labrador","Newfoundland and Labrador"
21200,"MOSE AMBROSE","MOSE AMBROSE",178,"Terre-Neuve-et-Labrador","Newfoundland and Labrador"
21201,"MOUNT CARMEL","MOUNT CARMEL",178,"Terre-Neuve-et-Labrador","Newfoundland and Labrador"
21203,"MT. ARLINGTON HEIGHTS","MT. ARLINGTON HEIGHTS",178,"Terre-Neuve-et-Labrador","Newfoundland and Labrador"
21204,"MUD LAKE","MUD LAKE",178,"Terre-Neuve-et-Labrador","Newfoundland and Labrador"
21205,"MUDDY BAY","MUDDY BAY",178,"Terre-Neuve-et-Labrador","Newfoundland and Labrador"
21206,"MUDDY HOLE","MUDDY HOLE",178,"Terre-Neuve-et-Labrador","Newfoundland and Labrador"
21207,"MUGFORD TICKLE","MUGFORD TICKLE",178,"Terre-Neuve-et-Labrador","Newfoundland and Labrador"
21208,"MULLIAK","MULLIAK",178,"Terre-Neuve-et-Labrador","Newfoundland and Labrador"
21209,"MULLINS COVE (NEAR CARTWRIGHT)","MULLINS COVE (NEAR CARTWRIGHT)",178,"Terre-Neuve-et-Labrador","Newfoundland and Labrador"
21210,"MULLINS COVE (NEAR RIGOLET)","MULLINS COVE (NEAR RIGOLET)",178,"Terre-Neuve-et-Labrador","Newfoundland and Labrador"
21211,"MULTA","MULTA",178,"Terre-Neuve-et-Labrador","Newfoundland and Labrador"
21212,"MURRAY'S HARBOUR","MURRAY'S HARBOUR",178,"Terre-Neuve-et-Labrador","Newfoundland and Labrador"
21213,"MUSGRAVE HARBOUR","MUSGRAVE HARBOUR",178,"Terre-Neuve-et-Labrador","Newfoundland and Labrador"
21214,"MUSGRAVETOWN","MUSGRAVETOWN",178,"Terre-Neuve-et-Labrador","Newfoundland and Labrador"
21215,"NACHVAK FIORD","NACHVAK FIORD",178,"Terre-Neuve-et-Labrador","Newfoundland and Labrador"
21216,"NAIKOK POINT","NAIKOK POINT",178,"Terre-Neuve-et-Labrador","Newfoundland and Labrador"
21217,"NAIN","NAIN",178,"Terre-Neuve-et-Labrador","Newfoundland and Labrador"
21218,"NAIN BAY","NAIN BAY",178,"Terre-Neuve-et-Labrador","Newfoundland and Labrador"
21219,"NAMELESS COVE","NAMELESS COVE",178,"Terre-Neuve-et-Labrador","Newfoundland and Labrador"
21220,"NEDDY'S HARBOUR","NEDDY'S HARBOUR",178,"Terre-Neuve-et-Labrador","Newfoundland and Labrador"
21221,"NEW BONAVENTURE","NEW BONAVENTURE",178,"Terre-Neuve-et-Labrador","Newfoundland and Labrador"
21222,"NEW CHELSEA","NEW CHELSEA",178,"Terre-Neuve-et-Labrador","Newfoundland and Labrador"
21223,"NEW FERROLE","NEW FERROLE",178,"Terre-Neuve-et-Labrador","Newfoundland and Labrador"
21224,"NEW HARBOUR, HERMITAGE BAY","NEW HARBOUR, HERMITAGE BAY",178,"Terre-Neuve-et-Labrador","Newfoundland and Labrador"
21225,"NEW HARBOUR, TRINITY BAY","NEW HARBOUR, TRINITY BAY",178,"Terre-Neuve-et-Labrador","Newfoundland and Labrador"
21226,"NEW MELBOURNE","NEW MELBOURNE",178,"Terre-Neuve-et-Labrador","Newfoundland and Labrador"
21227,"NEW PERLICAN","NEW PERLICAN",178,"Terre-Neuve-et-Labrador","Newfoundland and Labrador"
21228,"NEWBRIDGE","NEWBRIDGE",178,"Terre-Neuve-et-Labrador","Newfoundland and Labrador"
21229,"NEWFOUNDLAND HARBOUR","NEWFOUNDLAND HARBOUR",178,"Terre-Neuve-et-Labrador","Newfoundland and Labrador"
21230,"NEWMAN'S COVE","NEWMAN'S COVE",178,"Terre-Neuve-et-Labrador","Newfoundland and Labrador"
21231,"NEWPORT","NEWPORT",178,"Terre-Neuve-et-Labrador","Newfoundland and Labrador"
21232,"NEWSTEAD","NEWSTEAD",178,"Terre-Neuve-et-Labrador","Newfoundland and Labrador"
21233,"NEWTOWN","NEWTOWN",178,"Terre-Neuve-et-Labrador","Newfoundland and Labrador"
21234,"NEWVILLE","NEWVILLE",178,"Terre-Neuve-et-Labrador","Newfoundland and Labrador"
21235,"NIPPER'S HARBOUR","NIPPER'S HARBOUR",178,"Terre-Neuve-et-Labrador","Newfoundland and Labrador"
21236,"NODDY BAY","NODDY BAY",178,"Terre-Neuve-et-Labrador","Newfoundland and Labrador"
21237,"NOGGIN COVE","NOGGIN COVE",178,"Terre-Neuve-et-Labrador","Newfoundland and Labrador"
21238,"NORMANS BAY","NORMANS BAY",178,"Terre-Neuve-et-Labrador","Newfoundland and Labrador"
21239,"NORMAN'S COVE","NORMAN'S COVE",178,"Terre-Neuve-et-Labrador","Newfoundland and Labrador"
21240,"NORRIS ARM","NORRIS ARM",178,"Terre-Neuve-et-Labrador","Newfoundland and Labrador"
21241,"NORRIS POINT","NORRIS POINT",178,"Terre-Neuve-et-Labrador","Newfoundland and Labrador"
21242,"NORTH ARM","NORTH ARM",178,"Terre-Neuve-et-Labrador","Newfoundland and Labrador"
21243,"NORTH BOAT HARBOUR","NORTH BOAT HARBOUR",178,"Terre-Neuve-et-Labrador","Newfoundland and Labrador"
21244,"NORTH HARBOUR, PLACENTIA BAY","NORTH HARBOUR, PLACENTIA BAY",178,"Terre-Neuve-et-Labrador","Newfoundland and Labrador"
21245,"NORTH HARBOUR, ST. MARY'S BAY","NORTH HARBOUR, ST. MARY'S BAY",178,"Terre-Neuve-et-Labrador","Newfoundland and Labrador"
21246,"NORTH RIVER","NORTH RIVER",178,"Terre-Neuve-et-Labrador","Newfoundland and Labrador"
21247,"NORTHERN ARM HARBOUR","NORTHERN ARM HARBOUR",178,"Terre-Neuve-et-Labrador","Newfoundland and Labrador"
21248,"NORTHERN BAY","NORTHERN BAY",178,"Terre-Neuve-et-Labrador","Newfoundland and Labrador"
21249,"NORTHWEST BROOK","NORTHWEST BROOK",178,"Terre-Neuve-et-Labrador","Newfoundland and Labrador"
21250,"NORTHWEST RIVER","NORTHWEST RIVER",178,"Terre-Neuve-et-Labrador","Newfoundland and Labrador"
21251,"NUKASISITOK ISLAND","NUKASISITOK ISLAND",178,"Terre-Neuve-et-Labrador","Newfoundland and Labrador"
21252,"NUTAK","NUTAK",178,"Terre-Neuve-et-Labrador","Newfoundland and Labrador"
21253,"OCCASIONAL HARBOUR","OCCASIONAL HARBOUR",178,"Terre-Neuve-et-Labrador","Newfoundland and Labrador"
21254,"OCHRE PIT COVE","OCHRE PIT COVE",178,"Terre-Neuve-et-Labrador","Newfoundland and Labrador"
21255,"ODERIN","ODERIN",178,"Terre-Neuve-et-Labrador","Newfoundland and Labrador"
21256,"O'DONNELLS","O'DONNELLS",178,"Terre-Neuve-et-Labrador","Newfoundland and Labrador"
21257,"OKAK","OKAK",178,"Terre-Neuve-et-Labrador","Newfoundland and Labrador"
21258,"OKAK BAY","OKAK BAY",178,"Terre-Neuve-et-Labrador","Newfoundland and Labrador"
21259,"OLD BONAVENTURE","OLD BONAVENTURE",178,"Terre-Neuve-et-Labrador","Newfoundland and Labrador"
21260,"OLD MANS COVE","OLD MANS COVE",178,"Terre-Neuve-et-Labrador","Newfoundland and Labrador"
21261,"OLD PERLICAN","OLD PERLICAN",178,"Terre-Neuve-et-Labrador","Newfoundland and Labrador"
21262,"OLD SHOP","OLD SHOP",178,"Terre-Neuve-et-Labrador","Newfoundland and Labrador"
21263,"ONALIK'S PLACE","ONALIK'S PLACE",178,"Terre-Neuve-et-Labrador","Newfoundland and Labrador"
21264,"OPEN HALL","OPEN HALL",178,"Terre-Neuve-et-Labrador","Newfoundland and Labrador"
21265,"ORTON ISLAND","ORTON ISLAND",178,"Terre-Neuve-et-Labrador","Newfoundland and Labrador"
21266,"OTTERS POINT","OTTERS POINT",178,"Terre-Neuve-et-Labrador","Newfoundland and Labrador"
21267,"OUTER COVE","OUTER COVE",178,"Terre-Neuve-et-Labrador","Newfoundland and Labrador"
21268,"PACKS HARBOUR","PACKS HARBOUR",178,"Terre-Neuve-et-Labrador","Newfoundland and Labrador"
21269,"PACQUET","PACQUET",178,"Terre-Neuve-et-Labrador","Newfoundland and Labrador"
21270,"PADDY'S POINT","PADDY'S POINT",178,"Terre-Neuve-et-Labrador","Newfoundland and Labrador"
21271,"PANGERTOK INLET","PANGERTOK INLET",178,"Terre-Neuve-et-Labrador","Newfoundland and Labrador"
21272,"PARADISE RIVER","PARADISE RIVER",178,"Terre-Neuve-et-Labrador","Newfoundland and Labrador"
21273,"PARKERS COVE","PARKERS COVE",178,"Terre-Neuve-et-Labrador","Newfoundland and Labrador"
21274,"PARSONS HARBOUR","PARSONS HARBOUR",178,"Terre-Neuve-et-Labrador","Newfoundland and Labrador"
21276,"PARSON'S POND","PARSON'S POND",178,"Terre-Neuve-et-Labrador","Newfoundland and Labrador"
21277,"PARSONS TICKLE","PARSONS TICKLE",178,"Terre-Neuve-et-Labrador","Newfoundland and Labrador"
21278,"PASS ISLAND","PASS ISLAND",178,"Terre-Neuve-et-Labrador","Newfoundland and Labrador"
21279,"PATRICK'S COVE","PATRICK'S COVE",178,"Terre-Neuve-et-Labrador","Newfoundland and Labrador"
21280,"PAUL IS COVE, PAUL ISLAND","PAUL IS COVE, PAUL ISLAND",178,"Terre-Neuve-et-Labrador","Newfoundland and Labrador"
21281,"PECKHAMS COVE","PECKHAMS COVE",178,"Terre-Neuve-et-Labrador","Newfoundland and Labrador"
21282,"PELTRY","PELTRY",178,"Terre-Neuve-et-Labrador","Newfoundland and Labrador"
21283,"PENNY HOOK COVE","PENNY HOOK COVE",178,"Terre-Neuve-et-Labrador","Newfoundland and Labrador"
21284,"PENNYS HARBOUR","PENNYS HARBOUR",178,"Terre-Neuve-et-Labrador","Newfoundland and Labrador"
21285,"PERRYS COVE","PERRYS COVE",178,"Terre-Neuve-et-Labrador","Newfoundland and Labrador"
21286,"PETER'S POINT","PETER'S POINT",178,"Terre-Neuve-et-Labrador","Newfoundland and Labrador"
21287,"PETERS RIVER","PETERS RIVER",178,"Terre-Neuve-et-Labrador","Newfoundland and Labrador"
21288,"PETERVIEW","PETERVIEW",178,"Terre-Neuve-et-Labrador","Newfoundland and Labrador"
21289,"PETITE FORTE","PETITE FORTE",178,"Terre-Neuve-et-Labrador","Newfoundland and Labrador"
21290,"PETITES","PETITES",178,"Terre-Neuve-et-Labrador","Newfoundland and Labrador"
21291,"PETLEY","PETLEY",178,"Terre-Neuve-et-Labrador","Newfoundland and Labrador"
21292,"PETRIES","PETRIES",178,"Terre-Neuve-et-Labrador","Newfoundland and Labrador"
21293,"PETTY HARBOUR, LABRADOR","PETTY HARBOUR, LABRADOR",178,"Terre-Neuve-et-Labrador","Newfoundland and Labrador"
21294,"PETTY HARBOUR, SOUTHERN SHORE","PETTY HARBOUR, SOUTHERN SHORE",178,"Terre-Neuve-et-Labrador","Newfoundland and Labrador"
21295,"PHILLIPS HEAD","PHILLIPS HEAD",178,"Terre-Neuve-et-Labrador","Newfoundland and Labrador"
21296,"PICCADILLY","PICCADILLY",178,"Terre-Neuve-et-Labrador","Newfoundland and Labrador"
21297,"PIGEON COVE, LABRADOR","PIGEON COVE, LABRADOR",178,"Terre-Neuve-et-Labrador","Newfoundland and Labrador"
21298,"PIKES ARM","PIKES ARM",178,"Terre-Neuve-et-Labrador","Newfoundland and Labrador"
21299,"PILLERS BIGHT","PILLERS BIGHT",178,"Terre-Neuve-et-Labrador","Newfoundland and Labrador"
21300,"PILLEY'S ISLAND","PILLEY'S ISLAND",178,"Terre-Neuve-et-Labrador","Newfoundland and Labrador"
21301,"PINES COVE (PAYNES COVE)","PINES COVE (PAYNES COVE)",178,"Terre-Neuve-et-Labrador","Newfoundland and Labrador"
21302,"PINSENT'S ARM","PINSENT'S ARM",178,"Terre-Neuve-et-Labrador","Newfoundland and Labrador"
21303,"PINWARE","PINWARE",178,"Terre-Neuve-et-Labrador","Newfoundland and Labrador"
21304,"PLACENTIA","PLACENTIA",178,"Terre-Neuve-et-Labrador","Newfoundland and Labrador"
21305,"PLATE COVE EAST","PLATE COVE EAST",178,"Terre-Neuve-et-Labrador","Newfoundland and Labrador"
21306,"PLATE COVE WEST","PLATE COVE WEST",178,"Terre-Neuve-et-Labrador","Newfoundland and Labrador"
21307,"PLEASANTVIEW","PLEASANTVIEW",178,"Terre-Neuve-et-Labrador","Newfoundland and Labrador"
21308,"PLEASURE HARBOUR","PLEASURE HARBOUR",178,"Terre-Neuve-et-Labrador","Newfoundland and Labrador"
21309,"PLUM POINT","PLUM POINT",178,"Terre-Neuve-et-Labrador","Newfoundland and Labrador"
21310,"POINT AU GAUL","POINT AU GAUL",178,"Terre-Neuve-et-Labrador","Newfoundland and Labrador"
21311,"POINT AU MAL","POINT AU MAL",178,"Terre-Neuve-et-Labrador","Newfoundland and Labrador"
21312,"POINT CREWE","POINT CREWE",178,"Terre-Neuve-et-Labrador","Newfoundland and Labrador"
21313,"POINT LA HAYE","POINT LA HAYE",178,"Terre-Neuve-et-Labrador","Newfoundland and Labrador"
21314,"POINT LANCE","POINT LANCE",178,"Terre-Neuve-et-Labrador","Newfoundland and Labrador"
21315,"POINT LEAMINGTON","POINT LEAMINGTON",178,"Terre-Neuve-et-Labrador","Newfoundland and Labrador"
21316,"POINT MAY","POINT MAY",178,"Terre-Neuve-et-Labrador","Newfoundland and Labrador"
21317,"POINT OF BAY","POINT OF BAY",178,"Terre-Neuve-et-Labrador","Newfoundland and Labrador"
21318,"POINT ROSIE","POINT ROSIE",178,"Terre-Neuve-et-Labrador","Newfoundland and Labrador"
21319,"POINT VERDE","POINT VERDE",178,"Terre-Neuve-et-Labrador","Newfoundland and Labrador"
21320,"POLLARDS POINT","POLLARDS POINT",178,"Terre-Neuve-et-Labrador","Newfoundland and Labrador"
21321,"POND COVE","POND COVE",178,"Terre-Neuve-et-Labrador","Newfoundland and Labrador"
21322,"POOL'S COVE","POOL'S COVE",178,"Terre-Neuve-et-Labrador","Newfoundland and Labrador"
21323,"POOL'S ISLAND","POOL'S ISLAND",178,"Terre-Neuve-et-Labrador","Newfoundland and Labrador"
21324,"POPE'S HARBOUR","POPE'S HARBOUR",178,"Terre-Neuve-et-Labrador","Newfoundland and Labrador"
21325,"PORT ALBERT","PORT ALBERT",178,"Terre-Neuve-et-Labrador","Newfoundland and Labrador"
21326,"PORT ANN","PORT ANN",178,"Terre-Neuve-et-Labrador","Newfoundland and Labrador"
21327,"PORT ANSON","PORT ANSON",178,"Terre-Neuve-et-Labrador","Newfoundland and Labrador"
21328,"PORT AU BRAS","PORT AU BRAS",178,"Terre-Neuve-et-Labrador","Newfoundland and Labrador"
21329,"PORT AU CHOIX","PORT AU CHOIX",178,"Terre-Neuve-et-Labrador","Newfoundland and Labrador"
21330,"PORT AU PORT (INCLUDES GRAVEL BEACH)","PORT AU PORT (INCLUDES GRAVEL BEACH)",178,"Terre-Neuve-et-Labrador","Newfoundland and Labrador"
21331,"PORT AUX BASQUES (CHANNEL)","PORT AUX BASQUES (CHANNEL)",178,"Terre-Neuve-et-Labrador","Newfoundland and Labrador"
21332,"PORT BLANDFORD","PORT BLANDFORD",178,"Terre-Neuve-et-Labrador","Newfoundland and Labrador"
21333,"PORT DE GRAVE","PORT DE GRAVE",178,"Terre-Neuve-et-Labrador","Newfoundland and Labrador"
21334,"PORT ELIZABETH","PORT ELIZABETH",178,"Terre-Neuve-et-Labrador","Newfoundland and Labrador"
21335,"PORT HOPE SIMPSON","PORT HOPE SIMPSON",178,"Terre-Neuve-et-Labrador","Newfoundland and Labrador"
21336,"PORT KIRWIN","PORT KIRWIN",178,"Terre-Neuve-et-Labrador","Newfoundland and Labrador"
21337,"PORT REXTON","PORT REXTON",178,"Terre-Neuve-et-Labrador","Newfoundland and Labrador"
21338,"PORT ROYAL (V)","PORT ROYAL (V)",178,"Terre-Neuve-et-Labrador","Newfoundland and Labrador"
21339,"PORT SAUNDERS","PORT SAUNDERS",178,"Terre-Neuve-et-Labrador","Newfoundland and Labrador"
21340,"PORT UNION","PORT UNION",178,"Terre-Neuve-et-Labrador","Newfoundland and Labrador"
21341,"PORTERVILLE","PORTERVILLE",178,"Terre-Neuve-et-Labrador","Newfoundland and Labrador"
21342,"PORTLAND","PORTLAND",178,"Terre-Neuve-et-Labrador","Newfoundland and Labrador"
21343,"PORTLAND CREEK","PORTLAND CREEK",178,"Terre-Neuve-et-Labrador","Newfoundland and Labrador"
21344,"PORTUGAL COVE SOUTH, SOUTHERN SHORE","PORTUGAL COVE SOUTH, SOUTHERN SHORE",178,"Terre-Neuve-et-Labrador","Newfoundland and Labrador"
21345,"PORTUGAL COVE, CONCEPTION BAY","PORTUGAL COVE, CONCEPTION BAY",178,"Terre-Neuve-et-Labrador","Newfoundland and Labrador"
21346,"POSTVILLE","POSTVILLE",178,"Terre-Neuve-et-Labrador","Newfoundland and Labrador"
21347,"POUCH COVE","POUCH COVE",178,"Terre-Neuve-et-Labrador","Newfoundland and Labrador"
21348,"POUND COVE","POUND COVE",178,"Terre-Neuve-et-Labrador","Newfoundland and Labrador"
21349,"PRESQUE","PRESQUE",178,"Terre-Neuve-et-Labrador","Newfoundland and Labrador"
21350,"PRINCETON","PRINCETON",178,"Terre-Neuve-et-Labrador","Newfoundland and Labrador"
21351,"PROWESTON","PROWESTON",178,"Terre-Neuve-et-Labrador","Newfoundland and Labrador"
21352,"PUNCHBOWL","PUNCHBOWL",178,"Terre-Neuve-et-Labrador","Newfoundland and Labrador"
21353,"PURBECK'S COVE","PURBECK'S COVE",178,"Terre-Neuve-et-Labrador","Newfoundland and Labrador"
21354,"PURCELL'S HARBOUR","PURCELL'S HARBOUR",178,"Terre-Neuve-et-Labrador","Newfoundland and Labrador"
21355,"PUSHTHROUGH","PUSHTHROUGH",178,"Terre-Neuve-et-Labrador","Newfoundland and Labrador"
21356,"QUEEN'S COVE","QUEEN'S COVE",178,"Terre-Neuve-et-Labrador","Newfoundland and Labrador"
21357,"QUIDI VIDI","QUIDI VIDI",178,"Terre-Neuve-et-Labrador","Newfoundland and Labrador"
21358,"QUIRPON","QUIRPON",178,"Terre-Neuve-et-Labrador","Newfoundland and Labrador"
21359,"RAGGED HARBOUR","RAGGED HARBOUR",178,"Terre-Neuve-et-Labrador","Newfoundland and Labrador"
21360,"RAGGED ISLANDS","RAGGED ISLANDS",178,"Terre-Neuve-et-Labrador","Newfoundland and Labrador"
21361,"RAGGED POINT","RAGGED POINT",178,"Terre-Neuve-et-Labrador","Newfoundland and Labrador"
21362,"RAILROADS","RAILROADS",178,"Terre-Neuve-et-Labrador","Newfoundland and Labrador"
21363,"RALEIGH","RALEIGH",178,"Terre-Neuve-et-Labrador","Newfoundland and Labrador"
21364,"RAMAH BAY","RAMAH BAY",178,"Terre-Neuve-et-Labrador","Newfoundland and Labrador"
21365,"RAMEA","RAMEA",178,"Terre-Neuve-et-Labrador","Newfoundland and Labrador"
21366,"RATTLER'S BIGHT","RATTLER'S BIGHT",178,"Terre-Neuve-et-Labrador","Newfoundland and Labrador"
21367,"RATTLING BROOK","RATTLING BROOK",178,"Terre-Neuve-et-Labrador","Newfoundland and Labrador"
21368,"RAYMONDS POINT","RAYMONDS POINT",178,"Terre-Neuve-et-Labrador","Newfoundland and Labrador"
21369,"RAZORBACK HARBOUR","RAZORBACK HARBOUR",178,"Terre-Neuve-et-Labrador","Newfoundland and Labrador"
21370,"RED BAY","RED BAY",178,"Terre-Neuve-et-Labrador","Newfoundland and Labrador"
21371,"RED BROOK (ROUZES BROOK)","RED BROOK (ROUZES BROOK)",178,"Terre-Neuve-et-Labrador","Newfoundland and Labrador"
21372,"RED CLIFF","RED CLIFF",178,"Terre-Neuve-et-Labrador","Newfoundland and Labrador"
21373,"RED COVE","RED COVE",178,"Terre-Neuve-et-Labrador","Newfoundland and Labrador"
21374,"RED HARBOUR","RED HARBOUR",178,"Terre-Neuve-et-Labrador","Newfoundland and Labrador"
21375,"RED HEAD COVE","RED HEAD COVE",178,"Terre-Neuve-et-Labrador","Newfoundland and Labrador"
21376,"RED ISLAND","RED ISLAND",178,"Terre-Neuve-et-Labrador","Newfoundland and Labrador"
21377,"REEFS HARBOUR","REEFS HARBOUR",178,"Terre-Neuve-et-Labrador","Newfoundland and Labrador"
21378,"RENCONTRE EAST","RENCONTRE EAST",178,"Terre-Neuve-et-Labrador","Newfoundland and Labrador"
21379,"RENCONTRE WEST","RENCONTRE WEST",178,"Terre-Neuve-et-Labrador","Newfoundland and Labrador"
21380,"RENEWS","RENEWS",178,"Terre-Neuve-et-Labrador","Newfoundland and Labrador"
21381,"RIGOLET","RIGOLET",178,"Terre-Neuve-et-Labrador","Newfoundland and Labrador"
21382,"RITTER'S ARM","RITTER'S ARM",178,"Terre-Neuve-et-Labrador","Newfoundland and Labrador"
21383,"RIVER OF PONDS","RIVER OF PONDS",178,"Terre-Neuve-et-Labrador","Newfoundland and Labrador"
21384,"RIVERHEAD","RIVERHEAD",178,"Terre-Neuve-et-Labrador","Newfoundland and Labrador"
21385,"ROBERT'S ARM","ROBERT'S ARM",178,"Terre-Neuve-et-Labrador","Newfoundland and Labrador"
21386,"ROBINSONS","ROBINSONS",178,"Terre-Neuve-et-Labrador","Newfoundland and Labrador"
21387,"ROCK HARBOUR","ROCK HARBOUR",178,"Terre-Neuve-et-Labrador","Newfoundland and Labrador"
21388,"ROCKETTS COVE","ROCKETTS COVE",178,"Terre-Neuve-et-Labrador","Newfoundland and Labrador"
21389,"ROCKY HARBOUR","ROCKY HARBOUR",178,"Terre-Neuve-et-Labrador","Newfoundland and Labrador"
21392,"PLEASANT VALLEY (ANTIGONISH)","PLEASANT VALLEY (ANTIGONISH)",180,"Nouvelle-Écosse","Nova Scotia"
21393,"PLEASANT VALLEY (YARMOUTH)","PLEASANT VALLEY (YARMOUTH)",180,"Nouvelle-Écosse","Nova Scotia"
21394,"PLEASANTFIELD","PLEASANTFIELD",180,"Nouvelle-Écosse","Nova Scotia"
21395,"PLEASANTVILLE","PLEASANTVILLE",180,"Nouvelle-Écosse","Nova Scotia"
21396,"PLYMOUTH","PLYMOUTH",180,"Nouvelle-Écosse","Nova Scotia"
21397,"PLYMPTON","PLYMPTON",180,"Nouvelle-Écosse","Nova Scotia"
21398,"POINT ACONI","POINT ACONI",180,"Nouvelle-Écosse","Nova Scotia"
21399,"POINT CROSS","POINT CROSS",180,"Nouvelle-Écosse","Nova Scotia"
21400,"POINT EDWARD","POINT EDWARD",180,"Nouvelle-Écosse","Nova Scotia"
21401,"POINT MICHAUD","POINT MICHAUD",180,"Nouvelle-Écosse","Nova Scotia"
21402,"POINT PRIM","POINT PRIM",180,"Nouvelle-Écosse","Nova Scotia"
21403,"POINT TUPPER","POINT TUPPER",180,"Nouvelle-Écosse","Nova Scotia"
21404,"POIRIERVILLE","POIRIERVILLE",180,"Nouvelle-Écosse","Nova Scotia"
21405,"POLISH LANDINGS","POLISH LANDINGS",180,"Nouvelle-Écosse","Nova Scotia"
21406,"POMQUET","POMQUET",180,"Nouvelle-Écosse","Nova Scotia"
21407,"PONDVILLE","PONDVILLE",180,"Nouvelle-Écosse","Nova Scotia"
21408,"POPE'S HARBOUR","POPE'S HARBOUR",180,"Nouvelle-Écosse","Nova Scotia"
21409,"PORT BAN","PORT BAN",180,"Nouvelle-Écosse","Nova Scotia"
21410,"PORT BICKERTON","PORT BICKERTON",180,"Nouvelle-Écosse","Nova Scotia"
21411,"PORT CALEDONIA","PORT CALEDONIA",180,"Nouvelle-Écosse","Nova Scotia"
21412,"PORT CLYDE","PORT CLYDE",180,"Nouvelle-Écosse","Nova Scotia"
21413,"PORT DUFFERIN","PORT DUFFERIN",180,"Nouvelle-Écosse","Nova Scotia"
21414,"PORT FELIX","PORT FELIX",180,"Nouvelle-Écosse","Nova Scotia"
21415,"PORT GEORGE","PORT GEORGE",180,"Nouvelle-Écosse","Nova Scotia"
21416,"PORT GREVILLE","PORT GREVILLE",180,"Nouvelle-Écosse","Nova Scotia"
21417,"PORT HASTINGS","PORT HASTINGS",180,"Nouvelle-Écosse","Nova Scotia"
21418,"PORT HAWKESBURY","PORT HAWKESBURY",180,"Nouvelle-Écosse","Nova Scotia"
21419,"PORT HEBERT","PORT HEBERT",180,"Nouvelle-Écosse","Nova Scotia"
21420,"PORT HILFORD","PORT HILFORD",180,"Nouvelle-Écosse","Nova Scotia"
21421,"PORT HOOD","PORT HOOD",180,"Nouvelle-Écosse","Nova Scotia"
21422,"PORT HOOD ISLAND","PORT HOOD ISLAND",180,"Nouvelle-Écosse","Nova Scotia"
21423,"PORT HOWE","PORT HOWE",180,"Nouvelle-Écosse","Nova Scotia"
21424,"PORT JOLI","PORT JOLI",180,"Nouvelle-Écosse","Nova Scotia"
21425,"PORT LA TOUR","PORT LA TOUR",180,"Nouvelle-Écosse","Nova Scotia"
21426,"PORT LORNE","PORT LORNE",180,"Nouvelle-Écosse","Nova Scotia"
21427,"PORT MAITLAND","PORT MAITLAND",180,"Nouvelle-Écosse","Nova Scotia"
21428,"PORT MALCOLM","PORT MALCOLM",180,"Nouvelle-Écosse","Nova Scotia"
21429,"PORT MEDWAY","PORT MEDWAY",180,"Nouvelle-Écosse","Nova Scotia"
21430,"PORT MORIEN","PORT MORIEN",180,"Nouvelle-Écosse","Nova Scotia"
21431,"PORT MOUTON","PORT MOUTON",180,"Nouvelle-Écosse","Nova Scotia"
21432,"PORT PHILLIP","PORT PHILLIP",180,"Nouvelle-Écosse","Nova Scotia"
21433,"PORT RICHMOND","PORT RICHMOND",180,"Nouvelle-Écosse","Nova Scotia"
21434,"PORT ROYAL (ANNAPOLIS)","PORT ROYAL (ANNAPOLIS)",180,"Nouvelle-Écosse","Nova Scotia"
21435,"PORT ROYAL (RICHMOND)","PORT ROYAL (RICHMOND)",180,"Nouvelle-Écosse","Nova Scotia"
21436,"PORT SAXON","PORT SAXON",180,"Nouvelle-Écosse","Nova Scotia"
21437,"PORT SHOREHAM","PORT SHOREHAM",180,"Nouvelle-Écosse","Nova Scotia"
21438,"PORT WADE","PORT WADE",180,"Nouvelle-Écosse","Nova Scotia"
21439,"PORT WILLIAMS","PORT WILLIAMS",180,"Nouvelle-Écosse","Nova Scotia"
21440,"PORTAPIQUE","PORTAPIQUE",180,"Nouvelle-Écosse","Nova Scotia"
21441,"PORTER'S LAKE","PORTER'S LAKE",180,"Nouvelle-Écosse","Nova Scotia"
21442,"PORTUGAL","PORTUGAL",180,"Nouvelle-Écosse","Nova Scotia"
21443,"PORTUGUESE COVE","PORTUGUESE COVE",180,"Nouvelle-Écosse","Nova Scotia"
21444,"POULAMOND","POULAMOND",180,"Nouvelle-Écosse","Nova Scotia"
21445,"PRIME BROOK","PRIME BROOK",180,"Nouvelle-Écosse","Nova Scotia"
21446,"PRINGLES HARBOUR","PRINGLES HARBOUR",180,"Nouvelle-Écosse","Nova Scotia"
21447,"PROSPECT","PROSPECT",180,"Nouvelle-Écosse","Nova Scotia"
21448,"PROSPECT POINT","PROSPECT POINT",180,"Nouvelle-Écosse","Nova Scotia"
21449,"PUBNICO","PUBNICO",180,"Nouvelle-Écosse","Nova Scotia"
21450,"PUGWASH","PUGWASH",180,"Nouvelle-Écosse","Nova Scotia"
21451,"PUGWASH JUNCTION","PUGWASH JUNCTION",180,"Nouvelle-Écosse","Nova Scotia"
21452,"PUGWASH POINT","PUGWASH POINT",180,"Nouvelle-Écosse","Nova Scotia"
21453,"PUGWASH RIVER","PUGWASH RIVER",180,"Nouvelle-Écosse","Nova Scotia"
21454,"PURCELL'S COVE","PURCELL'S COVE",180,"Nouvelle-Écosse","Nova Scotia"
21455,"QUEENSLAND","QUEENSLAND",180,"Nouvelle-Écosse","Nova Scotia"
21456,"QUEENSPORT","QUEENSPORT",180,"Nouvelle-Écosse","Nova Scotia"
21457,"QUINAN","QUINAN",180,"Nouvelle-Écosse","Nova Scotia"
21458,"QUODDY INLET","QUODDY INLET",180,"Nouvelle-Écosse","Nova Scotia"
21459,"RABBIT ISLAND","RABBIT ISLAND",180,"Nouvelle-Écosse","Nova Scotia"
21460,"RAM'S LEDGE","RAM'S LEDGE",180,"Nouvelle-Écosse","Nova Scotia"
21461,"RED HEAD (GUYSBOROUGH)","RED HEAD (GUYSBOROUGH)",180,"Nouvelle-Écosse","Nova Scotia"
21462,"RED HEAD (RICHMOND)","RED HEAD (RICHMOND)",180,"Nouvelle-Écosse","Nova Scotia"
21463,"RED ISLAND","RED ISLAND",180,"Nouvelle-Écosse","Nova Scotia"
21464,"RED POINT","RED POINT",180,"Nouvelle-Écosse","Nova Scotia"
21465,"RESERVE","RESERVE",180,"Nouvelle-Écosse","Nova Scotia"
21466,"REYNARDTON","REYNARDTON",180,"Nouvelle-Écosse","Nova Scotia"
21467,"REYNOLDSCROFT","REYNOLDSCROFT",180,"Nouvelle-Écosse","Nova Scotia"
21468,"RHODES CORNER","RHODES CORNER",180,"Nouvelle-Écosse","Nova Scotia"
21469,"RIVER BENNETT","RIVER BENNETT",180,"Nouvelle-Écosse","Nova Scotia"
21470,"RIVER BOURGEOIS","RIVER BOURGEOIS",180,"Nouvelle-Écosse","Nova Scotia"
21471,"RIVER BOURGEOIS SOUTH","RIVER BOURGEOIS SOUTH",180,"Nouvelle-Écosse","Nova Scotia"
21472,"RIVER DENYS","RIVER DENYS",180,"Nouvelle-Écosse","Nova Scotia"
21473,"RIVER HEBERT","RIVER HEBERT",180,"Nouvelle-Écosse","Nova Scotia"
21474,"RIVER JOHN","RIVER JOHN",180,"Nouvelle-Écosse","Nova Scotia"
21475,"RIVER PHILIP","RIVER PHILIP",180,"Nouvelle-Écosse","Nova Scotia"
21476,"RIVER TILLARD","RIVER TILLARD",180,"Nouvelle-Écosse","Nova Scotia"
21477,"RIVERPORT","RIVERPORT",180,"Nouvelle-Écosse","Nova Scotia"
21478,"RIVERSIDE","RIVERSIDE",180,"Nouvelle-Écosse","Nova Scotia"
21479,"RIVERVIEW","RIVERVIEW",180,"Nouvelle-Écosse","Nova Scotia"
21480,"ROACH VALE","ROACH VALE",180,"Nouvelle-Écosse","Nova Scotia"
21481,"ROBBINS","ROBBINS",180,"Nouvelle-Écosse","Nova Scotia"
21482,"ROBERT ISLAND","ROBERT ISLAND",180,"Nouvelle-Écosse","Nova Scotia"
21483,"ROBERTA","ROBERTA",180,"Nouvelle-Écosse","Nova Scotia"
21484,"ROBINSONS COVE","ROBINSONS COVE",180,"Nouvelle-Écosse","Nova Scotia"
21485,"ROCCO POINT","ROCCO POINT",180,"Nouvelle-Écosse","Nova Scotia"
21486,"ROCKDALE","ROCKDALE",180,"Nouvelle-Écosse","Nova Scotia"
21487,"ROCKINGHAM","ROCKINGHAM",180,"Nouvelle-Écosse","Nova Scotia"
21488,"ROCKLAND","ROCKLAND",180,"Nouvelle-Écosse","Nova Scotia"
21489,"ROCKLEY","ROCKLEY",180,"Nouvelle-Écosse","Nova Scotia"
21490,"ROCKVILLE","ROCKVILLE",180,"Nouvelle-Écosse","Nova Scotia"
21491,"ROCKY BAY (RICHMOND)","ROCKY BAY (RICHMOND)",180,"Nouvelle-Écosse","Nova Scotia"
21492,"ROCKY BAY (VICTORIA)","ROCKY BAY (VICTORIA)",180,"Nouvelle-Écosse","Nova Scotia"
21493,"ROCKY RUN","ROCKY RUN",180,"Nouvelle-Écosse","Nova Scotia"
21494,"ROSE BAY","ROSE BAY",180,"Nouvelle-Écosse","Nova Scotia"
21495,"ROSEWAY","ROSEWAY",180,"Nouvelle-Écosse","Nova Scotia"
21496,"ROSS COVE","ROSS COVE",180,"Nouvelle-Écosse","Nova Scotia"
21497,"ROSS CREEK","ROSS CREEK",180,"Nouvelle-Écosse","Nova Scotia"
21498,"ROSS FERRY","ROSS FERRY",180,"Nouvelle-Écosse","Nova Scotia"
21499,"ROSSWAY","ROSSWAY",180,"Nouvelle-Écosse","Nova Scotia"
21500,"ROUND BAY","ROUND BAY",180,"Nouvelle-Écosse","Nova Scotia"
21501,"ROUND HILL","ROUND HILL",180,"Nouvelle-Écosse","Nova Scotia"
21502,"ROUND ISLAND","ROUND ISLAND",180,"Nouvelle-Écosse","Nova Scotia"
21503,"ROXVILLE","ROXVILLE",180,"Nouvelle-Écosse","Nova Scotia"
21504,"RUGGED HARBOUR","RUGGED HARBOUR",180,"Nouvelle-Écosse","Nova Scotia"
21505,"RYAN'S CREEK","RYAN'S CREEK",180,"Nouvelle-Écosse","Nova Scotia"
21506,"SABLE RIVER","SABLE RIVER",180,"Nouvelle-Écosse","Nova Scotia"
21507,"SABLE RIVER WEST","SABLE RIVER WEST",180,"Nouvelle-Écosse","Nova Scotia"
21508,"SALMON RIVER","SALMON RIVER",180,"Nouvelle-Écosse","Nova Scotia"
21509,"SALMON RIVER BRIDGE","SALMON RIVER BRIDGE",180,"Nouvelle-Écosse","Nova Scotia"
21510,"SALTER'S FALLS","SALTER'S FALLS",180,"Nouvelle-Écosse","Nova Scotia"
21511,"SAMBRO","SAMBRO",180,"Nouvelle-Écosse","Nova Scotia"
21512,"SAMBRO HEAD","SAMBRO HEAD",180,"Nouvelle-Écosse","Nova Scotia"
21513,"SAMPSON COVE","SAMPSON COVE",180,"Nouvelle-Écosse","Nova Scotia"
21514,"BAYFIELD","BAYFIELD",180,"Nouvelle-Écosse","Nova Scotia"
21515,"BAYPORT","BAYPORT",180,"Nouvelle-Écosse","Nova Scotia"
21516,"BAYSIDE","BAYSIDE",180,"Nouvelle-Écosse","Nova Scotia"
21517,"BAYSWATER","BAYSWATER",180,"Nouvelle-Écosse","Nova Scotia"
21518,"BAYVIEW (DIGBY)","BAYVIEW (DIGBY)",180,"Nouvelle-Écosse","Nova Scotia"
21519,"BAYVIEW (PICTOU)","BAYVIEW (PICTOU)",180,"Nouvelle-Écosse","Nova Scotia"
21520,"BEACH HILL","BEACH HILL",180,"Nouvelle-Écosse","Nova Scotia"
21521,"BEACH MEADOWS","BEACH MEADOWS",180,"Nouvelle-Écosse","Nova Scotia"
21522,"BEAR COVE (DIGBY)","BEAR COVE (DIGBY)",180,"Nouvelle-Écosse","Nova Scotia"
21523,"BEAR COVE (VICTORIA)","BEAR COVE (VICTORIA)",180,"Nouvelle-Écosse","Nova Scotia"
21524,"BEAR FALLS","BEAR FALLS",180,"Nouvelle-Écosse","Nova Scotia"
21525,"BEAR ISLAND","BEAR ISLAND",180,"Nouvelle-Écosse","Nova Scotia"
21526,"BEAR POINT","BEAR POINT",180,"Nouvelle-Écosse","Nova Scotia"
21527,"BEAR RIVER","BEAR RIVER",180,"Nouvelle-Écosse","Nova Scotia"
21528,"BEAVER COVE","BEAVER COVE",180,"Nouvelle-Écosse","Nova Scotia"
21529,"BEAVER HARBOUR","BEAVER HARBOUR",180,"Nouvelle-Écosse","Nova Scotia"
21530,"BEAVER ISLAND","BEAVER ISLAND",180,"Nouvelle-Écosse","Nova Scotia"
21531,"BEAVER RIVER","BEAVER RIVER",180,"Nouvelle-Écosse","Nova Scotia"
21532,"BEAVERBANK","BEAVERBANK",180,"Nouvelle-Écosse","Nova Scotia"
21533,"BEDFORD","BEDFORD",180,"Nouvelle-Écosse","Nova Scotia"
21534,"BEECH HILL (HALIFAX)","BEECH HILL (HALIFAX)",180,"Nouvelle-Écosse","Nova Scotia"
21535,"BEECH HILL (QUEENS)","BEECH HILL (QUEENS)",180,"Nouvelle-Écosse","Nova Scotia"
21536,"BELLE COTE","BELLE COTE",180,"Nouvelle-Écosse","Nova Scotia"
21537,"BELLE MARCHE","BELLE MARCHE",180,"Nouvelle-Écosse","Nova Scotia"
21538,"BELLEVILLE","BELLEVILLE",180,"Nouvelle-Écosse","Nova Scotia"
21539,"BELLIVEAU COVE","BELLIVEAU COVE",180,"Nouvelle-Écosse","Nova Scotia"
21540,"BELLS ISLAND","BELLS ISLAND",180,"Nouvelle-Écosse","Nova Scotia"
21541,"BEN EOIN","BEN EOIN",180,"Nouvelle-Écosse","Nova Scotia"
21542,"BERWICK","BERWICK",180,"Nouvelle-Écosse","Nova Scotia"
21543,"BICKERTON WEST","BICKERTON WEST",180,"Nouvelle-Écosse","Nova Scotia"
21544,"BIG BRAS D'OR","BIG BRAS D'OR",180,"Nouvelle-Écosse","Nova Scotia"
21545,"BIG GLACE BAY","BIG GLACE BAY",180,"Nouvelle-Écosse","Nova Scotia"
21546,"BIG HARBOUR (INVERNESS)","BIG HARBOUR (INVERNESS)",180,"Nouvelle-Écosse","Nova Scotia"
21547,"BIG HARBOUR (VICTORIA)","BIG HARBOUR (VICTORIA)",180,"Nouvelle-Écosse","Nova Scotia"
21548,"BIG HARBOUR ISLAND","BIG HARBOUR ISLAND",180,"Nouvelle-Écosse","Nova Scotia"
21549,"BIG ISLAND","BIG ISLAND",180,"Nouvelle-Écosse","Nova Scotia"
21550,"BIG LORRAINE","BIG LORRAINE",180,"Nouvelle-Écosse","Nova Scotia"
21551,"BIG POND","BIG POND",180,"Nouvelle-Écosse","Nova Scotia"
21552,"BIG TANCOOK","BIG TANCOOK",180,"Nouvelle-Écosse","Nova Scotia"
21553,"BIRCH PLAINS","BIRCH PLAINS",180,"Nouvelle-Écosse","Nova Scotia"
21554,"BIRCHTOWN","BIRCHTOWN",180,"Nouvelle-Écosse","Nova Scotia"
21555,"BIRCHY HEAD","BIRCHY HEAD",180,"Nouvelle-Écosse","Nova Scotia"
21556,"BLACK HEAD","BLACK HEAD",180,"Nouvelle-Écosse","Nova Scotia"
21557,"BLACK POINT (CAPE BRETON)","BLACK POINT (CAPE BRETON)",180,"Nouvelle-Écosse","Nova Scotia"
21558,"BLACK POINT (HALIFAX - 23)","BLACK POINT (HALIFAX - 23)",180,"Nouvelle-Écosse","Nova Scotia"
21559,"BLACK POINT (HALIFAX -22)","BLACK POINT (HALIFAX -22)",180,"Nouvelle-Écosse","Nova Scotia"
21560,"BLACK POINT (PICTOU)","BLACK POINT (PICTOU)",180,"Nouvelle-Écosse","Nova Scotia"
21561,"BLACK POINT (VICTORIA)","BLACK POINT (VICTORIA)",180,"Nouvelle-Écosse","Nova Scotia"
21562,"BLACK RIVER (RICHMOND)","BLACK RIVER (RICHMOND)",180,"Nouvelle-Écosse","Nova Scotia"
21563,"BLACK ROCK (KINGS)","BLACK ROCK (KINGS)",180,"Nouvelle-Écosse","Nova Scotia"
21564,"BLACK ROCK (LUNEBURG)","BLACK ROCK (LUNEBURG)",180,"Nouvelle-Écosse","Nova Scotia"
21565,"BLANCHE","BLANCHE",180,"Nouvelle-Écosse","Nova Scotia"
21566,"BLANDFORD","BLANDFORD",180,"Nouvelle-Écosse","Nova Scotia"
21567,"BLIND BAY","BLIND BAY",180,"Nouvelle-Écosse","Nova Scotia"
21568,"BLOCKHOUSE","BLOCKHOUSE",180,"Nouvelle-Écosse","Nova Scotia"
21569,"BLUE ROCKS","BLUE ROCKS",180,"Nouvelle-Écosse","Nova Scotia"
21570,"BOAR'S HEAD","BOAR'S HEAD",180,"Nouvelle-Écosse","Nova Scotia"
21571,"BOISDALE","BOISDALE",180,"Nouvelle-Écosse","Nova Scotia"
21572,"BOUDREAUVILLE","BOUDREAUVILLE",180,"Nouvelle-Écosse","Nova Scotia"
21573,"BOULARDERIE","BOULARDERIE",180,"Nouvelle-Écosse","Nova Scotia"
21574,"BOUTILIER'S COVE","BOUTILIER'S COVE",180,"Nouvelle-Écosse","Nova Scotia"
21575,"BOUTILIER'S POINT","BOUTILIER'S POINT",180,"Nouvelle-Écosse","Nova Scotia"
21576,"BOYLSTON","BOYLSTON",180,"Nouvelle-Écosse","Nova Scotia"
21577,"BRAMBER","BRAMBER",180,"Nouvelle-Écosse","Nova Scotia"
21578,"BRANCH LA HAVE","BRANCH LA HAVE",180,"Nouvelle-Écosse","Nova Scotia"
21579,"BRAS D'OR","BRAS D'OR",180,"Nouvelle-Écosse","Nova Scotia"
21580,"BRASS HILL","BRASS HILL",180,"Nouvelle-Écosse","Nova Scotia"
21581,"BRIDGEPORT","BRIDGEPORT",180,"Nouvelle-Écosse","Nova Scotia"
21582,"BRIDGETOWN","BRIDGETOWN",180,"Nouvelle-Écosse","Nova Scotia"
21583,"BRIDGEWATER","BRIDGEWATER",180,"Nouvelle-Écosse","Nova Scotia"
21584,"BRIER ISLAND","BRIER ISLAND",180,"Nouvelle-Écosse","Nova Scotia"
21585,"BRIERLY BROOK","BRIERLY BROOK",180,"Nouvelle-Écosse","Nova Scotia"
21586,"BRIGHTON (DIGBY)","BRIGHTON (DIGBY)",180,"Nouvelle-Écosse","Nova Scotia"
21587,"BRITON COVE","BRITON COVE",180,"Nouvelle-Écosse","Nova Scotia"
21588,"BROAD COVE (DIGBY)","BROAD COVE (DIGBY)",180,"Nouvelle-Écosse","Nova Scotia"
21589,"BROAD COVE (LUNEBURG)","BROAD COVE (LUNEBURG)",180,"Nouvelle-Écosse","Nova Scotia"
21590,"BROAD COVE BANKS","BROAD COVE BANKS",180,"Nouvelle-Écosse","Nova Scotia"
21591,"BROAD COVE MARSH (INVERNESS-02)","BROAD COVE MARSH (INVERNESS-02)",180,"Nouvelle-Écosse","Nova Scotia"
21593,"BROOKFIELD","BROOKFIELD",180,"Nouvelle-Écosse","Nova Scotia"
21594,"BROOKLYN (QUEENS)","BROOKLYN (QUEENS)",180,"Nouvelle-Écosse","Nova Scotia"
21595,"BROOKLYN (YARMOUTH)","BROOKLYN (YARMOUTH)",180,"Nouvelle-Écosse","Nova Scotia"
21596,"BRULE","BRULE",180,"Nouvelle-Écosse","Nova Scotia"
21597,"BRULE POINT","BRULE POINT",180,"Nouvelle-Écosse","Nova Scotia"
21598,"BUCKLAW","BUCKLAW",180,"Nouvelle-Écosse","Nova Scotia"
21599,"BURLINGTON","BURLINGTON",180,"Nouvelle-Écosse","Nova Scotia"
21600,"BUSH ISLAND","BUSH ISLAND",180,"Nouvelle-Écosse","Nova Scotia"
21601,"CALLINGWOOD","CALLINGWOOD",180,"Nouvelle-Écosse","Nova Scotia"
21602,"CAMBRIDGE (HANTS)","CAMBRIDGE (HANTS)",180,"Nouvelle-Écosse","Nova Scotia"
21603,"CAMBRIDGE (KINGS)","CAMBRIDGE (KINGS)",180,"Nouvelle-Écosse","Nova Scotia"
21604,"CAMP COVE (LOWER ARGYLE)","CAMP COVE (LOWER ARGYLE)",180,"Nouvelle-Écosse","Nova Scotia"
21605,"CANADA CREEK","CANADA CREEK",180,"Nouvelle-Écosse","Nova Scotia"
21606,"CANDLE BOX ISLAND","CANDLE BOX ISLAND",180,"Nouvelle-Écosse","Nova Scotia"
21607,"CANNES","CANNES",180,"Nouvelle-Écosse","Nova Scotia"
21608,"CANNING","CANNING",180,"Nouvelle-Écosse","Nova Scotia"
21609,"CANSO","CANSO",180,"Nouvelle-Écosse","Nova Scotia"
21610,"CAP LE MOINE","CAP LE MOINE",180,"Nouvelle-Écosse","Nova Scotia"
21611,"CAPE ARGOS","CAPE ARGOS",180,"Nouvelle-Écosse","Nova Scotia"
21612,"CAPE AUGET","CAPE AUGET",180,"Nouvelle-Écosse","Nova Scotia"
21613,"CAPE DAUPHIN","CAPE DAUPHIN",180,"Nouvelle-Écosse","Nova Scotia"
21614,"CAPE DOR","CAPE DOR",180,"Nouvelle-Écosse","Nova Scotia"
21615,"CAPE EGMONT","CAPE EGMONT",180,"Nouvelle-Écosse","Nova Scotia"
21616,"CAPE FORCHU","CAPE FORCHU",180,"Nouvelle-Écosse","Nova Scotia"
21617,"CAPE GEORGE (ANTIGONISH)","CAPE GEORGE (ANTIGONISH)",180,"Nouvelle-Écosse","Nova Scotia"
21618,"CAPE GEORGE (RICHMOND)","CAPE GEORGE (RICHMOND)",180,"Nouvelle-Écosse","Nova Scotia"
21619,"CAPE GEORGE PT.","CAPE GEORGE PT.",180,"Nouvelle-Écosse","Nova Scotia"
21620,"CAPE JOHN","CAPE JOHN",180,"Nouvelle-Écosse","Nova Scotia"
21621,"CAPE MORIEN","CAPE MORIEN",180,"Nouvelle-Écosse","Nova Scotia"
21622,"CAPE NEGRO","CAPE NEGRO",180,"Nouvelle-Écosse","Nova Scotia"
21623,"CAPE NORTH","CAPE NORTH",180,"Nouvelle-Écosse","Nova Scotia"
21624,"CAPE ROUGE","CAPE ROUGE",180,"Nouvelle-Écosse","Nova Scotia"
21625,"CAPE SABLE","CAPE SABLE",180,"Nouvelle-Écosse","Nova Scotia"
21626,"CAPE SAMBRO","CAPE SAMBRO",180,"Nouvelle-Écosse","Nova Scotia"
21627,"CAPE ST. MARYS","CAPE ST. MARYS",180,"Nouvelle-Écosse","Nova Scotia"
21628,"CAPELIN COVE","CAPELIN COVE",180,"Nouvelle-Écosse","Nova Scotia"
21629,"CAPSTICK","CAPSTICK",180,"Nouvelle-Écosse","Nova Scotia"
21630,"CARIBOU HARBOUR","CARIBOU HARBOUR",180,"Nouvelle-Écosse","Nova Scotia"
21631,"CARIBOU LITTLE ENTRANCE","CARIBOU LITTLE ENTRANCE",180,"Nouvelle-Écosse","Nova Scotia"
21632,"CARIBOU RIVER","CARIBOU RIVER",180,"Nouvelle-Écosse","Nova Scotia"
21633,"CARIBOU/FERRY WHARF","CARIBOU/FERRY WHARF",180,"Nouvelle-Écosse","Nova Scotia"
21634,"CARLETON VILLAGE","CARLETON VILLAGE",180,"Nouvelle-Écosse","Nova Scotia"
21635,"CARLTON","CARLTON",180,"Nouvelle-Écosse","Nova Scotia"
21636,"CARRIBOU ISLAND","CARRIBOU ISLAND",180,"Nouvelle-Écosse","Nova Scotia"
21637,"CARRINGTON","CARRINGTON",180,"Nouvelle-Écosse","Nova Scotia"
21638,"CARR'S BROOK","CARR'S BROOK",180,"Nouvelle-Écosse","Nova Scotia"
21639,"CARTERS COVE","CARTERS COVE",180,"Nouvelle-Écosse","Nova Scotia"
21640,"CASTLE BAY","CASTLE BAY",180,"Nouvelle-Écosse","Nova Scotia"
21641,"CENTRAL ARGYLE","CENTRAL ARGYLE",180,"Nouvelle-Écosse","Nova Scotia"
21642,"CENTRAL CHEBOGUE","CENTRAL CHEBOGUE",180,"Nouvelle-Écosse","Nova Scotia"
21643,"CENTRAL EAST PUBNICO","CENTRAL EAST PUBNICO",180,"Nouvelle-Écosse","Nova Scotia"
21644,"CENTRAL GROVE","CENTRAL GROVE",180,"Nouvelle-Écosse","Nova Scotia"
21645,"CENTRAL PORT MOUTON","CENTRAL PORT MOUTON",180,"Nouvelle-Écosse","Nova Scotia"
21646,"CENTRAL WOODS HARBOUR","CENTRAL WOODS HARBOUR",180,"Nouvelle-Écosse","Nova Scotia"
21647,"CENTRE","CENTRE",180,"Nouvelle-Écosse","Nova Scotia"
21648,"CENTRE BURLINGTON","CENTRE BURLINGTON",180,"Nouvelle-Écosse","Nova Scotia"
21649,"CENTREVILLE (DIGBY)","CENTREVILLE (DIGBY)",180,"Nouvelle-Écosse","Nova Scotia"
21650,"CENTREVILLE (KINGS-40)","CENTREVILLE (KINGS-40)",180,"Nouvelle-Écosse","Nova Scotia"
21651,"CENTREVILLE (KINGS-41)","CENTREVILLE (KINGS-41)",180,"Nouvelle-Écosse","Nova Scotia"
21652,"CENTREVILLE (SHELBURNE)","CENTREVILLE (SHELBURNE)",180,"Nouvelle-Écosse","Nova Scotia"
21653,"CHANCE HARBOUR","CHANCE HARBOUR",180,"Nouvelle-Écosse","Nova Scotia"
21654,"CHAPEL COVE","CHAPEL COVE",180,"Nouvelle-Écosse","Nova Scotia"
21655,"CHAPEL ISLAND","CHAPEL ISLAND",180,"Nouvelle-Écosse","Nova Scotia"
21656,"CHARLESTON","CHARLESTON",180,"Nouvelle-Écosse","Nova Scotia"
21657,"CHARLESVILLE","CHARLESVILLE",180,"Nouvelle-Écosse","Nova Scotia"
21658,"CHARLOS COVE","CHARLOS COVE",180,"Nouvelle-Écosse","Nova Scotia"
21659,"CHEBOGUE","CHEBOGUE",180,"Nouvelle-Écosse","Nova Scotia"
21660,"CHEBOGUE HARBOUR","CHEBOGUE HARBOUR",180,"Nouvelle-Écosse","Nova Scotia"
21661,"CHEBOGUE POINT","CHEBOGUE POINT",180,"Nouvelle-Écosse","Nova Scotia"
21662,"CHEGGOGIN","CHEGGOGIN",180,"Nouvelle-Écosse","Nova Scotia"
21663,"CHELSEA","CHELSEA",180,"Nouvelle-Écosse","Nova Scotia"
21664,"CHERRY HILL","CHERRY HILL",180,"Nouvelle-Écosse","Nova Scotia"
21665,"CHESTER","CHESTER",180,"Nouvelle-Écosse","Nova Scotia"
21666,"CHESTER BASIN","CHESTER BASIN",180,"Nouvelle-Écosse","Nova Scotia"
21667,"CHETICAMP","CHETICAMP",180,"Nouvelle-Écosse","Nova Scotia"
21668,"CHETICAMP ISLAND","CHETICAMP ISLAND",180,"Nouvelle-Écosse","Nova Scotia"
21669,"CHETICAMP POINT","CHETICAMP POINT",180,"Nouvelle-Écosse","Nova Scotia"
21670,"CHEZZETCOOK","CHEZZETCOOK",180,"Nouvelle-Écosse","Nova Scotia"
21671,"CHEZZETCOOK INLET","CHEZZETCOOK INLET",180,"Nouvelle-Écosse","Nova Scotia"
21672,"CHIMNEY CORNER","CHIMNEY CORNER",180,"Nouvelle-Écosse","Nova Scotia"
21673,"CHIPMAN BROOK","CHIPMAN BROOK",180,"Nouvelle-Écosse","Nova Scotia"
21674,"CHRISTMAS ISLAND","CHRISTMAS ISLAND",180,"Nouvelle-Écosse","Nova Scotia"
21675,"CHURCH POINT","CHURCH POINT",180,"Nouvelle-Écosse","Nova Scotia"
21676,"CHURCHOVER","CHURCHOVER",180,"Nouvelle-Écosse","Nova Scotia"
21677,"CLAM BAY","CLAM BAY",180,"Nouvelle-Écosse","Nova Scotia"
21678,"CLAM HARBOUR (GUYSBOROUGH)","CLAM HARBOUR (GUYSBOROUGH)",180,"Nouvelle-Écosse","Nova Scotia"
21679,"CLAM HARBOUR (HALIFAX)","CLAM HARBOUR (HALIFAX)",180,"Nouvelle-Écosse","Nova Scotia"
21680,"CLAM POINT","CLAM POINT",180,"Nouvelle-Écosse","Nova Scotia"
21681,"CLARKS HARBOUR","CLARKS HARBOUR",180,"Nouvelle-Écosse","Nova Scotia"
21682,"CLEARLANDS","CLEARLANDS",180,"Nouvelle-Écosse","Nova Scotia"
21683,"CLEMENTSPORT","CLEMENTSPORT",180,"Nouvelle-Écosse","Nova Scotia"
21684,"CLEMENTSVALE","CLEMENTSVALE",180,"Nouvelle-Écosse","Nova Scotia"
21685,"CLEVELAND","CLEVELAND",180,"Nouvelle-Écosse","Nova Scotia"
21686,"CLYDE RIVER","CLYDE RIVER",180,"Nouvelle-Écosse","Nova Scotia"
21687,"COALBURN","COALBURN",180,"Nouvelle-Écosse","Nova Scotia"
21688,"CODDLE HARBOUR","CODDLE HARBOUR",180,"Nouvelle-Écosse","Nova Scotia"
21689,"COFFINS ISLAND","COFFINS ISLAND",180,"Nouvelle-Écosse","Nova Scotia"
21690,"COFFINSCROFT","COFFINSCROFT",180,"Nouvelle-Écosse","Nova Scotia"
21691,"COGMAGUN RIVER","COGMAGUN RIVER",180,"Nouvelle-Écosse","Nova Scotia"
21692,"COLDBROOK","COLDBROOK",180,"Nouvelle-Écosse","Nova Scotia"
21693,"COLE HARBOUR (GUYSBOROUGH)","COLE HARBOUR (GUYSBOROUGH)",180,"Nouvelle-Écosse","Nova Scotia"
21694,"COLE HARBOUR (HALIFAX)","COLE HARBOUR (HALIFAX)",180,"Nouvelle-Écosse","Nova Scotia"
21695,"COLEMAN'S COVE","COLEMAN'S COVE",180,"Nouvelle-Écosse","Nova Scotia"
21696,"COLINDALE","COLINDALE",180,"Nouvelle-Écosse","Nova Scotia"
21697,"COMEAU HILL","COMEAU HILL",180,"Nouvelle-Écosse","Nova Scotia"
21698,"COMEAUVILLE","COMEAUVILLE",180,"Nouvelle-Écosse","Nova Scotia"
21699,"COMMON COVE","COMMON COVE",180,"Nouvelle-Écosse","Nova Scotia"
21700,"CONCESSION","CONCESSION",180,"Nouvelle-Écosse","Nova Scotia"
21701,"CONQUERALL BANK","CONQUERALL BANK",180,"Nouvelle-Écosse","Nova Scotia"
21702,"CONQUERALL MILLS","CONQUERALL MILLS",180,"Nouvelle-Écosse","Nova Scotia"
21703,"CONWAY","CONWAY",180,"Nouvelle-Écosse","Nova Scotia"
21704,"COOK'S BEACH","COOK'S BEACH",180,"Nouvelle-Écosse","Nova Scotia"
21705,"COOK'S COVE","COOK'S COVE",180,"Nouvelle-Écosse","Nova Scotia"
21706,"CORKUM'S ISLAND","CORKUM'S ISLAND",180,"Nouvelle-Écosse","Nova Scotia"
21707,"COTTAGE COVE","COTTAGE COVE",180,"Nouvelle-Écosse","Nova Scotia"
21708,"COUNTRY HARBOUR","COUNTRY HARBOUR",180,"Nouvelle-Écosse","Nova Scotia"
21709,"COW BAY","COW BAY",180,"Nouvelle-Écosse","Nova Scotia"
21710,"COXHEATH","COXHEATH",180,"Nouvelle-Écosse","Nova Scotia"
21711,"CRAIGMORE","CRAIGMORE",180,"Nouvelle-Écosse","Nova Scotia"
21712,"CRANBURY","CRANBURY",180,"Nouvelle-Écosse","Nova Scotia"
21713,"CREIGNISH","CREIGNISH",180,"Nouvelle-Écosse","Nova Scotia"
21714,"CRESCENT BEACH","CRESCENT BEACH",180,"Nouvelle-Écosse","Nova Scotia"
21715,"CRIBBENS POINT","CRIBBENS POINT",180,"Nouvelle-Écosse","Nova Scotia"
21716,"CRIPPLE CREEK","CRIPPLE CREEK",180,"Nouvelle-Écosse","Nova Scotia"
21717,"CROSS ISLAND","CROSS ISLAND",180,"Nouvelle-Écosse","Nova Scotia"
21718,"CROUSETOWN","CROUSETOWN",180,"Nouvelle-Écosse","Nova Scotia"
21719,"CROWELL","CROWELL",180,"Nouvelle-Écosse","Nova Scotia"
21720,"CULLODEN","CULLODEN",180,"Nouvelle-Écosse","Nova Scotia"
21721,"DANESVILLE","DANESVILLE",180,"Nouvelle-Écosse","Nova Scotia"
21722,"DANIELS HEAD","DANIELS HEAD",180,"Nouvelle-Écosse","Nova Scotia"
21723,"DARK COVE","DARK COVE",180,"Nouvelle-Écosse","Nova Scotia"
21724,"DARLING LAKE","DARLING LAKE",180,"Nouvelle-Écosse","Nova Scotia"
21725,"DARTMOUTH","DARTMOUTH",180,"Nouvelle-Écosse","Nova Scotia"
21726,"DAY SPRING","DAY SPRING",180,"Nouvelle-Écosse","Nova Scotia"
21727,"DAYTON","DAYTON",180,"Nouvelle-Écosse","Nova Scotia"
21728,"DEBAIE COVE","DEBAIE COVE",180,"Nouvelle-Écosse","Nova Scotia"
21729,"DEEP BROOK","DEEP BROOK",180,"Nouvelle-Écosse","Nova Scotia"
21730,"DEEP COVE (CAPE BRETON)","DEEP COVE (CAPE BRETON)",180,"Nouvelle-Écosse","Nova Scotia"
21731,"DEEP COVE (LUNEBURG)","DEEP COVE (LUNEBURG)",180,"Nouvelle-Écosse","Nova Scotia"
21732,"DEEP COVE ISLAND","DEEP COVE ISLAND",180,"Nouvelle-Écosse","Nova Scotia"
21733,"DEEPDALE","DEEPDALE",180,"Nouvelle-Écosse","Nova Scotia"
21734,"DELAP'S COVE","DELAP'S COVE",180,"Nouvelle-Écosse","Nova Scotia"
21735,"DELHAVEN","DELHAVEN",180,"Nouvelle-Écosse","Nova Scotia"
21736,"DENNIS POINT","DENNIS POINT",180,"Nouvelle-Écosse","Nova Scotia"
21737,"D'ESCOUSSE","D'ESCOUSSE",180,"Nouvelle-Écosse","Nova Scotia"
21738,"DIGBY","DIGBY",180,"Nouvelle-Écosse","Nova Scotia"
21739,"DILIGENT RIVER","DILIGENT RIVER",180,"Nouvelle-Écosse","Nova Scotia"
21740,"DINGWALL","DINGWALL",180,"Nouvelle-Écosse","Nova Scotia"
21741,"DOCTORS BROOK","DOCTORS BROOK",180,"Nouvelle-Écosse","Nova Scotia"
21742,"DOCTOR'S COVE","DOCTOR'S COVE",180,"Nouvelle-Écosse","Nova Scotia"
21743,"DODGE BROOK","DODGE BROOK",180,"Nouvelle-Écosse","Nova Scotia"
21744,"DOG ISLAND","DOG ISLAND",180,"Nouvelle-Écosse","Nova Scotia"
21745,"DOMINION","DOMINION",180,"Nouvelle-Écosse","Nova Scotia"
21746,"DONKIN","DONKIN",180,"Nouvelle-Écosse","Nova Scotia"
21747,"DORT'S COVE","DORT'S COVE",180,"Nouvelle-Écosse","Nova Scotia"
21748,"DOVER (GUYSBOROUGH)","DOVER (GUYSBOROUGH)",180,"Nouvelle-Écosse","Nova Scotia"
21749,"DOVER (HALIFAX)","DOVER (HALIFAX)",180,"Nouvelle-Écosse","Nova Scotia"
21750,"DOVER CORNER","DOVER CORNER",180,"Nouvelle-Écosse","Nova Scotia"
21751,"DOWNING COVE","DOWNING COVE",180,"Nouvelle-Écosse","Nova Scotia"
21752,"DRUMHEAD","DRUMHEAD",180,"Nouvelle-Écosse","Nova Scotia"
21753,"DUBLIN SHORE","DUBLIN SHORE",180,"Nouvelle-Écosse","Nova Scotia"
21754,"DUNCAN'S COVE","DUNCAN'S COVE",180,"Nouvelle-Écosse","Nova Scotia"
21755,"DUNDEE","DUNDEE",180,"Nouvelle-Écosse","Nova Scotia"
21756,"DUNVEGAN","DUNVEGAN",180,"Nouvelle-Écosse","Nova Scotia"
21757,"DUTCH BROOK","DUTCH BROOK",180,"Nouvelle-Écosse","Nova Scotia"
21758,"EAGLE HEAD","EAGLE HEAD",180,"Nouvelle-Écosse","Nova Scotia"
21759,"EAST ADVOCATE","EAST ADVOCATE",180,"Nouvelle-Écosse","Nova Scotia"
21760,"EAST BACCARO","EAST BACCARO",180,"Nouvelle-Écosse","Nova Scotia"
21761,"EAST BAY","EAST BAY",180,"Nouvelle-Écosse","Nova Scotia"
21762,"EAST BERLIN","EAST BERLIN",180,"Nouvelle-Écosse","Nova Scotia"
21763,"EAST CHESTER","EAST CHESTER",180,"Nouvelle-Écosse","Nova Scotia"
21764,"EAST CHEZZETCOOK","EAST CHEZZETCOOK",180,"Nouvelle-Écosse","Nova Scotia"
21765,"EAST CLIFFORD","EAST CLIFFORD",180,"Nouvelle-Écosse","Nova Scotia"
21766,"EAST DOVER","EAST DOVER",180,"Nouvelle-Écosse","Nova Scotia"
21767,"EAST FERRY","EAST FERRY",180,"Nouvelle-Écosse","Nova Scotia"
21768,"EAST GREEN HARBOUR","EAST GREEN HARBOUR",180,"Nouvelle-Écosse","Nova Scotia"
21769,"EAST HAVRE BOUCHER","EAST HAVRE BOUCHER",180,"Nouvelle-Écosse","Nova Scotia"
21770,"EAST IRONBOUND ISLAND","EAST IRONBOUND ISLAND",180,"Nouvelle-Écosse","Nova Scotia"
21771,"EAST JEDDORE","EAST JEDDORE",180,"Nouvelle-Écosse","Nova Scotia"
21772,"EAST JORDAN","EAST JORDAN",180,"Nouvelle-Écosse","Nova Scotia"
21773,"EAST LA HAVE","EAST LA HAVE",180,"Nouvelle-Écosse","Nova Scotia"
21774,"EAST LAWRENCETOWN","EAST LAWRENCETOWN",180,"Nouvelle-Écosse","Nova Scotia"
21775,"EAST LINDEN","EAST LINDEN",180,"Nouvelle-Écosse","Nova Scotia"
21776,"EAST NOEL","EAST NOEL",180,"Nouvelle-Écosse","Nova Scotia"
21777,"EAST PETPESWICK","EAST PETPESWICK",180,"Nouvelle-Écosse","Nova Scotia"
21778,"EAST PORT FELIX","EAST PORT FELIX",180,"Nouvelle-Écosse","Nova Scotia"
21779,"EAST PORT HEBERT","EAST PORT HEBERT",180,"Nouvelle-Écosse","Nova Scotia"
21780,"EAST PORT MEDWAY","EAST PORT MEDWAY",180,"Nouvelle-Écosse","Nova Scotia"
21781,"EAST PUBNICO","EAST PUBNICO",180,"Nouvelle-Écosse","Nova Scotia"
21782,"EAST QUINAN","EAST QUINAN",180,"Nouvelle-Écosse","Nova Scotia"
21783,"EAST QUODDY","EAST QUODDY",180,"Nouvelle-Écosse","Nova Scotia"
21784,"EAST RAGGED ISLAND","EAST RAGGED ISLAND",180,"Nouvelle-Écosse","Nova Scotia"
21785,"EAST RIVER","EAST RIVER",180,"Nouvelle-Écosse","Nova Scotia"
21786,"EAST RIVER POINT","EAST RIVER POINT",180,"Nouvelle-Écosse","Nova Scotia"
21787,"EAST SABLE RIVER","EAST SABLE RIVER",180,"Nouvelle-Écosse","Nova Scotia"
21788,"EAST SANDY COVE","EAST SANDY COVE",180,"Nouvelle-Écosse","Nova Scotia"
21789,"EAST SHIP HARBOUR","EAST SHIP HARBOUR",180,"Nouvelle-Écosse","Nova Scotia"
21790,"EAST TRACADIE","EAST TRACADIE",180,"Nouvelle-Écosse","Nova Scotia"
21791,"EAST WALLACE","EAST WALLACE",180,"Nouvelle-Écosse","Nova Scotia"
21792,"EAST WALTON","EAST WALTON",180,"Nouvelle-Écosse","Nova Scotia"
21793,"EASTERN PASSAGE","EASTERN PASSAGE",180,"Nouvelle-Écosse","Nova Scotia"
21794,"EASTERN POINT","EASTERN POINT",180,"Nouvelle-Écosse","Nova Scotia"
21795,"ECONOMY","ECONOMY",180,"Nouvelle-Écosse","Nova Scotia"
21796,"ECUM SECUM","ECUM SECUM",180,"Nouvelle-Écosse","Nova Scotia"
21797,"ECUM SECUM BRIDGE","ECUM SECUM BRIDGE",180,"Nouvelle-Écosse","Nova Scotia"
21798,"ECUM SECUM INLET","ECUM SECUM INLET",180,"Nouvelle-Écosse","Nova Scotia"
21799,"ECUM SECUM WEST","ECUM SECUM WEST",180,"Nouvelle-Écosse","Nova Scotia"
21800,"EEL BROOK","EEL BROOK",180,"Nouvelle-Écosse","Nova Scotia"
21801,"EGERTON","EGERTON",180,"Nouvelle-Écosse","Nova Scotia"
21802,"EGG ISLAND","EGG ISLAND",180,"Nouvelle-Écosse","Nova Scotia"
21803,"EGYPT","EGYPT",180,"Nouvelle-Écosse","Nova Scotia"
21804,"ELLENWOOD ISLAND","ELLENWOOD ISLAND",180,"Nouvelle-Écosse","Nova Scotia"
21805,"ELMSDALE","ELMSDALE",180,"Nouvelle-Écosse","Nova Scotia"
21806,"ENFIELD","ENFIELD",180,"Nouvelle-Écosse","Nova Scotia"
21807,"ENGLISHTOWN","ENGLISHTOWN",180,"Nouvelle-Écosse","Nova Scotia"
21808,"ESKASONI","ESKASONI",180,"Nouvelle-Écosse","Nova Scotia"
21809,"ESTMERE","ESTMERE",180,"Nouvelle-Écosse","Nova Scotia"
21810,"ESTONIA","ESTONIA",180,"Nouvelle-Écosse","Nova Scotia"
21811,"EVANS ISLAND","EVANS ISLAND",180,"Nouvelle-Écosse","Nova Scotia"
21812,"EVANSTON","EVANSTON",180,"Nouvelle-Écosse","Nova Scotia"
21813,"FALLS POINT","FALLS POINT",180,"Nouvelle-Écosse","Nova Scotia"
21814,"FALMOUTH","FALMOUTH",180,"Nouvelle-Écosse","Nova Scotia"
21815,"FALSE BAY","FALSE BAY",180,"Nouvelle-Écosse","Nova Scotia"
21816,"FAROE ISLANDS","FAROE ISLANDS",180,"Nouvelle-Écosse","Nova Scotia"
21817,"FAUXBOURG","FAUXBOURG",180,"Nouvelle-Écosse","Nova Scotia"
21818,"FELTZEN SOUTH","FELTZEN SOUTH",180,"Nouvelle-Écosse","Nova Scotia"
21819,"FENWICK, N.S.","FENWICK, N.S.",180,"Nouvelle-Écosse","Nova Scotia"
21820,"FERGUSON LAKE","FERGUSON LAKE",180,"Nouvelle-Écosse","Nova Scotia"
21821,"FERGUSONS COVE","FERGUSONS COVE",180,"Nouvelle-Écosse","Nova Scotia"
21822,"FIDDLE HEAD","FIDDLE HEAD",180,"Nouvelle-Écosse","Nova Scotia"
21823,"FINLAY POINT","FINLAY POINT",180,"Nouvelle-Écosse","Nova Scotia"
21824,"FIRST PENINSULA","FIRST PENINSULA",180,"Nouvelle-Écosse","Nova Scotia"
21825,"FIRST SOUTH","FIRST SOUTH",180,"Nouvelle-Écosse","Nova Scotia"
21826,"FISHERMAN'S HARBOUR","FISHERMAN'S HARBOUR",180,"Nouvelle-Écosse","Nova Scotia"
21827,"FIVE ISLAND","FIVE ISLAND",180,"Nouvelle-Écosse","Nova Scotia"
21828,"FLAT ISLAND","FLAT ISLAND",180,"Nouvelle-Écosse","Nova Scotia"
21829,"FLAT POINT","FLAT POINT",180,"Nouvelle-Écosse","Nova Scotia"
21830,"FLORENCE","FLORENCE",180,"Nouvelle-Écosse","Nova Scotia"
21831,"FORBES POINT","FORBES POINT",180,"Nouvelle-Écosse","Nova Scotia"
21832,"FORRESTALL POINT","FORRESTALL POINT",180,"Nouvelle-Écosse","Nova Scotia"
21833,"FORT ELLIS","FORT ELLIS",180,"Nouvelle-Écosse","Nova Scotia"
21834,"FOURCHU","FOURCHU",180,"Nouvelle-Écosse","Nova Scotia"
21835,"FOX BAY","FOX BAY",180,"Nouvelle-Écosse","Nova Scotia"
21836,"FOX HARBOUR","FOX HARBOUR",180,"Nouvelle-Écosse","Nova Scotia"
21837,"FOX ISLAND (GUYSBOROUGH)","FOX ISLAND (GUYSBOROUGH)",180,"Nouvelle-Écosse","Nova Scotia"
21838,"FOX ISLAND (LUNENBURG)","FOX ISLAND (LUNENBURG)",180,"Nouvelle-Écosse","Nova Scotia"
21839,"FOX ISLAND MAIN","FOX ISLAND MAIN",180,"Nouvelle-Écosse","Nova Scotia"
21840,"FOX POINT (HALIFAX)","FOX POINT (HALIFAX)",180,"Nouvelle-Écosse","Nova Scotia"
21841,"FOX POINT (LUNENBURG)","FOX POINT (LUNENBURG)",180,"Nouvelle-Écosse","Nova Scotia"
21842,"FRAMBOISE","FRAMBOISE",180,"Nouvelle-Écosse","Nova Scotia"
21843,"FRANKVILLE","FRANKVILLE",180,"Nouvelle-Écosse","Nova Scotia"
21844,"FRASER'S MOUNTAIN","FRASER'S MOUNTAIN",180,"Nouvelle-Écosse","Nova Scotia"
21845,"FRASERVILLE","FRASERVILLE",180,"Nouvelle-Écosse","Nova Scotia"
21846,"FREEPORT","FREEPORT",180,"Nouvelle-Écosse","Nova Scotia"
21847,"FRENCH COVE","FRENCH COVE",180,"Nouvelle-Écosse","Nova Scotia"
21848,"FRENCH RIVER","FRENCH RIVER",180,"Nouvelle-Écosse","Nova Scotia"
21849,"FRENCH VILLAGE","FRENCH VILLAGE",180,"Nouvelle-Écosse","Nova Scotia"
21850,"FRIAR'S HEAD","FRIAR'S HEAD",180,"Nouvelle-Écosse","Nova Scotia"
21851,"FROG POINT","FROG POINT",180,"Nouvelle-Écosse","Nova Scotia"
21852,"GABAROUSE BAY","GABAROUSE BAY",180,"Nouvelle-Écosse","Nova Scotia"
21853,"GABARUS","GABARUS",180,"Nouvelle-Écosse","Nova Scotia"
21854,"GAETZ BROOK","GAETZ BROOK",180,"Nouvelle-Écosse","Nova Scotia"
21855,"GARDEN LOTS","GARDEN LOTS",180,"Nouvelle-Écosse","Nova Scotia"
21856,"GASPEREAU","GASPEREAU",180,"Nouvelle-Écosse","Nova Scotia"
21857,"GAVELTON","GAVELTON",180,"Nouvelle-Écosse","Nova Scotia"
21858,"GAYS RIVER","GAYS RIVER",180,"Nouvelle-Écosse","Nova Scotia"
21859,"GEGOGAN HARBOUR","GEGOGAN HARBOUR",180,"Nouvelle-Écosse","Nova Scotia"
21860,"GEORGE'S RIVER","GEORGE'S RIVER",180,"Nouvelle-Écosse","Nova Scotia"
21861,"GEORGEVILLE","GEORGEVILLE",180,"Nouvelle-Écosse","Nova Scotia"
21862,"GERMANY","GERMANY",180,"Nouvelle-Écosse","Nova Scotia"
21863,"GILBERT'S COVE","GILBERT'S COVE",180,"Nouvelle-Écosse","Nova Scotia"
21864,"GILLISDALE","GILLISDALE",180,"Nouvelle-Écosse","Nova Scotia"
21865,"GLACE BAY","GLACE BAY",180,"Nouvelle-Écosse","Nova Scotia"
21866,"GLEN HAVEN","GLEN HAVEN",180,"Nouvelle-Écosse","Nova Scotia"
21867,"GLEN KEEN","GLEN KEEN",180,"Nouvelle-Écosse","Nova Scotia"
21868,"GLEN MARGARET","GLEN MARGARET",180,"Nouvelle-Écosse","Nova Scotia"
21869,"GLENWOOD","GLENWOOD",180,"Nouvelle-Écosse","Nova Scotia"
21870,"GOLD RIVER","GOLD RIVER",180,"Nouvelle-Écosse","Nova Scotia"
21871,"GOLDBORO","GOLDBORO",180,"Nouvelle-Écosse","Nova Scotia"
21872,"GRACIEVILLE","GRACIEVILLE",180,"Nouvelle-Écosse","Nova Scotia"
21873,"GRAFTON","GRAFTON",180,"Nouvelle-Écosse","Nova Scotia"
21874,"GRAND DESERT","GRAND DESERT",180,"Nouvelle-Écosse","Nova Scotia"
21875,"GRAND ETANG","GRAND ETANG",180,"Nouvelle-Écosse","Nova Scotia"
21876,"GRAND GREVE","GRAND GREVE",180,"Nouvelle-Écosse","Nova Scotia"
21877,"GRAND NARROWS","GRAND NARROWS",180,"Nouvelle-Écosse","Nova Scotia"
21878,"GRAND RIVER (RICHMOND-08))","GRAND RIVER (RICHMOND-08))",180,"Nouvelle-Écosse","Nova Scotia"
21879,"GRAND RIVER (RICHMOND-09)","GRAND RIVER (RICHMOND-09)",180,"Nouvelle-Écosse","Nova Scotia"
21880,"GRANDIQUE","GRANDIQUE",180,"Nouvelle-Écosse","Nova Scotia"
21881,"GRANTON","GRANTON",180,"Nouvelle-Écosse","Nova Scotia"
21882,"GRANTVILLE","GRANTVILLE",180,"Nouvelle-Écosse","Nova Scotia"
21883,"GRANVILLE BEACH","GRANVILLE BEACH",180,"Nouvelle-Écosse","Nova Scotia"
21884,"GRANVILLE FERRY","GRANVILLE FERRY",180,"Nouvelle-Écosse","Nova Scotia"
21885,"GREAT BRAS D'OR","GREAT BRAS D'OR",180,"Nouvelle-Écosse","Nova Scotia"
21886,"GREAT VILLAGE","GREAT VILLAGE",180,"Nouvelle-Écosse","Nova Scotia"
21887,"GREEN BAY","GREEN BAY",180,"Nouvelle-Écosse","Nova Scotia"
21888,"GREEN HARBOUR","GREEN HARBOUR",180,"Nouvelle-Écosse","Nova Scotia"
21889,"GREENFIELD","GREENFIELD",180,"Nouvelle-Écosse","Nova Scotia"
21890,"GREENVILLE","GREENVILLE",180,"Nouvelle-Écosse","Nova Scotia"
21891,"GREENWOLD","GREENWOLD",180,"Nouvelle-Écosse","Nova Scotia"
21892,"GRIFFIN COVE","GRIFFIN COVE",180,"Nouvelle-Écosse","Nova Scotia"
21893,"GRIFFIN'S BROOK","GRIFFIN'S BROOK",180,"Nouvelle-Écosse","Nova Scotia"
21894,"GROSSES COQUES","GROSSES COQUES",180,"Nouvelle-Écosse","Nova Scotia"
21895,"GROVES POINT","GROVES POINT",180,"Nouvelle-Écosse","Nova Scotia"
21896,"GULF SHORE","GULF SHORE",180,"Nouvelle-Écosse","Nova Scotia"
21897,"GULLIVER'S COVE","GULLIVER'S COVE",180,"Nouvelle-Écosse","Nova Scotia"
21898,"GUNNING COVE","GUNNING COVE",180,"Nouvelle-Écosse","Nova Scotia"
21899,"GUYSBOROUGH","GUYSBOROUGH",180,"Nouvelle-Écosse","Nova Scotia"
21900,"GUYSBOROUGH INTERVALE","GUYSBOROUGH INTERVALE",180,"Nouvelle-Écosse","Nova Scotia"
21901,"HABITANT","HABITANT",180,"Nouvelle-Écosse","Nova Scotia"
21902,"HACKETT'S COVE","HACKETT'S COVE",180,"Nouvelle-Écosse","Nova Scotia"
21903,"HADLEYVILLE","HADLEYVILLE",180,"Nouvelle-Écosse","Nova Scotia"
21904,"HALF ISLAND COVE","HALF ISLAND COVE",180,"Nouvelle-Écosse","Nova Scotia"
21905,"HALFWAY COVE","HALFWAY COVE",180,"Nouvelle-Écosse","Nova Scotia"
21906,"HALIFAX","HALIFAX",180,"Nouvelle-Écosse","Nova Scotia"
21907,"HALL'S HARBOUR","HALL'S HARBOUR",180,"Nouvelle-Écosse","Nova Scotia"
21908,"HAMPTON","HAMPTON",180,"Nouvelle-Écosse","Nova Scotia"
21909,"HANTSPORT","HANTSPORT",180,"Nouvelle-Écosse","Nova Scotia"
21910,"HARBOUR VIEW","HARBOUR VIEW",180,"Nouvelle-Écosse","Nova Scotia"
21911,"HARBOURVILLE","HARBOURVILLE",180,"Nouvelle-Écosse","Nova Scotia"
21912,"HARPELVILLE","HARPELVILLE",180,"Nouvelle-Écosse","Nova Scotia"
21913,"HARRIGAN COVE","HARRIGAN COVE",180,"Nouvelle-Écosse","Nova Scotia"
21914,"HARRINGTON BEACH","HARRINGTON BEACH",180,"Nouvelle-Écosse","Nova Scotia"
21915,"HARRIS ISLAND","HARRIS ISLAND",180,"Nouvelle-Écosse","Nova Scotia"
21916,"HARTZ POINT","HARTZ POINT",180,"Nouvelle-Écosse","Nova Scotia"
21917,"HAVRE BOUCHER","HAVRE BOUCHER",180,"Nouvelle-Écosse","Nova Scotia"
21918,"HAWKER","HAWKER",180,"Nouvelle-Écosse","Nova Scotia"
21919,"HAY COVE","HAY COVE",180,"Nouvelle-Écosse","Nova Scotia"
21920,"HAZEL HILL","HAZEL HILL",180,"Nouvelle-Écosse","Nova Scotia"
21921,"HEAD JEDDORE","HEAD JEDDORE",180,"Nouvelle-Écosse","Nova Scotia"
21922,"HEAD OF CHEZZETCOOK","HEAD OF CHEZZETCOOK",180,"Nouvelle-Écosse","Nova Scotia"
21923,"HEAD OF ST. MARGARET'S","HEAD OF ST. MARGARET'S",180,"Nouvelle-Écosse","Nova Scotia"
21924,"HEATHERTON","HEATHERTON",180,"Nouvelle-Écosse","Nova Scotia"
21925,"HEBBVILLE","HEBBVILLE",180,"Nouvelle-Écosse","Nova Scotia"
21926,"HEBRON","HEBRON",180,"Nouvelle-Écosse","Nova Scotia"
21927,"HECKMAN ISLAND","HECKMAN ISLAND",180,"Nouvelle-Écosse","Nova Scotia"
21928,"HERMAN'S ISLAND","HERMAN'S ISLAND",180,"Nouvelle-Écosse","Nova Scotia"
21929,"HERRING COVE","HERRING COVE",180,"Nouvelle-Écosse","Nova Scotia"
21930,"HIGHLAND VILLAGE","HIGHLAND VILLAGE",180,"Nouvelle-Écosse","Nova Scotia"
21931,"HILLSBURN","HILLSBURN",180,"Nouvelle-Écosse","Nova Scotia"
21932,"HOMEVILLE","HOMEVILLE",180,"Nouvelle-Écosse","Nova Scotia"
21933,"HORTONVILLE","HORTONVILLE",180,"Nouvelle-Écosse","Nova Scotia"
21934,"HUBBARDS","HUBBARDS",180,"Nouvelle-Écosse","Nova Scotia"
21935,"HUBBARD'S POINT","HUBBARD'S POINT",180,"Nouvelle-Écosse","Nova Scotia"
21936,"HUNT'S POINT","HUNT'S POINT",180,"Nouvelle-Écosse","Nova Scotia"
21937,"HURLBURT FALLS","HURLBURT FALLS",180,"Nouvelle-Écosse","Nova Scotia"
21938,"HUSTON BEACH","HUSTON BEACH",180,"Nouvelle-Écosse","Nova Scotia"
21939,"ILE SAINT-PIERRE (FRANCE)","ILE SAINT-PIERRE (FRANCE)",180,"Nouvelle-Écosse","Nova Scotia"
21940,"INDIAN BROOK","INDIAN BROOK",180,"Nouvelle-Écosse","Nova Scotia"
21941,"INDIAN FALLS","INDIAN FALLS",180,"Nouvelle-Écosse","Nova Scotia"
21942,"INDIAN HARBOUR (GUYSBOROUGH)","INDIAN HARBOUR (GUYSBOROUGH)",180,"Nouvelle-Écosse","Nova Scotia"
21943,"INDIAN HARBOUR (HALIFAX)","INDIAN HARBOUR (HALIFAX)",180,"Nouvelle-Écosse","Nova Scotia"
21944,"INDIAN HARBOUR LAKE","INDIAN HARBOUR LAKE",180,"Nouvelle-Écosse","Nova Scotia"
21945,"INDIAN PATH","INDIAN PATH",180,"Nouvelle-Écosse","Nova Scotia"
21946,"INDIAN POINT","INDIAN POINT",180,"Nouvelle-Écosse","Nova Scotia"
21947,"INGOMAR","INGOMAR",180,"Nouvelle-Écosse","Nova Scotia"
21948,"INGONISH","INGONISH",180,"Nouvelle-Écosse","Nova Scotia"
21949,"INGONISH BEACH","INGONISH BEACH",180,"Nouvelle-Écosse","Nova Scotia"
21950,"INGONISH CENTRE","INGONISH CENTRE",180,"Nouvelle-Écosse","Nova Scotia"
21951,"INGONISH FERRY","INGONISH FERRY",180,"Nouvelle-Écosse","Nova Scotia"
21952,"INGONISH HARBOUR","INGONISH HARBOUR",180,"Nouvelle-Écosse","Nova Scotia"
21953,"INGRAMPORT","INGRAMPORT",180,"Nouvelle-Écosse","Nova Scotia"
21954,"INVERNESS","INVERNESS",180,"Nouvelle-Écosse","Nova Scotia"
21955,"INVERSIDE","INVERSIDE",180,"Nouvelle-Écosse","Nova Scotia"
21956,"IONA","IONA",180,"Nouvelle-Écosse","Nova Scotia"
21957,"IRISH COVE","IRISH COVE",180,"Nouvelle-Écosse","Nova Scotia"
21958,"IRISH VALE","IRISH VALE",180,"Nouvelle-Écosse","Nova Scotia"
21959,"IRON MINES","IRON MINES",180,"Nouvelle-Écosse","Nova Scotia"
21960,"IRONBOUND","IRONBOUND",180,"Nouvelle-Écosse","Nova Scotia"
21961,"ISAAC'S HARBOUR","ISAAC'S HARBOUR",180,"Nouvelle-Écosse","Nova Scotia"
21962,"ITALY CROSS","ITALY CROSS",180,"Nouvelle-Écosse","Nova Scotia"
21963,"JAMES RIVER","JAMES RIVER",180,"Nouvelle-Écosse","Nova Scotia"
21964,"JANSON COVE","JANSON COVE",180,"Nouvelle-Écosse","Nova Scotia"
21965,"JANVRINS HARBOUR","JANVRINS HARBOUR",180,"Nouvelle-Écosse","Nova Scotia"
21966,"JEDDORE","JEDDORE",180,"Nouvelle-Écosse","Nova Scotia"
21967,"JEDDORE HARBOUR","JEDDORE HARBOUR",180,"Nouvelle-Écosse","Nova Scotia"
21968,"JERSEY COVE","JERSEY COVE",180,"Nouvelle-Écosse","Nova Scotia"
21969,"JOGGIN BRIDGE","JOGGIN BRIDGE",180,"Nouvelle-Écosse","Nova Scotia"
21970,"JOGGINS","JOGGINS",180,"Nouvelle-Écosse","Nova Scotia"
21971,"JOHN'S COVE","JOHN'S COVE",180,"Nouvelle-Écosse","Nova Scotia"
21972,"JOHN'S HARBOUR","JOHN'S HARBOUR",180,"Nouvelle-Écosse","Nova Scotia"
21973,"JOHN'S ISLAND","JOHN'S ISLAND",180,"Nouvelle-Écosse","Nova Scotia"
21974,"JOHNSON HARBOUR","JOHNSON HARBOUR",180,"Nouvelle-Écosse","Nova Scotia"
21975,"JOHNSTOWN","JOHNSTOWN",180,"Nouvelle-Écosse","Nova Scotia"
21976,"JONES HARBOUR","JONES HARBOUR",180,"Nouvelle-Écosse","Nova Scotia"
21977,"JORDAN BAY","JORDAN BAY",180,"Nouvelle-Écosse","Nova Scotia"
21978,"JORDAN BRANCH","JORDAN BRANCH",180,"Nouvelle-Écosse","Nova Scotia"
21979,"JORDAN FALLS","JORDAN FALLS",180,"Nouvelle-Écosse","Nova Scotia"
21980,"JORDAN FERRY","JORDAN FERRY",180,"Nouvelle-Écosse","Nova Scotia"
21981,"JORDAN RIVER","JORDAN RIVER",180,"Nouvelle-Écosse","Nova Scotia"
21982,"JORDANVILLE","JORDANVILLE",180,"Nouvelle-Écosse","Nova Scotia"
21983,"JUDIQUE","JUDIQUE",180,"Nouvelle-Écosse","Nova Scotia"
21984,"JUDIQUE NORTH","JUDIQUE NORTH",180,"Nouvelle-Écosse","Nova Scotia"
21985,"JUDIQUE POND","JUDIQUE POND",180,"Nouvelle-Écosse","Nova Scotia"
21986,"JUDIQUE SOUTH","JUDIQUE SOUTH",180,"Nouvelle-Écosse","Nova Scotia"
21987,"KALBEC","KALBEC",180,"Nouvelle-Écosse","Nova Scotia"
21988,"KARSDALE","KARSDALE",180,"Nouvelle-Écosse","Nova Scotia"
21989,"KELLEY'S COVE","KELLEY'S COVE",180,"Nouvelle-Écosse","Nova Scotia"
21990,"KEMPT HEAD","KEMPT HEAD",180,"Nouvelle-Écosse","Nova Scotia"
21991,"KEMPT SHORE","KEMPT SHORE",180,"Nouvelle-Écosse","Nova Scotia"
21992,"KEMPTVILLE","KEMPTVILLE",180,"Nouvelle-Écosse","Nova Scotia"
21993,"KENSINGTON COVE","KENSINGTON COVE",180,"Nouvelle-Écosse","Nova Scotia"
21994,"KENTVILLE","KENTVILLE",180,"Nouvelle-Écosse","Nova Scotia"
21995,"KETCH HARBOUR","KETCH HARBOUR",180,"Nouvelle-Écosse","Nova Scotia"
21996,"KINGS HEAD","KINGS HEAD",180,"Nouvelle-Écosse","Nova Scotia"
21997,"KINGS POINT","KINGS POINT",180,"Nouvelle-Écosse","Nova Scotia"
21998,"KINGSBURG","KINGSBURG",180,"Nouvelle-Écosse","Nova Scotia"
21999,"KINGSPORT","KINGSPORT",180,"Nouvelle-Écosse","Nova Scotia"
22000,"KINGSTON","KINGSTON",180,"Nouvelle-Écosse","Nova Scotia"
22001,"KIRKMOUNT","KIRKMOUNT",180,"Nouvelle-Écosse","Nova Scotia"
22003,"LAHAVE","LAHAVE",180,"Nouvelle-Écosse","Nova Scotia"
22004,"LAHAVE ISLAND","LAHAVE ISLAND",180,"Nouvelle-Écosse","Nova Scotia"
22005,"LAKE CENTRE","LAKE CENTRE",180,"Nouvelle-Écosse","Nova Scotia"
22006,"LAKE CHARLOTTE","LAKE CHARLOTTE",180,"Nouvelle-Écosse","Nova Scotia"
22007,"LAKE DOUCET","LAKE DOUCET",180,"Nouvelle-Écosse","Nova Scotia"
22008,"LAKE ECHO","LAKE ECHO",180,"Nouvelle-Écosse","Nova Scotia"
22009,"LAKE MIDWAY","LAKE MIDWAY",180,"Nouvelle-Écosse","Nova Scotia"
22010,"LAKESIDE","LAKESIDE",180,"Nouvelle-Écosse","Nova Scotia"
22011,"LAKEVALE","LAKEVALE",180,"Nouvelle-Écosse","Nova Scotia"
22012,"LAKEVILLE","LAKEVILLE",180,"Nouvelle-Écosse","Nova Scotia"
22013,"LANARK","LANARK",180,"Nouvelle-Écosse","Nova Scotia"
22014,"LANTZ","LANTZ",180,"Nouvelle-Écosse","Nova Scotia"
22015,"L'ARCHEVEQUE","L'ARCHEVEQUE",180,"Nouvelle-Écosse","Nova Scotia"
22016,"L'ARDOISE","L'ARDOISE",180,"Nouvelle-Écosse","Nova Scotia"
22017,"L'ARDOISE WEST","L'ARDOISE WEST",180,"Nouvelle-Écosse","Nova Scotia"
22018,"LARRY'S RIVER","LARRY'S RIVER",180,"Nouvelle-Écosse","Nova Scotia"
22019,"LATVIA","LATVIA",180,"Nouvelle-Écosse","Nova Scotia"
22020,"LAWRENCETOWN","LAWRENCETOWN",180,"Nouvelle-Écosse","Nova Scotia"
22021,"LEDGE HARBOUR","LEDGE HARBOUR",180,"Nouvelle-Écosse","Nova Scotia"
22022,"LEITCHES CREEK","LEITCHES CREEK",180,"Nouvelle-Écosse","Nova Scotia"
22023,"LEONARD'S COVE","LEONARD'S COVE",180,"Nouvelle-Écosse","Nova Scotia"
22024,"LEQUILLE","LEQUILLE",180,"Nouvelle-Écosse","Nova Scotia"
22025,"LINDEN","LINDEN",180,"Nouvelle-Écosse","Nova Scotia"
22026,"LINGAN","LINGAN",180,"Nouvelle-Écosse","Nova Scotia"
22027,"LINWOOD","LINWOOD",180,"Nouvelle-Écosse","Nova Scotia"
22028,"LISCOMB","LISCOMB",180,"Nouvelle-Écosse","Nova Scotia"
22029,"LISCOMB MILLS","LISCOMB MILLS",180,"Nouvelle-Écosse","Nova Scotia"
22030,"LISMORE","LISMORE",180,"Nouvelle-Écosse","Nova Scotia"
22031,"LITCHFIELD COVE","LITCHFIELD COVE",180,"Nouvelle-Écosse","Nova Scotia"
22032,"LITHUANIA","LITHUANIA",180,"Nouvelle-Écosse","Nova Scotia"
22033,"LITTLE ANSE","LITTLE ANSE",180,"Nouvelle-Écosse","Nova Scotia"
22034,"LITTLE BASS RIVER","LITTLE BASS RIVER",180,"Nouvelle-Écosse","Nova Scotia"
22035,"LITTLE BRAS D'OR","LITTLE BRAS D'OR",180,"Nouvelle-Écosse","Nova Scotia"
22036,"LITTLE BROOK","LITTLE BROOK",180,"Nouvelle-Écosse","Nova Scotia"
22037,"LITTLE DOVER","LITTLE DOVER",180,"Nouvelle-Écosse","Nova Scotia"
22038,"LITTLE HARBOUR (GUYSBOROUGH)","LITTLE HARBOUR (GUYSBOROUGH)",180,"Nouvelle-Écosse","Nova Scotia"
22039,"LITTLE HARBOUR (HALIFAX)","LITTLE HARBOUR (HALIFAX)",180,"Nouvelle-Écosse","Nova Scotia"
22040,"LITTLE HARBOUR (INVERNESS)","LITTLE HARBOUR (INVERNESS)",180,"Nouvelle-Écosse","Nova Scotia"
22041,"LITTLE HARBOUR (PICTOU)","LITTLE HARBOUR (PICTOU)",180,"Nouvelle-Écosse","Nova Scotia"
22042,"LITTLE HARBOUR (QUEENS)","LITTLE HARBOUR (QUEENS)",180,"Nouvelle-Écosse","Nova Scotia"
22043,"LITTLE HARBOUR (RICHMOND)","LITTLE HARBOUR (RICHMOND)",180,"Nouvelle-Écosse","Nova Scotia"
22044,"LITTLE HARBOUR (SHELBURNE)","LITTLE HARBOUR (SHELBURNE)",180,"Nouvelle-Écosse","Nova Scotia"
22045,"LITTLE HARBOUR (YARMOUTH)","LITTLE HARBOUR (YARMOUTH)",180,"Nouvelle-Écosse","Nova Scotia"
22046,"LITTLE JUDIQUE HARBOUR","LITTLE JUDIQUE HARBOUR",180,"Nouvelle-Écosse","Nova Scotia"
22047,"LITTLE JUDIQUE PONDS","LITTLE JUDIQUE PONDS",180,"Nouvelle-Écosse","Nova Scotia"
22048,"LITTLE LISCOMB","LITTLE LISCOMB",180,"Nouvelle-Écosse","Nova Scotia"
22049,"LITTLE LORRAINE","LITTLE LORRAINE",180,"Nouvelle-Écosse","Nova Scotia"
22050,"LITTLE NARROWS","LITTLE NARROWS",180,"Nouvelle-Écosse","Nova Scotia"
22051,"LITTLE POND","LITTLE POND",180,"Nouvelle-Écosse","Nova Scotia"
22052,"LITTLE RIVER (DIGBY)","LITTLE RIVER (DIGBY)",180,"Nouvelle-Écosse","Nova Scotia"
22053,"LITTLE RIVER (VICTORIA)","LITTLE RIVER (VICTORIA)",180,"Nouvelle-Écosse","Nova Scotia"
22054,"LITTLE RIVER HARBOUR","LITTLE RIVER HARBOUR",180,"Nouvelle-Écosse","Nova Scotia"
22055,"LITTLE TANCOOK","LITTLE TANCOOK",180,"Nouvelle-Écosse","Nova Scotia"
22056,"LIVERPOOL","LIVERPOOL",180,"Nouvelle-Écosse","Nova Scotia"
22057,"LIVINGSTONE'S COVE","LIVINGSTONE'S COVE",180,"Nouvelle-Écosse","Nova Scotia"
22058,"LIVINGSTONE'S POND","LIVINGSTONE'S POND",180,"Nouvelle-Écosse","Nova Scotia"
22059,"LLOYD COVE","LLOYD COVE",180,"Nouvelle-Écosse","Nova Scotia"
22060,"LOBSTER BAY","LOBSTER BAY",180,"Nouvelle-Écosse","Nova Scotia"
22061,"LOCH LOMOND","LOCH LOMOND",180,"Nouvelle-Écosse","Nova Scotia"
22062,"LOCKEPORT","LOCKEPORT",180,"Nouvelle-Écosse","Nova Scotia"
22063,"LOGAN'S POINT","LOGAN'S POINT",180,"Nouvelle-Écosse","Nova Scotia"
22064,"LONG BEACH","LONG BEACH",180,"Nouvelle-Écosse","Nova Scotia"
22065,"LONG COVE","LONG COVE",180,"Nouvelle-Écosse","Nova Scotia"
22066,"LONG ISLAND","LONG ISLAND",180,"Nouvelle-Écosse","Nova Scotia"
22067,"LONG POINT (ANTIGONISH)","LONG POINT (ANTIGONISH)",180,"Nouvelle-Écosse","Nova Scotia"
22068,"LONG POINT (INVERNESS)","LONG POINT (INVERNESS)",180,"Nouvelle-Écosse","Nova Scotia"
22069,"LORNEVILLE","LORNEVILLE",180,"Nouvelle-Écosse","Nova Scotia"
22070,"LOUIS HEAD","LOUIS HEAD",180,"Nouvelle-Écosse","Nova Scotia"
22071,"LOUISBOURG","LOUISBOURG",180,"Nouvelle-Écosse","Nova Scotia"
22072,"LOUISDALE (PICTOU)","LOUISDALE (PICTOU)",180,"Nouvelle-Écosse","Nova Scotia"
22073,"LOUISDALE (RICHMOND)","LOUISDALE (RICHMOND)",180,"Nouvelle-Écosse","Nova Scotia"
22074,"LOW POINT (CAPE BRETON)","LOW POINT (CAPE BRETON)",180,"Nouvelle-Écosse","Nova Scotia"
22075,"LOW POINT (INVERNESS)","LOW POINT (INVERNESS)",180,"Nouvelle-Écosse","Nova Scotia"
22076,"LOWER ARGYLE","LOWER ARGYLE",180,"Nouvelle-Écosse","Nova Scotia"
22077,"LOWER BLANDFORD","LOWER BLANDFORD",180,"Nouvelle-Écosse","Nova Scotia"
22078,"LOWER BRANCH","LOWER BRANCH",180,"Nouvelle-Écosse","Nova Scotia"
22079,"LOWER BURLINGTON","LOWER BURLINGTON",180,"Nouvelle-Écosse","Nova Scotia"
22080,"LOWER CLARKE'S HARBOUR","LOWER CLARKE'S HARBOUR",180,"Nouvelle-Écosse","Nova Scotia"
22081,"LOWER COVE","LOWER COVE",180,"Nouvelle-Écosse","Nova Scotia"
22082,"LOWER EAST CHEZZETCOOK","LOWER EAST CHEZZETCOOK",180,"Nouvelle-Écosse","Nova Scotia"
22083,"LOWER EAST PUBNICO","LOWER EAST PUBNICO",180,"Nouvelle-Écosse","Nova Scotia"
22084,"LOWER ECONOMY","LOWER ECONOMY",180,"Nouvelle-Écosse","Nova Scotia"
22085,"LOWER EEL BROOK","LOWER EEL BROOK",180,"Nouvelle-Écosse","Nova Scotia"
22086,"LOWER FIVE ISLANDS","LOWER FIVE ISLANDS",180,"Nouvelle-Écosse","Nova Scotia"
22087,"LOWER JORDAN BAY","LOWER JORDAN BAY",180,"Nouvelle-Écosse","Nova Scotia"
22088,"LOWER KINGSBURG","LOWER KINGSBURG",180,"Nouvelle-Écosse","Nova Scotia"
22089,"LOWER LAHAVE","LOWER LAHAVE",180,"Nouvelle-Écosse","Nova Scotia"
22090,"LOWER L'ARDOISE","LOWER L'ARDOISE",180,"Nouvelle-Écosse","Nova Scotia"
22091,"LOWER POINT","LOWER POINT",180,"Nouvelle-Écosse","Nova Scotia"
22092,"LOWER PROSPECT","LOWER PROSPECT",180,"Nouvelle-Écosse","Nova Scotia"
22093,"LOWER RIVER","LOWER RIVER",180,"Nouvelle-Écosse","Nova Scotia"
22094,"LOWER ROSE BAY","LOWER ROSE BAY",180,"Nouvelle-Écosse","Nova Scotia"
22095,"LOWER SACKVILLE","LOWER SACKVILLE",180,"Nouvelle-Écosse","Nova Scotia"
22096,"LOWER SANDY POINT","LOWER SANDY POINT",180,"Nouvelle-Écosse","Nova Scotia"
22097,"LOWER SAULNIERVILL","LOWER SAULNIERVILL",180,"Nouvelle-Écosse","Nova Scotia"
22098,"LOWER SHAG HARBOUR","LOWER SHAG HARBOUR",180,"Nouvelle-Écosse","Nova Scotia"
22099,"LOWER SHIP HARBOUR","LOWER SHIP HARBOUR",180,"Nouvelle-Écosse","Nova Scotia"
22100,"LOWER SURETTE ISLAND","LOWER SURETTE ISLAND",180,"Nouvelle-Écosse","Nova Scotia"
22101,"LOWER TANTALLON","LOWER TANTALLON",180,"Nouvelle-Écosse","Nova Scotia"
22102,"LOWER WASHABUCK","LOWER WASHABUCK",180,"Nouvelle-Écosse","Nova Scotia"
22103,"LOWER WEDGEPORT","LOWER WEDGEPORT",180,"Nouvelle-Écosse","Nova Scotia"
22104,"LOWER WEST JEDDORE","LOWER WEST JEDDORE",180,"Nouvelle-Écosse","Nova Scotia"
22105,"LOWER WEST PUBNICO","LOWER WEST PUBNICO",180,"Nouvelle-Écosse","Nova Scotia"
22106,"LOWER WHITEHEAD","LOWER WHITEHEAD",180,"Nouvelle-Écosse","Nova Scotia"
22107,"LOWER WOODS HARBOUR","LOWER WOODS HARBOUR",180,"Nouvelle-Écosse","Nova Scotia"
22108,"LR THREE FATHOM HBR","LR THREE FATHOM HBR",180,"Nouvelle-Écosse","Nova Scotia"
22109,"LUNENBURG","LUNENBURG",180,"Nouvelle-Écosse","Nova Scotia"
22110,"LYDGATE","LYDGATE",180,"Nouvelle-Écosse","Nova Scotia"
22111,"LYNCH'S RIVER","LYNCH'S RIVER",180,"Nouvelle-Écosse","Nova Scotia"
22112,"LYONS BROOK","LYONS BROOK",180,"Nouvelle-Écosse","Nova Scotia"
22113,"MABOU","MABOU",180,"Nouvelle-Écosse","Nova Scotia"
22114,"MABOU HARBOUR","MABOU HARBOUR",180,"Nouvelle-Écosse","Nova Scotia"
22115,"MABOU MINES","MABOU MINES",180,"Nouvelle-Écosse","Nova Scotia"
22116,"MACCAN","MACCAN",180,"Nouvelle-Écosse","Nova Scotia"
22117,"MACDONALD LANDING","MACDONALD LANDING",180,"Nouvelle-Écosse","Nova Scotia"
22118,"MACDONALD'S COVE","MACDONALD'S COVE",180,"Nouvelle-Écosse","Nova Scotia"
22119,"MACDONALDS COVE (HALIFAX)","MACDONALDS COVE (HALIFAX)",180,"Nouvelle-Écosse","Nova Scotia"
22120,"MACDONALD'S COVE (PICTOU)","MACDONALD'S COVE (PICTOU)",180,"Nouvelle-Écosse","Nova Scotia"
22121,"MACKEIGANS POINT","MACKEIGANS POINT",180,"Nouvelle-Écosse","Nova Scotia"
22122,"MACNABS COVE","MACNABS COVE",180,"Nouvelle-Écosse","Nova Scotia"
22123,"MACPHERSON'S FERRY","MACPHERSON'S FERRY",180,"Nouvelle-Écosse","Nova Scotia"
22124,"MADER'S COVE","MADER'S COVE",180,"Nouvelle-Écosse","Nova Scotia"
22125,"MAHONE BAY","MAHONE BAY",180,"Nouvelle-Écosse","Nova Scotia"
22126,"MAIN-A-DIEU","MAIN-A-DIEU",180,"Nouvelle-Écosse","Nova Scotia"
22127,"MAITLAND (HANTS)","MAITLAND (HANTS)",180,"Nouvelle-Écosse","Nova Scotia"
22128,"MAITLAND (LUNENBURG)","MAITLAND (LUNENBURG)",180,"Nouvelle-Écosse","Nova Scotia"
22129,"MAITLAND BRIDGE","MAITLAND BRIDGE",180,"Nouvelle-Écosse","Nova Scotia"
22130,"MALAGASH","MALAGASH",180,"Nouvelle-Écosse","Nova Scotia"
22131,"MALAGASH POINT","MALAGASH POINT",180,"Nouvelle-Écosse","Nova Scotia"
22132,"MALAGASH STATION","MALAGASH STATION",180,"Nouvelle-Écosse","Nova Scotia"
22133,"MALAGAWATCH","MALAGAWATCH",180,"Nouvelle-Écosse","Nova Scotia"
22134,"MALIGANT COVE","MALIGANT COVE",180,"Nouvelle-Écosse","Nova Scotia"
22135,"MANASSETTE LAKE","MANASSETTE LAKE",180,"Nouvelle-Écosse","Nova Scotia"
22136,"MANCHESTER","MANCHESTER",180,"Nouvelle-Écosse","Nova Scotia"
22137,"MARBLE MOUNTAIN","MARBLE MOUNTAIN",180,"Nouvelle-Écosse","Nova Scotia"
22138,"MARGAREE","MARGAREE",180,"Nouvelle-Écosse","Nova Scotia"
22139,"MARGAREE BEACH","MARGAREE BEACH",180,"Nouvelle-Écosse","Nova Scotia"
22140,"MARGAREE FORKS","MARGAREE FORKS",180,"Nouvelle-Écosse","Nova Scotia"
22141,"MARGAREE HARBOUR","MARGAREE HARBOUR",180,"Nouvelle-Écosse","Nova Scotia"
22142,"MARGAREE ISLAND","MARGAREE ISLAND",180,"Nouvelle-Écosse","Nova Scotia"
22143,"MARGAREE VALLEY","MARGAREE VALLEY",180,"Nouvelle-Écosse","Nova Scotia"
22144,"MARGARETSVILLE","MARGARETSVILLE",180,"Nouvelle-Écosse","Nova Scotia"
22145,"MARIE JOSEPH","MARIE JOSEPH",180,"Nouvelle-Écosse","Nova Scotia"
22146,"MARION BRIDGE","MARION BRIDGE",180,"Nouvelle-Écosse","Nova Scotia"
22147,"MARIOTT COVE","MARIOTT COVE",180,"Nouvelle-Écosse","Nova Scotia"
22148,"MARKLAND","MARKLAND",180,"Nouvelle-Écosse","Nova Scotia"
22149,"MARSHALLTOWN","MARSHALLTOWN",180,"Nouvelle-Écosse","Nova Scotia"
22150,"MARSHVILLE","MARSHVILLE",180,"Nouvelle-Écosse","Nova Scotia"
22151,"MARTINIQUE","MARTINIQUE",180,"Nouvelle-Écosse","Nova Scotia"
22152,"MARTIN'S BROOK","MARTIN'S BROOK",180,"Nouvelle-Écosse","Nova Scotia"
22153,"MARTIN'S POINT","MARTIN'S POINT",180,"Nouvelle-Écosse","Nova Scotia"
22154,"MARTIN'S RIVER","MARTIN'S RIVER",180,"Nouvelle-Écosse","Nova Scotia"
22155,"MARYVALE","MARYVALE",180,"Nouvelle-Écosse","Nova Scotia"
22156,"MARYVILLE","MARYVILLE",180,"Nouvelle-Écosse","Nova Scotia"
22157,"MAVILETTE","MAVILETTE",180,"Nouvelle-Écosse","Nova Scotia"
22158,"MAYFLOWER","MAYFLOWER",180,"Nouvelle-Écosse","Nova Scotia"
22159,"MCGRATH'S COVE","MCGRATH'S COVE",180,"Nouvelle-Écosse","Nova Scotia"
22160,"MCKAY'S POINT","MCKAY'S POINT",180,"Nouvelle-Écosse","Nova Scotia"
22161,"MCKINNONS HARBOUR (VICTORIA)","MCKINNONS HARBOUR (VICTORIA)",180,"Nouvelle-Écosse","Nova Scotia"
22162,"MCNUTTS ISLAND","MCNUTTS ISLAND",180,"Nouvelle-Écosse","Nova Scotia"
22163,"MEADOWVILLE","MEADOWVILLE",180,"Nouvelle-Écosse","Nova Scotia"
22164,"MEAGHERS GRANT","MEAGHERS GRANT",180,"Nouvelle-Écosse","Nova Scotia"
22165,"MEAT COVE","MEAT COVE",180,"Nouvelle-Écosse","Nova Scotia"
22166,"MEDFORD (KINGS-40)","MEDFORD (KINGS-40)",180,"Nouvelle-Écosse","Nova Scotia"
22167,"MEDFORD (KINGS-41)","MEDFORD (KINGS-41)",180,"Nouvelle-Écosse","Nova Scotia"
22168,"MEDWAY","MEDWAY",180,"Nouvelle-Écosse","Nova Scotia"
22169,"MELANSON","MELANSON",180,"Nouvelle-Écosse","Nova Scotia"
22170,"MELBOURNE","MELBOURNE",180,"Nouvelle-Écosse","Nova Scotia"
22171,"MELFORD","MELFORD",180,"Nouvelle-Écosse","Nova Scotia"
22172,"MELVIN COVE","MELVIN COVE",180,"Nouvelle-Écosse","Nova Scotia"
22173,"MERIGOMISH","MERIGOMISH",180,"Nouvelle-Écosse","Nova Scotia"
22174,"MERSEY POINT","MERSEY POINT",180,"Nouvelle-Écosse","Nova Scotia"
22175,"METEGHAN","METEGHAN",180,"Nouvelle-Écosse","Nova Scotia"
22176,"METEGHAN CENTRE","METEGHAN CENTRE",180,"Nouvelle-Écosse","Nova Scotia"
22177,"METEGHAN RIVER","METEGHAN RIVER",180,"Nouvelle-Écosse","Nova Scotia"
22178,"METEGHAN STATION","METEGHAN STATION",180,"Nouvelle-Écosse","Nova Scotia"
22179,"MIDDLE CAPE","MIDDLE CAPE",180,"Nouvelle-Écosse","Nova Scotia"
22180,"MIDDLE COUNTRY HARBOUR","MIDDLE COUNTRY HARBOUR",180,"Nouvelle-Écosse","Nova Scotia"
22181,"MIDDLE EAST PUBNICO","MIDDLE EAST PUBNICO",180,"Nouvelle-Écosse","Nova Scotia"
22182,"MIDDLE HEAD","MIDDLE HEAD",180,"Nouvelle-Écosse","Nova Scotia"
22183,"MIDDLE LA HAVE","MIDDLE LA HAVE",180,"Nouvelle-Écosse","Nova Scotia"
22184,"MIDDLE MILFORD","MIDDLE MILFORD",180,"Nouvelle-Écosse","Nova Scotia"
22185,"MIDDLE POINT (CAPE BRETON)","MIDDLE POINT (CAPE BRETON)",180,"Nouvelle-Écosse","Nova Scotia"
22186,"MIDDLE POINT (HALIFAX)","MIDDLE POINT (HALIFAX)",180,"Nouvelle-Écosse","Nova Scotia"
22187,"MIDDLE PORTER'S LAKE","MIDDLE PORTER'S LAKE",180,"Nouvelle-Écosse","Nova Scotia"
22188,"MIDDLE RIVER","MIDDLE RIVER",180,"Nouvelle-Écosse","Nova Scotia"
22189,"MIDDLE VILLAGE","MIDDLE VILLAGE",180,"Nouvelle-Écosse","Nova Scotia"
22190,"MIDDLE WEST PUBNICO","MIDDLE WEST PUBNICO",180,"Nouvelle-Écosse","Nova Scotia"
22191,"MIDDLETON","MIDDLETON",180,"Nouvelle-Écosse","Nova Scotia"
22192,"MIDDLEWOOD","MIDDLEWOOD",180,"Nouvelle-Écosse","Nova Scotia"
22193,"MILFORD","MILFORD",180,"Nouvelle-Écosse","Nova Scotia"
22194,"MILFORD HAVEN BRIDGE","MILFORD HAVEN BRIDGE",180,"Nouvelle-Écosse","Nova Scotia"
22195,"MILL COVE","MILL COVE",180,"Nouvelle-Écosse","Nova Scotia"
22196,"MILL CREEK (CAPE BRETON)","MILL CREEK (CAPE BRETON)",180,"Nouvelle-Écosse","Nova Scotia"
22197,"MILL CREEK (KINGS)","MILL CREEK (KINGS)",180,"Nouvelle-Écosse","Nova Scotia"
22198,"MILL POND","MILL POND",180,"Nouvelle-Écosse","Nova Scotia"
22199,"MILL VILLAGE","MILL VILLAGE",180,"Nouvelle-Écosse","Nova Scotia"
22200,"MILTON (QUEENS)","MILTON (QUEENS)",180,"Nouvelle-Écosse","Nova Scotia"
22201,"MILTON (YARMOUTH)","MILTON (YARMOUTH)",180,"Nouvelle-Écosse","Nova Scotia"
22202,"MILTON HIGHLAND","MILTON HIGHLAND",180,"Nouvelle-Écosse","Nova Scotia"
22203,"MINASVILLE","MINASVILLE",180,"Nouvelle-Écosse","Nova Scotia"
22204,"MINESVILLE","MINESVILLE",180,"Nouvelle-Écosse","Nova Scotia"
22205,"MINK COVE","MINK COVE",180,"Nouvelle-Écosse","Nova Scotia"
22206,"MINUDIE","MINUDIE",180,"Nouvelle-Écosse","Nova Scotia"
22207,"MIRA BAY","MIRA BAY",180,"Nouvelle-Écosse","Nova Scotia"
22208,"MIRA ROAD","MIRA ROAD",180,"Nouvelle-Écosse","Nova Scotia"
22209,"MITCHELL BAY (HALIFAX)","MITCHELL BAY (HALIFAX)",180,"Nouvelle-Écosse","Nova Scotia"
22210,"MITCHELL BAY (SHELBURNE)","MITCHELL BAY (SHELBURNE)",180,"Nouvelle-Écosse","Nova Scotia"
22211,"MOLEGA","MOLEGA",180,"Nouvelle-Écosse","Nova Scotia"
22212,"MONASTERY","MONASTERY",180,"Nouvelle-Écosse","Nova Scotia"
22213,"MONK'S COVE","MONK'S COVE",180,"Nouvelle-Écosse","Nova Scotia"
22214,"MONK'S HEAD","MONK'S HEAD",180,"Nouvelle-Écosse","Nova Scotia"
22215,"MOOSE HARBOUR","MOOSE HARBOUR",180,"Nouvelle-Écosse","Nova Scotia"
22216,"MOOSE HEAD","MOOSE HEAD",180,"Nouvelle-Écosse","Nova Scotia"
22217,"MOOSE RIVER","MOOSE RIVER",180,"Nouvelle-Écosse","Nova Scotia"
22218,"MORAR","MORAR",180,"Nouvelle-Écosse","Nova Scotia"
22219,"MORDEN","MORDEN",180,"Nouvelle-Écosse","Nova Scotia"
22220,"MORIEN BAY","MORIEN BAY",180,"Nouvelle-Écosse","Nova Scotia"
22221,"MORRIS ISLAND","MORRIS ISLAND",180,"Nouvelle-Écosse","Nova Scotia"
22222,"MORRISON COVE","MORRISON COVE",180,"Nouvelle-Écosse","Nova Scotia"
22223,"MORRISON HARBOUR","MORRISON HARBOUR",180,"Nouvelle-Écosse","Nova Scotia"
22224,"MORRISTOWN","MORRISTOWN",180,"Nouvelle-Écosse","Nova Scotia"
22225,"MOSCHELLE","MOSCHELLE",180,"Nouvelle-Écosse","Nova Scotia"
22226,"MOSER RIVER","MOSER RIVER",180,"Nouvelle-Écosse","Nova Scotia"
22227,"MOSHER'S ISLAND","MOSHER'S ISLAND",180,"Nouvelle-Écosse","Nova Scotia"
22228,"MOUNT HANLEY","MOUNT HANLEY",180,"Nouvelle-Écosse","Nova Scotia"
22229,"MOUNT PLEASANT (DIGBY)","MOUNT PLEASANT (DIGBY)",180,"Nouvelle-Écosse","Nova Scotia"
22230,"MOUNT PLEASANT (LUNENBURG)","MOUNT PLEASANT (LUNENBURG)",180,"Nouvelle-Écosse","Nova Scotia"
22231,"MUD ISLAND","MUD ISLAND",180,"Nouvelle-Écosse","Nova Scotia"
22232,"MULGRAVE","MULGRAVE",180,"Nouvelle-Écosse","Nova Scotia"
22233,"MUNROE BEACH","MUNROE BEACH",180,"Nouvelle-Écosse","Nova Scotia"
22234,"MUNROE POINT","MUNROE POINT",180,"Nouvelle-Écosse","Nova Scotia"
22235,"MURPHY'S COVE","MURPHY'S COVE",180,"Nouvelle-Écosse","Nova Scotia"
22236,"MURPHY'S POND","MURPHY'S POND",180,"Nouvelle-Écosse","Nova Scotia"
22237,"MUSHABOOM","MUSHABOOM",180,"Nouvelle-Écosse","Nova Scotia"
22238,"MUSQUODOBOIT HARBOUR","MUSQUODOBOIT HARBOUR",180,"Nouvelle-Écosse","Nova Scotia"
22239,"MYERS POINT","MYERS POINT",180,"Nouvelle-Écosse","Nova Scotia"
22240,"NARROW ENTRANCE","NARROW ENTRANCE",180,"Nouvelle-Écosse","Nova Scotia"
22241,"NECUM TEUCH","NECUM TEUCH",180,"Nouvelle-Écosse","Nova Scotia"
22242,"NEGRO HARBOUR","NEGRO HARBOUR",180,"Nouvelle-Écosse","Nova Scotia"
22243,"NEIL'S HARBOUR","NEIL'S HARBOUR",180,"Nouvelle-Écosse","Nova Scotia"
22244,"NEW ABERDEEN","NEW ABERDEEN",180,"Nouvelle-Écosse","Nova Scotia"
22245,"NEW CAMPBELLTON","NEW CAMPBELLTON",180,"Nouvelle-Écosse","Nova Scotia"
22246,"NEW CHESTER","NEW CHESTER",180,"Nouvelle-Écosse","Nova Scotia"
22247,"NEW CORNWALL","NEW CORNWALL",180,"Nouvelle-Écosse","Nova Scotia"
22248,"NEW COVE","NEW COVE",180,"Nouvelle-Écosse","Nova Scotia"
22249,"NEW EDINBURGH","NEW EDINBURGH",180,"Nouvelle-Écosse","Nova Scotia"
22250,"NEW GERMANY","NEW GERMANY",180,"Nouvelle-Écosse","Nova Scotia"
22251,"NEW GLASGOW","NEW GLASGOW",180,"Nouvelle-Écosse","Nova Scotia"
22252,"NEW HARBOUR (GUYSBOROUGH)","NEW HARBOUR (GUYSBOROUGH)",180,"Nouvelle-Écosse","Nova Scotia"
22253,"NEW HARBOUR (LUNENBURG)","NEW HARBOUR (LUNENBURG)",180,"Nouvelle-Écosse","Nova Scotia"
22254,"NEW HARRIS","NEW HARRIS",180,"Nouvelle-Écosse","Nova Scotia"
22255,"NEW HARRIS FORKS","NEW HARRIS FORKS",180,"Nouvelle-Écosse","Nova Scotia"
22256,"NEW HAVEN","NEW HAVEN",180,"Nouvelle-Écosse","Nova Scotia"
22257,"NEW MINAS","NEW MINAS",180,"Nouvelle-Écosse","Nova Scotia"
22258,"NEW ROSS","NEW ROSS",180,"Nouvelle-Écosse","Nova Scotia"
22259,"NEW VICTORIA","NEW VICTORIA",180,"Nouvelle-Écosse","Nova Scotia"
22260,"NEW WATERFORD","NEW WATERFORD",180,"Nouvelle-Écosse","Nova Scotia"
22261,"NEWBURN","NEWBURN",180,"Nouvelle-Écosse","Nova Scotia"
22262,"NEWCOMBE'S BROOK","NEWCOMBE'S BROOK",180,"Nouvelle-Écosse","Nova Scotia"
22263,"NEWELLTON","NEWELLTON",180,"Nouvelle-Écosse","Nova Scotia"
22264,"NEWPORT","NEWPORT",180,"Nouvelle-Écosse","Nova Scotia"
22265,"NEWPORT STATION","NEWPORT STATION",180,"Nouvelle-Écosse","Nova Scotia"
22266,"NINEVAH","NINEVAH",180,"Nouvelle-Écosse","Nova Scotia"
22267,"NOEL","NOEL",180,"Nouvelle-Écosse","Nova Scotia"
22268,"NORTH BAY","NORTH BAY",180,"Nouvelle-Écosse","Nova Scotia"
22269,"NORTH CHEGGOGIN","NORTH CHEGGOGIN",180,"Nouvelle-Écosse","Nova Scotia"
22270,"NORTH EAST HARBOUR","NORTH EAST HARBOUR",180,"Nouvelle-Écosse","Nova Scotia"
22271,"NORTH EAST MABOU","NORTH EAST MABOU",180,"Nouvelle-Écosse","Nova Scotia"
22272,"NORTH FOURCHU","NORTH FOURCHU",180,"Nouvelle-Écosse","Nova Scotia"
22273,"NORTH GUT","NORTH GUT",180,"Nouvelle-Écosse","Nova Scotia"
22274,"NORTH HARBOUR","NORTH HARBOUR",180,"Nouvelle-Écosse","Nova Scotia"
22275,"NORTH INGONISH","NORTH INGONISH",180,"Nouvelle-Écosse","Nova Scotia"
22276,"NORTH RANGE","NORTH RANGE",180,"Nouvelle-Écosse","Nova Scotia"
22277,"NORTH RIVER CENTRE","NORTH RIVER CENTRE",180,"Nouvelle-Écosse","Nova Scotia"
22278,"NORTH SHORE (CUMBERLAND)","NORTH SHORE (CUMBERLAND)",180,"Nouvelle-Écosse","Nova Scotia"
22279,"NORTH SHORE (VICTORIA)","NORTH SHORE (VICTORIA)",180,"Nouvelle-Écosse","Nova Scotia"
22280,"NORTH SYDNEY","NORTH SYDNEY",180,"Nouvelle-Écosse","Nova Scotia"
22281,"NORTH WALLACE","NORTH WALLACE",180,"Nouvelle-Écosse","Nova Scotia"
22282,"NORTH WEST ARM","NORTH WEST ARM",180,"Nouvelle-Écosse","Nova Scotia"
22283,"NORTH WEST BAY","NORTH WEST BAY",180,"Nouvelle-Écosse","Nova Scotia"
22284,"NORTH WEST HARBOUR","NORTH WEST HARBOUR",180,"Nouvelle-Écosse","Nova Scotia"
22285,"NORTHEAST POINT","NORTHEAST POINT",180,"Nouvelle-Écosse","Nova Scotia"
22286,"NORTHPORT","NORTHPORT",180,"Nouvelle-Écosse","Nova Scotia"
22287,"NORTHWEST","NORTHWEST",180,"Nouvelle-Écosse","Nova Scotia"
22288,"NORTHWEST COVE","NORTHWEST COVE",180,"Nouvelle-Écosse","Nova Scotia"
22289,"NYANZA","NYANZA",180,"Nouvelle-Écosse","Nova Scotia"
22290,"OAK PARK","OAK PARK",180,"Nouvelle-Écosse","Nova Scotia"
22291,"OAKLAND","OAKLAND",180,"Nouvelle-Écosse","Nova Scotia"
22292,"OGDEN'S POND","OGDEN'S POND",180,"Nouvelle-Écosse","Nova Scotia"
22293,"OHIO","OHIO",180,"Nouvelle-Écosse","Nova Scotia"
22294,"OLD BARNS","OLD BARNS",180,"Nouvelle-Écosse","Nova Scotia"
22295,"ORANGEDALE","ORANGEDALE",180,"Nouvelle-Écosse","Nova Scotia"
22296,"OSBORNE HARBOUR","OSBORNE HARBOUR",180,"Nouvelle-Écosse","Nova Scotia"
22297,"OSTREA LAKE","OSTREA LAKE",180,"Nouvelle-Écosse","Nova Scotia"
22298,"OTTAWA BROOK","OTTAWA BROOK",180,"Nouvelle-Écosse","Nova Scotia"
22299,"OUTRAM","OUTRAM",180,"Nouvelle-Écosse","Nova Scotia"
22300,"OVERTON","OVERTON",180,"Nouvelle-Écosse","Nova Scotia"
22301,"OWL'S HEAD","OWL'S HEAD",180,"Nouvelle-Écosse","Nova Scotia"
22302,"OWLS HEAD BAY","OWLS HEAD BAY",180,"Nouvelle-Écosse","Nova Scotia"
22303,"OWLS HEAD HARBOUR","OWLS HEAD HARBOUR",180,"Nouvelle-Écosse","Nova Scotia"
22304,"OXFORD","OXFORD",180,"Nouvelle-Écosse","Nova Scotia"
22305,"OYSTER POND","OYSTER POND",180,"Nouvelle-Écosse","Nova Scotia"
22306,"PADDY'S HEAD","PADDY'S HEAD",180,"Nouvelle-Écosse","Nova Scotia"
22307,"PARADISE","PARADISE",180,"Nouvelle-Écosse","Nova Scotia"
22308,"PARKER'S COVE","PARKER'S COVE",180,"Nouvelle-Écosse","Nova Scotia"
22309,"PARRSBORO","PARRSBORO",180,"Nouvelle-Écosse","Nova Scotia"
22310,"PARRSBORO ROAD","PARRSBORO ROAD",180,"Nouvelle-Écosse","Nova Scotia"
22311,"PARRSBORO SHORE","PARRSBORO SHORE",180,"Nouvelle-Écosse","Nova Scotia"
22312,"PARTRIDGE ISLAND","PARTRIDGE ISLAND",180,"Nouvelle-Écosse","Nova Scotia"
22313,"PATH END","PATH END",180,"Nouvelle-Écosse","Nova Scotia"
22314,"PAULS POINT","PAULS POINT",180,"Nouvelle-Écosse","Nova Scotia"
22315,"PEAS BROOK","PEAS BROOK",180,"Nouvelle-Écosse","Nova Scotia"
22316,"PEASE ISLAND","PEASE ISLAND",180,"Nouvelle-Écosse","Nova Scotia"
22317,"PEGGY'S COVE","PEGGY'S COVE",180,"Nouvelle-Écosse","Nova Scotia"
22318,"PEMBROKE","PEMBROKE",180,"Nouvelle-Écosse","Nova Scotia"
22319,"PENNANT","PENNANT",180,"Nouvelle-Écosse","Nova Scotia"
22320,"PENNANT HARBOUR","PENNANT HARBOUR",180,"Nouvelle-Écosse","Nova Scotia"
22321,"PENNANT POINT","PENNANT POINT",180,"Nouvelle-Écosse","Nova Scotia"
22322,"PENTZ","PENTZ",180,"Nouvelle-Écosse","Nova Scotia"
22323,"PEREAU","PEREAU",180,"Nouvelle-Écosse","Nova Scotia"
22324,"PETIT DE GRAT","PETIT DE GRAT",180,"Nouvelle-Écosse","Nova Scotia"
22325,"PETIT ETANG","PETIT ETANG",180,"Nouvelle-Écosse","Nova Scotia"
22326,"PETITE RIVIERE","PETITE RIVIERE",180,"Nouvelle-Écosse","Nova Scotia"
22327,"PETPESWICK","PETPESWICK",180,"Nouvelle-Écosse","Nova Scotia"
22328,"PETPESWICK INLET","PETPESWICK INLET",180,"Nouvelle-Écosse","Nova Scotia"
22329,"PHILLIP'S HARBOUR","PHILLIP'S HARBOUR",180,"Nouvelle-Écosse","Nova Scotia"
22330,"PHINNEY COVE","PHINNEY COVE",180,"Nouvelle-Écosse","Nova Scotia"
22331,"PICTOU","PICTOU",180,"Nouvelle-Écosse","Nova Scotia"
22332,"PICTOU HARBOUR (PICTOU - 11)","PICTOU HARBOUR (PICTOU - 11)",180,"Nouvelle-Écosse","Nova Scotia"
22333,"PICTOU HARBOUR (PICTOU - 12)","PICTOU HARBOUR (PICTOU - 12)",180,"Nouvelle-Écosse","Nova Scotia"
22334,"PICTOU ISLAND EAST","PICTOU ISLAND EAST",180,"Nouvelle-Écosse","Nova Scotia"
22335,"PICTOU ISLAND WEST","PICTOU ISLAND WEST",180,"Nouvelle-Écosse","Nova Scotia"
22336,"PICTOU LANDING","PICTOU LANDING",180,"Nouvelle-Écosse","Nova Scotia"
22337,"PINEHURST","PINEHURST",180,"Nouvelle-Écosse","Nova Scotia"
22338,"PINEVALE","PINEVALE",180,"Nouvelle-Écosse","Nova Scotia"
22339,"PINKNEY'S POINT","PINKNEY'S POINT",180,"Nouvelle-Écosse","Nova Scotia"
22340,"PIPERS COVE","PIPERS COVE",180,"Nouvelle-Écosse","Nova Scotia"
22341,"PLASTER","PLASTER",180,"Nouvelle-Écosse","Nova Scotia"
22342,"PLATEAU","PLATEAU",180,"Nouvelle-Écosse","Nova Scotia"
22343,"PLEASANT BAY","PLEASANT BAY",180,"Nouvelle-Écosse","Nova Scotia"
22344,"PLEASANT HARBOUR","PLEASANT HARBOUR",180,"Nouvelle-Écosse","Nova Scotia"
22345,"PLEASANT LAKE (YARMOUTH)","PLEASANT LAKE (YARMOUTH)",180,"Nouvelle-Écosse","Nova Scotia"
22346,"PLEASANT POINT (HALIFAX)","PLEASANT POINT (HALIFAX)",180,"Nouvelle-Écosse","Nova Scotia"
22347,"DE GRAS MARCH","DE GRAS MARCH",188,"Île-du-Prince-Édouard","Prince Edward Island"
22348,"DILIGENT POND","DILIGENT POND",188,"Île-du-Prince-Édouard","Prince Edward Island"
22349,"DINGWELL'S MILLS","DINGWELL'S MILLS",188,"Île-du-Prince-Édouard","Prince Edward Island"
22350,"DUNBLANE","DUNBLANE",188,"Île-du-Prince-Édouard","Prince Edward Island"
22351,"DUNDAS","DUNDAS",188,"Île-du-Prince-Édouard","Prince Edward Island"
22352,"DUNDEE","DUNDEE",188,"Île-du-Prince-Édouard","Prince Edward Island"
22353,"DUNK RIVER","DUNK RIVER",188,"Île-du-Prince-Édouard","Prince Edward Island"
22354,"DUVAR","DUVAR",188,"Île-du-Prince-Édouard","Prince Edward Island"
22355,"EAST BALTIC","EAST BALTIC",188,"Île-du-Prince-Édouard","Prince Edward Island"
22356,"EAST BIDEFORD","EAST BIDEFORD",188,"Île-du-Prince-Édouard","Prince Edward Island"
22357,"EAST LAKE","EAST LAKE",188,"Île-du-Prince-Édouard","Prince Edward Island"
22358,"EAST POINT","EAST POINT",188,"Île-du-Prince-Édouard","Prince Edward Island"
22359,"EAST RIVER","EAST RIVER",188,"Île-du-Prince-Édouard","Prince Edward Island"
22360,"EBBSFLEET","EBBSFLEET",188,"Île-du-Prince-Édouard","Prince Edward Island"
22361,"EGLINGTON BAY","EGLINGTON BAY",188,"Île-du-Prince-Édouard","Prince Edward Island"
22362,"EGMONT BAY","EGMONT BAY",188,"Île-du-Prince-Édouard","Prince Edward Island"
22363,"ELDON","ELDON",188,"Île-du-Prince-Édouard","Prince Edward Island"
22364,"ELLERSLIE","ELLERSLIE",188,"Île-du-Prince-Édouard","Prince Edward Island"
22365,"ELLIS RIVER","ELLIS RIVER",188,"Île-du-Prince-Édouard","Prince Edward Island"
22366,"ELMIRA","ELMIRA",188,"Île-du-Prince-Édouard","Prince Edward Island"
22367,"ELMSDALE","ELMSDALE",188,"Île-du-Prince-Édouard","Prince Edward Island"
22368,"ENMORE RIVER","ENMORE RIVER",188,"Île-du-Prince-Édouard","Prince Edward Island"
22369,"FAIRVIEW","FAIRVIEW",188,"Île-du-Prince-Édouard","Prince Edward Island"
22370,"FISHING COVE","FISHING COVE",188,"Île-du-Prince-Édouard","Prince Edward Island"
22371,"FLAT RIVER","FLAT RIVER",188,"Île-du-Prince-Édouard","Prince Edward Island"
22372,"FOREST VIEW","FOREST VIEW",188,"Île-du-Prince-Édouard","Prince Edward Island"
22373,"FORT AUGUSTUS (QUEENS-86)","FORT AUGUSTUS (QUEENS-86)",188,"Île-du-Prince-Édouard","Prince Edward Island"
22374,"FORT AUGUSTUS (QUEENS-96)","FORT AUGUSTUS (QUEENS-96)",188,"Île-du-Prince-Édouard","Prince Edward Island"
22375,"FORTUNE (KINGS)","FORTUNE (KINGS)",188,"Île-du-Prince-Édouard","Prince Edward Island"
22376,"FORTUNE COVE","FORTUNE COVE",188,"Île-du-Prince-Édouard","Prince Edward Island"
22377,"FORTUNE RIVER","FORTUNE RIVER",188,"Île-du-Prince-Édouard","Prince Edward Island"
22378,"FOXLEY RIVER","FOXLEY RIVER",188,"Île-du-Prince-Édouard","Prince Edward Island"
22379,"FREELAND","FREELAND",188,"Île-du-Prince-Édouard","Prince Edward Island"
22380,"FREETOWN","FREETOWN",188,"Île-du-Prince-Édouard","Prince Edward Island"
22381,"FRENCH RIVER","FRENCH RIVER",188,"Île-du-Prince-Édouard","Prince Edward Island"
22382,"FRENCH RIVER NORTH","FRENCH RIVER NORTH",188,"Île-du-Prince-Édouard","Prince Edward Island"
22383,"FRENCH RIVER SOUTH","FRENCH RIVER SOUTH",188,"Île-du-Prince-Édouard","Prince Edward Island"
22384,"GASPEREAUX","GASPEREAUX",188,"Île-du-Prince-Édouard","Prince Edward Island"
22385,"GEORGETOWN","GEORGETOWN",188,"Île-du-Prince-Édouard","Prince Edward Island"
22386,"GLENFINNAN","GLENFINNAN",188,"Île-du-Prince-Édouard","Prince Edward Island"
22387,"GLENGARRY","GLENGARRY",188,"Île-du-Prince-Édouard","Prince Edward Island"
22388,"GLENWOOD","GLENWOOD",188,"Île-du-Prince-Édouard","Prince Edward Island"
22389,"GOFFS BRIDGE","GOFFS BRIDGE",188,"Île-du-Prince-Édouard","Prince Edward Island"
22390,"GOOSE RIVER","GOOSE RIVER",188,"Île-du-Prince-Édouard","Prince Edward Island"
22391,"GOWAN BRAE","GOWAN BRAE",188,"Île-du-Prince-Édouard","Prince Edward Island"
22392,"GRAHAM'S POND","GRAHAM'S POND",188,"Île-du-Prince-Édouard","Prince Edward Island"
22393,"GRAND RIVER","GRAND RIVER",188,"Île-du-Prince-Édouard","Prince Edward Island"
22394,"GRAND TRACADIE","GRAND TRACADIE",188,"Île-du-Prince-Édouard","Prince Edward Island"
22395,"GREEK RIVER","GREEK RIVER",188,"Île-du-Prince-Édouard","Prince Edward Island"
22396,"GREENMOUNT","GREENMOUNT",188,"Île-du-Prince-Édouard","Prince Edward Island"
22397,"GREENWICH","GREENWICH",188,"Île-du-Prince-Édouard","Prince Edward Island"
22398,"GUERNSEY COVE","GUERNSEY COVE",188,"Île-du-Prince-Édouard","Prince Edward Island"
22399,"HAMILTON","HAMILTON",188,"Île-du-Prince-Édouard","Prince Edward Island"
22400,"HAMPTON","HAMPTON",188,"Île-du-Prince-Édouard","Prince Edward Island"
22401,"HARDY'S CHANNEL","HARDY'S CHANNEL",188,"Île-du-Prince-Édouard","Prince Edward Island"
22402,"HARPER ROAD","HARPER ROAD",188,"Île-du-Prince-Édouard","Prince Edward Island"
22403,"HARRINGTON","HARRINGTON",188,"Île-du-Prince-Édouard","Prince Edward Island"
22404,"HEBRON","HEBRON",188,"Île-du-Prince-Édouard","Prince Edward Island"
22405,"HERMANVILLE","HERMANVILLE",188,"Île-du-Prince-Édouard","Prince Edward Island"
22406,"HIGGINS SHORE","HIGGINS SHORE",188,"Île-du-Prince-Édouard","Prince Edward Island"
22407,"HIGGINS WHARF","HIGGINS WHARF",188,"Île-du-Prince-Édouard","Prince Edward Island"
22408,"HIGH BANK","HIGH BANK",188,"Île-du-Prince-Édouard","Prince Edward Island"
22409,"HILLSBOROUGH BAY","HILLSBOROUGH BAY",188,"Île-du-Prince-Édouard","Prince Edward Island"
22410,"HOWARD'S COVE","HOWARD'S COVE",188,"Île-du-Prince-Édouard","Prince Edward Island"
22411,"HOWE BAY","HOWE BAY",188,"Île-du-Prince-Édouard","Prince Edward Island"
22412,"HOWLAN","HOWLAN",188,"Île-du-Prince-Édouard","Prince Edward Island"
22413,"HUNTER RIVER","HUNTER RIVER",188,"Île-du-Prince-Édouard","Prince Edward Island"
22414,"INDIAN RIVER","INDIAN RIVER",188,"Île-du-Prince-Édouard","Prince Edward Island"
22415,"INVERNESS","INVERNESS",188,"Île-du-Prince-Édouard","Prince Edward Island"
22416,"IONA","IONA",188,"Île-du-Prince-Édouard","Prince Edward Island"
22417,"JOHNSONS RIVER","JOHNSONS RIVER",188,"Île-du-Prince-Édouard","Prince Edward Island"
22418,"JUDE'S POINT","JUDE'S POINT",188,"Île-du-Prince-Édouard","Prince Edward Island"
22419,"KENSINGTON","KENSINGTON",188,"Île-du-Prince-Édouard","Prince Edward Island"
22420,"KILDARE","KILDARE",188,"Île-du-Prince-Édouard","Prince Edward Island"
22421,"KILMUIR","KILMUIR",188,"Île-du-Prince-Édouard","Prince Edward Island"
22422,"KINGSBORO","KINGSBORO",188,"Île-du-Prince-Édouard","Prince Edward Island"
22423,"LAKEVILLE","LAKEVILLE",188,"Île-du-Prince-Édouard","Prince Edward Island"
22424,"LAUNCHING","LAUNCHING",188,"Île-du-Prince-Édouard","Prince Edward Island"
22425,"LENNOX ISLAND","LENNOX ISLAND",188,"Île-du-Prince-Édouard","Prince Edward Island"
22426,"LEOVILLE","LEOVILLE",188,"Île-du-Prince-Édouard","Prince Edward Island"
22427,"LITTLE HARBOUR","LITTLE HARBOUR",188,"Île-du-Prince-Édouard","Prince Edward Island"
22428,"LITTLE POND","LITTLE POND",188,"Île-du-Prince-Édouard","Prince Edward Island"
22429,"LITTLE SANDS","LITTLE SANDS",188,"Île-du-Prince-Édouard","Prince Edward Island"
22430,"LITTLE YORK","LITTLE YORK",188,"Île-du-Prince-Édouard","Prince Edward Island"
22431,"LLOYD'S CREEK","LLOYD'S CREEK",188,"Île-du-Prince-Édouard","Prince Edward Island"
22432,"LONG CREEK","LONG CREEK",188,"Île-du-Prince-Édouard","Prince Edward Island"
22433,"LOT 16","LOT 16",188,"Île-du-Prince-Édouard","Prince Edward Island"
22434,"LOT 7","LOT 7",188,"Île-du-Prince-Édouard","Prince Edward Island"
22435,"LOWER FREETOWN","LOWER FREETOWN",188,"Île-du-Prince-Édouard","Prince Edward Island"
22436,"LOWER MONTAGUE","LOWER MONTAGUE",188,"Île-du-Prince-Édouard","Prince Edward Island"
22437,"LOWER ROLLO BAY","LOWER ROLLO BAY",188,"Île-du-Prince-Édouard","Prince Edward Island"
22438,"MACAULAYS WHARF","MACAULAYS WHARF",188,"Île-du-Prince-Édouard","Prince Edward Island"
22439,"MACHON POINT","MACHON POINT",188,"Île-du-Prince-Édouard","Prince Edward Island"
22440,"MALPEQUE","MALPEQUE",188,"Île-du-Prince-Édouard","Prince Edward Island"
22441,"MALPEQUE BAY","MALPEQUE BAY",188,"Île-du-Prince-Édouard","Prince Edward Island"
22442,"MARGATE","MARGATE",188,"Île-du-Prince-Édouard","Prince Edward Island"
22443,"MARSHFIELD","MARSHFIELD",188,"Île-du-Prince-Édouard","Prince Edward Island"
22444,"MAXIMVILLE","MAXIMVILLE",188,"Île-du-Prince-Édouard","Prince Edward Island"
22445,"MCNEILL'S MILLS","MCNEILL'S MILLS",188,"Île-du-Prince-Édouard","Prince Edward Island"
22446,"MEADOWBROOK","MEADOWBROOK",188,"Île-du-Prince-Édouard","Prince Edward Island"
22447,"MERMAID","MERMAID",188,"Île-du-Prince-Édouard","Prince Edward Island"
22448,"MIDGELL","MIDGELL",188,"Île-du-Prince-Édouard","Prince Edward Island"
22449,"MILBURN","MILBURN",188,"Île-du-Prince-Édouard","Prince Edward Island"
22450,"MILL COVE","MILL COVE",188,"Île-du-Prince-Édouard","Prince Edward Island"
22451,"MILL RIVER","MILL RIVER",188,"Île-du-Prince-Édouard","Prince Edward Island"
22452,"MILL TOWN CROSS","MILL TOWN CROSS",188,"Île-du-Prince-Édouard","Prince Edward Island"
22453,"MILLIGAN'S WHARF","MILLIGAN'S WHARF",188,"Île-du-Prince-Édouard","Prince Edward Island"
22454,"MILL'S POINT","MILL'S POINT",188,"Île-du-Prince-Édouard","Prince Edward Island"
22455,"MILO","MILO",188,"Île-du-Prince-Édouard","Prince Edward Island"
22456,"MIMINEGASH","MIMINEGASH",188,"Île-du-Prince-Édouard","Prince Edward Island"
22457,"MIMINEGASH HARBOUR","MIMINEGASH HARBOUR",188,"Île-du-Prince-Édouard","Prince Edward Island"
22458,"MIMINEGASH RUN","MIMINEGASH RUN",188,"Île-du-Prince-Édouard","Prince Edward Island"
22459,"MINK RIVER","MINK RIVER",188,"Île-du-Prince-Édouard","Prince Edward Island"
22460,"MISCOUCHE","MISCOUCHE",188,"Île-du-Prince-Édouard","Prince Edward Island"
22461,"MONT CARMEL","MONT CARMEL",188,"Île-du-Prince-Édouard","Prince Edward Island"
22462,"MONTAGUE","MONTAGUE",188,"Île-du-Prince-Édouard","Prince Edward Island"
22463,"MONTICELLO","MONTICELLO",188,"Île-du-Prince-Édouard","Prince Edward Island"
22464,"MORELL","MORELL",188,"Île-du-Prince-Édouard","Prince Edward Island"
22465,"MORELL REAR GREEN MEADOWS","MORELL REAR GREEN MEADOWS",188,"Île-du-Prince-Édouard","Prince Edward Island"
22466,"MOUNT BUCHANAN","MOUNT BUCHANAN",188,"Île-du-Prince-Édouard","Prince Edward Island"
22468,"MOUNT PLEASANT","MOUNT PLEASANT",188,"Île-du-Prince-Édouard","Prince Edward Island"
22469,"MOUNT STEWART","MOUNT STEWART",188,"Île-du-Prince-Édouard","Prince Edward Island"
22470,"MURPHY'S SHORE","MURPHY'S SHORE",188,"Île-du-Prince-Édouard","Prince Edward Island"
22471,"MURRAY HARBOUR","MURRAY HARBOUR",188,"Île-du-Prince-Édouard","Prince Edward Island"
22472,"MURRAY HARBOUR NORTH","MURRAY HARBOUR NORTH",188,"Île-du-Prince-Édouard","Prince Edward Island"
22473,"MURRAY RIVER","MURRAY RIVER",188,"Île-du-Prince-Édouard","Prince Edward Island"
22474,"NAIL POND","NAIL POND",188,"Île-du-Prince-Édouard","Prince Edward Island"
22475,"NAUFRAGE","NAUFRAGE",188,"Île-du-Prince-Édouard","Prince Edward Island"
22476,"NEW ANNAN","NEW ANNAN",188,"Île-du-Prince-Édouard","Prince Edward Island"
22477,"NEW DOMINION","NEW DOMINION",188,"Île-du-Prince-Édouard","Prince Edward Island"
22478,"NEW LONDON","NEW LONDON",188,"Île-du-Prince-Édouard","Prince Edward Island"
22479,"NEW LONDON BAY","NEW LONDON BAY",188,"Île-du-Prince-Édouard","Prince Edward Island"
22480,"NEWPORT","NEWPORT",188,"Île-du-Prince-Édouard","Prince Edward Island"
22481,"NINE MILE CREEK","NINE MILE CREEK",188,"Île-du-Prince-Édouard","Prince Edward Island"
22482,"NORTH BEDEQUE","NORTH BEDEQUE",188,"Île-du-Prince-Édouard","Prince Edward Island"
22483,"NORTH ENMORE","NORTH ENMORE",188,"Île-du-Prince-Édouard","Prince Edward Island"
22484,"NORTH LAKE","NORTH LAKE",188,"Île-du-Prince-Édouard","Prince Edward Island"
22485,"NORTH POINT","NORTH POINT",188,"Île-du-Prince-Édouard","Prince Edward Island"
22486,"NORTH RIVER (QUEENS-85)","NORTH RIVER (QUEENS-85)",188,"Île-du-Prince-Édouard","Prince Edward Island"
22487,"NORTH RIVER (QUEENS-88)","NORTH RIVER (QUEENS-88)",188,"Île-du-Prince-Édouard","Prince Edward Island"
22488,"NORTH RUSTICO","NORTH RUSTICO",188,"Île-du-Prince-Édouard","Prince Edward Island"
22489,"NORTHAM","NORTHAM",188,"Île-du-Prince-Édouard","Prince Edward Island"
22490,"NORTHPORT","NORTHPORT",188,"Île-du-Prince-Édouard","Prince Edward Island"
22491,"NORWAY","NORWAY",188,"Île-du-Prince-Édouard","Prince Edward Island"
22492,"OAK VALLEY","OAK VALLEY",188,"Île-du-Prince-Édouard","Prince Edward Island"
22493,"O'LEARY","O'LEARY",188,"Île-du-Prince-Édouard","Prince Edward Island"
22494,"ORWELL BAY","ORWELL BAY",188,"Île-du-Prince-Édouard","Prince Edward Island"
22495,"OYSTER BED BRIDGE","OYSTER BED BRIDGE",188,"Île-du-Prince-Édouard","Prince Edward Island"
22496,"PALMER ROAD","PALMER ROAD",188,"Île-du-Prince-Édouard","Prince Edward Island"
22497,"PANMURE ISLAND","PANMURE ISLAND",188,"Île-du-Prince-Édouard","Prince Edward Island"
22498,"PARK CORNER","PARK CORNER",188,"Île-du-Prince-Édouard","Prince Edward Island"
22499,"PARKDALE","PARKDALE",188,"Île-du-Prince-Édouard","Prince Edward Island"
22500,"PERCIVAL RIVER","PERCIVAL RIVER",188,"Île-du-Prince-Édouard","Prince Edward Island"
22501,"PETERS ROAD","PETERS ROAD",188,"Île-du-Prince-Édouard","Prince Edward Island"
22502,"PETERVILLE","PETERVILLE",188,"Île-du-Prince-Édouard","Prince Edward Island"
22503,"PHEE SHORE","PHEE SHORE",188,"Île-du-Prince-Édouard","Prince Edward Island"
22504,"PINETTE","PINETTE",188,"Île-du-Prince-Édouard","Prince Edward Island"
22505,"PIUSVILLE","PIUSVILLE",188,"Île-du-Prince-Édouard","Prince Edward Island"
22506,"PLEASANT GROVE","PLEASANT GROVE",188,"Île-du-Prince-Édouard","Prince Edward Island"
22507,"PLEASANT VIEW","PLEASANT VIEW",188,"Île-du-Prince-Édouard","Prince Edward Island"
22508,"POINT PLEASANT","POINT PLEASANT",188,"Île-du-Prince-Édouard","Prince Edward Island"
22509,"POINT PRIM","POINT PRIM",188,"Île-du-Prince-Édouard","Prince Edward Island"
22510,"POPLAR GROVE","POPLAR GROVE",188,"Île-du-Prince-Édouard","Prince Edward Island"
22511,"PORT HILL","PORT HILL",188,"Île-du-Prince-Édouard","Prince Edward Island"
22513,"PORTAGE","PORTAGE",188,"Île-du-Prince-Édouard","Prince Edward Island"
22514,"POWNAL BAY","POWNAL BAY",188,"Île-du-Prince-Édouard","Prince Edward Island"
22515,"PRIEST POND","PRIEST POND",188,"Île-du-Prince-Édouard","Prince Edward Island"
22516,"RED HEAD","RED HEAD",188,"Île-du-Prince-Édouard","Prince Edward Island"
22517,"RED POINT","RED POINT",188,"Île-du-Prince-Édouard","Prince Edward Island"
22518,"RICE POINT","RICE POINT",188,"Île-du-Prince-Édouard","Prince Edward Island"
22519,"RICHMOND","RICHMOND",188,"Île-du-Prince-Édouard","Prince Edward Island"
22520,"ROCKBARRA","ROCKBARRA",188,"Île-du-Prince-Édouard","Prince Edward Island"
22521,"ROCKY POINT","ROCKY POINT",188,"Île-du-Prince-Édouard","Prince Edward Island"
22522,"ROLLO BAY","ROLLO BAY",188,"Île-du-Prince-Édouard","Prince Edward Island"
22523,"ROSEVILLE","ROSEVILLE",188,"Île-du-Prince-Édouard","Prince Edward Island"
22524,"ROWNAL","ROWNAL",188,"Île-du-Prince-Édouard","Prince Edward Island"
22525,"ROXBURY","ROXBURY",188,"Île-du-Prince-Édouard","Prince Edward Island"
22527,"RUSTICO BAY","RUSTICO BAY",188,"Île-du-Prince-Édouard","Prince Edward Island"
22528,"RUSTICOVILLE","RUSTICOVILLE",188,"Île-du-Prince-Édouard","Prince Edward Island"
22529,"SAVAGE HARBOUR","SAVAGE HARBOUR",188,"Île-du-Prince-Édouard","Prince Edward Island"
22530,"SEACOW POND","SEACOW POND",188,"Île-du-Prince-Édouard","Prince Edward Island"
22531,"SEAVIEW (PRINCE)","SEAVIEW (PRINCE)",188,"Île-du-Prince-Édouard","Prince Edward Island"
22532,"SEAVIEW (QUEENS)","SEAVIEW (QUEENS)",188,"Île-du-Prince-Édouard","Prince Edward Island"
22533,"SHERWOOD","SHERWOOD",188,"Île-du-Prince-Édouard","Prince Edward Island"
22534,"SKINNER'S POND","SKINNER'S POND",188,"Île-du-Prince-Édouard","Prince Edward Island"
22535,"SOURIS","SOURIS",188,"Île-du-Prince-Édouard","Prince Edward Island"
22536,"SOURIS EAST","SOURIS EAST",188,"Île-du-Prince-Édouard","Prince Edward Island"
22537,"SOURIS LINE ROAD","SOURIS LINE ROAD",188,"Île-du-Prince-Édouard","Prince Edward Island"
22538,"SOURIS RIVER","SOURIS RIVER",188,"Île-du-Prince-Édouard","Prince Edward Island"
22539,"SOURIS WEST","SOURIS WEST",188,"Île-du-Prince-Édouard","Prince Edward Island"
22540,"SOUTH LAKE","SOUTH LAKE",188,"Île-du-Prince-Édouard","Prince Edward Island"
22541,"SOUTH PINETTE","SOUTH PINETTE",188,"Île-du-Prince-Édouard","Prince Edward Island"
22542,"SOUTH RUSTICO","SOUTH RUSTICO",188,"Île-du-Prince-Édouard","Prince Edward Island"
22543,"SOUTHPORT","SOUTHPORT",188,"Île-du-Prince-Édouard","Prince Edward Island"
22544,"SPRING BROOK","SPRING BROOK",188,"Île-du-Prince-Édouard","Prince Edward Island"
22545,"SPRING VALLEY","SPRING VALLEY",188,"Île-du-Prince-Édouard","Prince Edward Island"
22546,"SPRINGFIELD WEST","SPRINGFIELD WEST",188,"Île-du-Prince-Édouard","Prince Edward Island"
22547,"ST. ANDREWS","ST. ANDREWS",188,"Île-du-Prince-Édouard","Prince Edward Island"
22548,"ST. CATHERINES","ST. CATHERINES",188,"Île-du-Prince-Édouard","Prince Edward Island"
22549,"ST. CHARLES","ST. CHARLES",188,"Île-du-Prince-Édouard","Prince Edward Island"
22550,"ST. CHRYSOSTOME","ST. CHRYSOSTOME",188,"Île-du-Prince-Édouard","Prince Edward Island"
22551,"ST. EDWARDS","ST. EDWARDS",188,"Île-du-Prince-Édouard","Prince Edward Island"
22552,"ST. ELEANORS","ST. ELEANORS",188,"Île-du-Prince-Édouard","Prince Edward Island"
22553,"ST. FELIX","ST. FELIX",188,"Île-du-Prince-Édouard","Prince Edward Island"
22554,"ST. GEORGES","ST. GEORGES",188,"Île-du-Prince-Édouard","Prince Edward Island"
22555,"ST. LOUIS","ST. LOUIS",188,"Île-du-Prince-Édouard","Prince Edward Island"
22556,"ST. MARGARETS","ST. MARGARETS",188,"Île-du-Prince-Édouard","Prince Edward Island"
22557,"ST. MARY'S BAY","ST. MARY'S BAY",188,"Île-du-Prince-Édouard","Prince Edward Island"
22558,"ST. MARY'S ROAD","ST. MARY'S ROAD",188,"Île-du-Prince-Édouard","Prince Edward Island"
22559,"ST. NICHOLAS","ST. NICHOLAS",188,"Île-du-Prince-Édouard","Prince Edward Island"
22560,"ST. PETERS","ST. PETERS",188,"Île-du-Prince-Édouard","Prince Edward Island"
22561,"ST. PETERS BAY","ST. PETERS BAY",188,"Île-du-Prince-Édouard","Prince Edward Island"
22562,"ST. PETERS HARBOUR","ST. PETERS HARBOUR",188,"Île-du-Prince-Édouard","Prince Edward Island"
22563,"ST. PETERS LAKE","ST. PETERS LAKE",188,"Île-du-Prince-Édouard","Prince Edward Island"
22564,"ST. RAPHAEL","ST. RAPHAEL",188,"Île-du-Prince-Édouard","Prince Edward Island"
22565,"STANHOPE","STANHOPE",188,"Île-du-Prince-Édouard","Prince Edward Island"
22566,"STANLEY BRIDGE","STANLEY BRIDGE",188,"Île-du-Prince-Édouard","Prince Edward Island"
22567,"STAVERTS SHORE","STAVERTS SHORE",188,"Île-du-Prince-Édouard","Prince Edward Island"
22568,"STURGEON","STURGEON",188,"Île-du-Prince-Édouard","Prince Edward Island"
22569,"STURGEON BRIDGE","STURGEON BRIDGE",188,"Île-du-Prince-Édouard","Prince Edward Island"
22570,"SUMMERSIDE","SUMMERSIDE",188,"Île-du-Prince-Édouard","Prince Edward Island"
22571,"TEN MILE HOUSE","TEN MILE HOUSE",188,"Île-du-Prince-Édouard","Prince Edward Island"
22572,"THE NARROWS","THE NARROWS",188,"Île-du-Prince-Édouard","Prince Edward Island"
22573,"TIGNISH","TIGNISH",188,"Île-du-Prince-Édouard","Prince Edward Island"
22574,"TIGNISH HARBOUR NORTH","TIGNISH HARBOUR NORTH",188,"Île-du-Prince-Édouard","Prince Edward Island"
22575,"TIGNISH RIVER","TIGNISH RIVER",188,"Île-du-Prince-Édouard","Prince Edward Island"
22576,"TIGNISH RUN","TIGNISH RUN",188,"Île-du-Prince-Édouard","Prince Edward Island"
22577,"TIGNISH SHORE","TIGNISH SHORE",188,"Île-du-Prince-Édouard","Prince Edward Island"
22578,"TRACADIE","TRACADIE",188,"Île-du-Prince-Édouard","Prince Edward Island"
22579,"TRAVELLER'S REST","TRAVELLER'S REST",188,"Île-du-Prince-Édouard","Prince Edward Island"
22580,"TROUT RIVER","TROUT RIVER",188,"Île-du-Prince-Édouard","Prince Edward Island"
22581,"TRYON","TRYON",188,"Île-du-Prince-Édouard","Prince Edward Island"
22582,"TYNE VALLEY","TYNE VALLEY",188,"Île-du-Prince-Édouard","Prince Edward Island"
22583,"VERNON","VERNON",188,"Île-du-Prince-Édouard","Prince Edward Island"
22584,"VERNON BRIDGE","VERNON BRIDGE",188,"Île-du-Prince-Édouard","Prince Edward Island"
22585,"VERNON RIVER","VERNON RIVER",188,"Île-du-Prince-Édouard","Prince Edward Island"
22586,"VICTORIA","VICTORIA",188,"Île-du-Prince-Édouard","Prince Edward Island"
22587,"VICTORIA WEST","VICTORIA WEST",188,"Île-du-Prince-Édouard","Prince Edward Island"
22588,"WATERFORD","WATERFORD",188,"Île-du-Prince-Édouard","Prince Edward Island"
22589,"WELLINGTON","WELLINGTON",188,"Île-du-Prince-Édouard","Prince Edward Island"
22592,"WEST DEVON","WEST DEVON",188,"Île-du-Prince-Édouard","Prince Edward Island"
22593,"WEST POINT","WEST POINT",188,"Île-du-Prince-Édouard","Prince Edward Island"
22594,"WEST RIVER","WEST RIVER",188,"Île-du-Prince-Édouard","Prince Edward Island"
22595,"WEST ST. PETERS","WEST ST. PETERS",188,"Île-du-Prince-Édouard","Prince Edward Island"
22596,"WHIM ROAD","WHIM ROAD",188,"Île-du-Prince-Édouard","Prince Edward Island"
22597,"WHITE SANDS","WHITE SANDS",188,"Île-du-Prince-Édouard","Prince Edward Island"
22598,"WHITES COVE","WHITES COVE",188,"Île-du-Prince-Édouard","Prince Edward Island"
22599,"WILMOT","WILMOT",188,"Île-du-Prince-Édouard","Prince Edward Island"
22600,"WILMOT RIVER","WILMOT RIVER",188,"Île-du-Prince-Édouard","Prince Edward Island"
22601,"WILMOT VALLEY","WILMOT VALLEY",188,"Île-du-Prince-Édouard","Prince Edward Island"
22602,"WINSLOE","WINSLOE",188,"Île-du-Prince-Édouard","Prince Edward Island"
22603,"WOOD ISLAND","WOOD ISLAND",188,"Île-du-Prince-Édouard","Prince Edward Island"
22604,"WOODSTOCK","WOODSTOCK",188,"Île-du-Prince-Édouard","Prince Edward Island"
22605,"YORK","YORK",188,"Île-du-Prince-Édouard","Prince Edward Island"
22606,"L'ANSE-A-GILLES","L'ANSE-A-GILLES",190,"Québec","Quebec"
22609,"SAINT-ROCH-DES-AULNAIES","SAINT-ROCH-DES-AULNAIES",190,"Québec","Quebec"
22613,"CAP-SAINT-IGNACE","CAP-SAINT-IGNACE",190,"Québec","Quebec"
22614,"SAINTE-ANNE-DE-LA-POCATIERE","SAINTE-ANNE-DE-LA-POCATIERE",190,"Québec","Quebec"
22615,"RIVIERE-OUELLE","RIVIERE-OUELLE",190,"Québec","Quebec"
22616,"SAINT-DENIS-DE-LA-BOUTEILLERIE","SAINT-DENIS-DE-LA-BOUTEILLERIE",190,"Québec","Quebec"
22617,"KAMOURASKA","KAMOURASKA",190,"Québec","Quebec"
22618,"SAINT-ANDRE-DE-KAMOURASKA","SAINT-ANDRE-DE-KAMOURASKA",190,"Québec","Quebec"
22619,"LA POCATIERE","LA POCATIERE",190,"Québec","Quebec"
22620,"SAINT-PACOME","SAINT-PACOME",190,"Québec","Quebec"
22621,"SAINT-PASCAL","SAINT-PASCAL",190,"Québec","Quebec"
22625,"SAINT-GERMAIN (KAMOURASKA)","SAINT-GERMAIN (KAMOURASKA)",190,"Québec","Quebec"
22634,"NOTRE-DAME-DU-PORTAGE","NOTRE-DAME-DU-PORTAGE",190,"Québec","Quebec"
22635,"RIVIERE-DU-LOUP","RIVIERE-DU-LOUP",190,"Québec","Quebec"
22636,"POINTE-DE-RIVIERE-DU-LOUP","POINTE-DE-RIVIERE-DU-LOUP",190,"Québec","Quebec"
22637,"CACOUNA","CACOUNA",190,"Québec","Quebec"
22638,"L'ISLE-VERTE (VILLAGE)","L'ISLE-VERTE (VILLAGE)",190,"Québec","Quebec"
22639,"ISLE-VERTE (ILE)","ISLE-VERTE (ILE)",190,"Québec","Quebec"
22640,"RIVIERE-TROIS-PISTOLES","RIVIERE-TROIS-PISTOLES",190,"Québec","Quebec"
22641,"TROIS-PISTOLES","TROIS-PISTOLES",190,"Québec","Quebec"
22642,"SAINT-PATRICE (KAMOURASKA)","SAINT-PATRICE (KAMOURASKA)",190,"Québec","Quebec"
22644,"SAINT-FABIEN (RIMOUSKI)","SAINT-FABIEN (RIMOUSKI)",190,"Québec","Quebec"
22645,"CAP-A-L'ORIGNAL","CAP-A-L'ORIGNAL",190,"Québec","Quebec"
22646,"BIC","BIC",190,"Québec","Quebec"
22648,"RIMOUSKI","RIMOUSKI",190,"Québec","Quebec"
22649,"RIMOUSKI-EST","RIMOUSKI-EST",190,"Québec","Quebec"
22650,"POINTE-AU-PERE","POINTE-AU-PERE",190,"Québec","Quebec"
22651,"SAINTE-LUCE","SAINTE-LUCE",190,"Québec","Quebec"
22653,"SAINT-ANACLET","SAINT-ANACLET",190,"Québec","Quebec"
22655,"SAINT-ARSENE (RIVIERE-DU-LOUP)","SAINT-ARSENE (RIVIERE-DU-LOUP)",190,"Québec","Quebec"
22665,"SAINTE-FLAVIE","SAINTE-FLAVIE",190,"Québec","Quebec"
22666,"GRAND-METIS","GRAND-METIS",190,"Québec","Quebec"
22667,"PETIT-METIS","PETIT-METIS",190,"Québec","Quebec"
22668,"METIS-BEACH","METIS-BEACH",190,"Québec","Quebec"
22669,"LES BOULES","LES BOULES",190,"Québec","Quebec"
22670,"BAIE-DES-SABLES","BAIE-DES-SABLES",190,"Québec","Quebec"
22671,"SAINT-ULRIC","SAINT-ULRIC",190,"Québec","Quebec"
22672,"MATANE","MATANE",190,"Québec","Quebec"
22673,"PONCHEVILLE","PONCHEVILLE",190,"Québec","Quebec"
22674,"PETITE-MATANE","PETITE-MATANE",190,"Québec","Quebec"
22675,"SAINTE-FELICITE (ANSE)","SAINTE-FELICITE (ANSE)",190,"Québec","Quebec"
22679,"GROSSES-ROCHES","GROSSES-ROCHES",190,"Québec","Quebec"
22682,"ILETS-DES-MECHINS","ILETS-DES-MECHINS",190,"Québec","Quebec"
22683,"ANSE DES MECHINS (LES MECHINS)","ANSE DES MECHINS (LES MECHINS)",190,"Québec","Quebec"
22684,"CAPUCINS","CAPUCINS",190,"Québec","Quebec"
22685,"PETITS-CAPUCINS","PETITS-CAPUCINS",190,"Québec","Quebec"
22688,"PETITS-MECHINS","PETITS-MECHINS",190,"Québec","Quebec"
22695,"SAMSONVILLE","SAMSONVILLE",180,"Nouvelle-Écosse","Nova Scotia"
22696,"SAND BEACH","SAND BEACH",180,"Nouvelle-Écosse","Nova Scotia"
22697,"SAND COVE","SAND COVE",180,"Nouvelle-Écosse","Nova Scotia"
22698,"SAND POINT (COLCHESTER-10)","SAND POINT (COLCHESTER-10)",180,"Nouvelle-Écosse","Nova Scotia"
22699,"SAND POINT (COLCHESTER-43)","SAND POINT (COLCHESTER-43)",180,"Nouvelle-Écosse","Nova Scotia"
22700,"SAND POINT (GUYSBOROUGH)","SAND POINT (GUYSBOROUGH)",180,"Nouvelle-Écosse","Nova Scotia"
22701,"SAND POINT (PICTOU)","SAND POINT (PICTOU)",180,"Nouvelle-Écosse","Nova Scotia"
22702,"SAND RIVER","SAND RIVER",180,"Nouvelle-Écosse","Nova Scotia"
22703,"SANDFORD","SANDFORD",180,"Nouvelle-Écosse","Nova Scotia"
22704,"SANDY COVE (DIGBY)","SANDY COVE (DIGBY)",180,"Nouvelle-Écosse","Nova Scotia"
22705,"SANDY COVE (QUEENS)","SANDY COVE (QUEENS)",180,"Nouvelle-Écosse","Nova Scotia"
22706,"SANDY POINT (SHELDURNE)","SANDY POINT (SHELDURNE)",180,"Nouvelle-Écosse","Nova Scotia"
22708,"SAULNIERVILLE","SAULNIERVILLE",180,"Nouvelle-Écosse","Nova Scotia"
22709,"SCATARI ISLAND","SCATARI ISLAND",180,"Nouvelle-Écosse","Nova Scotia"
22710,"SCHOOL BAY","SCHOOL BAY",180,"Nouvelle-Écosse","Nova Scotia"
22711,"SCHOONER POND","SCHOONER POND",180,"Nouvelle-Écosse","Nova Scotia"
22712,"SCOTSBURN","SCOTSBURN",180,"Nouvelle-Écosse","Nova Scotia"
22713,"SCOTSVILLE","SCOTSVILLE",180,"Nouvelle-Écosse","Nova Scotia"
22714,"SCOTT BAY","SCOTT BAY",180,"Nouvelle-Écosse","Nova Scotia"
22715,"SCOTTS COVE","SCOTTS COVE",180,"Nouvelle-Écosse","Nova Scotia"
22716,"SEA WALL","SEA WALL",180,"Nouvelle-Écosse","Nova Scotia"
22717,"SEABRIGHT","SEABRIGHT",180,"Nouvelle-Écosse","Nova Scotia"
22718,"SEABROOK","SEABROOK",180,"Nouvelle-Écosse","Nova Scotia"
22719,"SEAFORTH","SEAFORTH",180,"Nouvelle-Écosse","Nova Scotia"
22720,"SEAL COVE","SEAL COVE",180,"Nouvelle-Écosse","Nova Scotia"
22721,"SEAL HARBOUR","SEAL HARBOUR",180,"Nouvelle-Écosse","Nova Scotia"
22722,"SEAL ISLAND (SHELBURNE)","SEAL ISLAND (SHELBURNE)",180,"Nouvelle-Écosse","Nova Scotia"
22723,"SEAL ISLAND (VICTORIA)","SEAL ISLAND (VICTORIA)",180,"Nouvelle-Écosse","Nova Scotia"
22724,"SEAL POINT","SEAL POINT",180,"Nouvelle-Écosse","Nova Scotia"
22725,"SEASBROOK","SEASBROOK",180,"Nouvelle-Écosse","Nova Scotia"
22726,"SECOND PENINSULA","SECOND PENINSULA",180,"Nouvelle-Écosse","Nova Scotia"
22727,"SEFFERNVILLE","SEFFERNVILLE",180,"Nouvelle-Écosse","Nova Scotia"
22728,"SHAD BAY","SHAD BAY",180,"Nouvelle-Écosse","Nova Scotia"
22729,"SHAG HARBOUR","SHAG HARBOUR",180,"Nouvelle-Écosse","Nova Scotia"
22730,"SHEEP ISLAND","SHEEP ISLAND",180,"Nouvelle-Écosse","Nova Scotia"
22731,"SHEET HARBOUR","SHEET HARBOUR",180,"Nouvelle-Écosse","Nova Scotia"
22732,"SHEET HARBOUR PASSAGE","SHEET HARBOUR PASSAGE",180,"Nouvelle-Écosse","Nova Scotia"
22733,"SHELBURNE","SHELBURNE",180,"Nouvelle-Écosse","Nova Scotia"
22734,"SHENACADIE POND","SHENACADIE POND",180,"Nouvelle-Écosse","Nova Scotia"
22735,"SHERBROOKE","SHERBROOKE",180,"Nouvelle-Écosse","Nova Scotia"
22736,"SHEROSE ISLAND","SHEROSE ISLAND",180,"Nouvelle-Écosse","Nova Scotia"
22737,"SHINIMICAS RIVER","SHINIMICAS RIVER",180,"Nouvelle-Écosse","Nova Scotia"
22738,"SHIP HARBOUR","SHIP HARBOUR",180,"Nouvelle-Écosse","Nova Scotia"
22739,"SHOAL COVE","SHOAL COVE",180,"Nouvelle-Écosse","Nova Scotia"
22740,"SHORT BEACH","SHORT BEACH",180,"Nouvelle-Écosse","Nova Scotia"
22741,"SHUBENACADIE","SHUBENACADIE",180,"Nouvelle-Écosse","Nova Scotia"
22742,"SHUBENACADIE EAST","SHUBENACADIE EAST",180,"Nouvelle-Écosse","Nova Scotia"
22743,"SHULIE","SHULIE",180,"Nouvelle-Écosse","Nova Scotia"
22744,"SIGHT POINT","SIGHT POINT",180,"Nouvelle-Écosse","Nova Scotia"
22745,"SINCLAIR ISLAND","SINCLAIR ISLAND",180,"Nouvelle-Écosse","Nova Scotia"
22746,"SKINNER'S COVE","SKINNER'S COVE",180,"Nouvelle-Écosse","Nova Scotia"
22747,"SKIR DHU","SKIR DHU",180,"Nouvelle-Écosse","Nova Scotia"
22748,"SLUICE POINT","SLUICE POINT",180,"Nouvelle-Écosse","Nova Scotia"
22749,"SMELT BROOK","SMELT BROOK",180,"Nouvelle-Écosse","Nova Scotia"
22750,"SMITH COVE (DIGBY)","SMITH COVE (DIGBY)",180,"Nouvelle-Écosse","Nova Scotia"
22751,"SMITH COVE (HALIFAX)","SMITH COVE (HALIFAX)",180,"Nouvelle-Écosse","Nova Scotia"
22752,"SMITHVILLE","SMITHVILLE",180,"Nouvelle-Écosse","Nova Scotia"
22753,"SMOKY CAPE","SMOKY CAPE",180,"Nouvelle-Écosse","Nova Scotia"
22754,"SOBER ISLAND","SOBER ISLAND",180,"Nouvelle-Écosse","Nova Scotia"
22755,"SOLDIER'S COVE","SOLDIER'S COVE",180,"Nouvelle-Écosse","Nova Scotia"
22756,"SOMERSET","SOMERSET",180,"Nouvelle-Écosse","Nova Scotia"
22757,"SONORA","SONORA",180,"Nouvelle-Écosse","Nova Scotia"
22758,"SOUTH BAR","SOUTH BAR",180,"Nouvelle-Écosse","Nova Scotia"
22759,"SOUTH BROOKFIELD","SOUTH BROOKFIELD",180,"Nouvelle-Écosse","Nova Scotia"
22760,"SOUTH CHEGGOGIN","SOUTH CHEGGOGIN",180,"Nouvelle-Écosse","Nova Scotia"
22761,"SOUTH COVE","SOUTH COVE",180,"Nouvelle-Écosse","Nova Scotia"
22762,"SOUTH EAST PASSAGE","SOUTH EAST PASSAGE",180,"Nouvelle-Écosse","Nova Scotia"
22763,"SOUTH HARBOUR","SOUTH HARBOUR",180,"Nouvelle-Écosse","Nova Scotia"
22764,"SOUTH HAVEN","SOUTH HAVEN",180,"Nouvelle-Écosse","Nova Scotia"
22765,"SOUTH INGONISH","SOUTH INGONISH",180,"Nouvelle-Écosse","Nova Scotia"
22766,"SOUTH OHIO","SOUTH OHIO",180,"Nouvelle-Écosse","Nova Scotia"
22767,"SOUTH RANGE","SOUTH RANGE",180,"Nouvelle-Écosse","Nova Scotia"
22768,"SOUTH RIVER","SOUTH RIVER",180,"Nouvelle-Écosse","Nova Scotia"
22769,"SOUTH SIDE","SOUTH SIDE",180,"Nouvelle-Écosse","Nova Scotia"
22770,"SOUTH WEST COVE","SOUTH WEST COVE",180,"Nouvelle-Écosse","Nova Scotia"
22771,"SOUTH WEST MARGAREE","SOUTH WEST MARGAREE",180,"Nouvelle-Écosse","Nova Scotia"
22772,"SOUTH WEST PORT MOUTON","SOUTH WEST PORT MOUTON",180,"Nouvelle-Écosse","Nova Scotia"
22773,"SOUTHHAMPTON","SOUTHHAMPTON",180,"Nouvelle-Écosse","Nova Scotia"
22774,"SOUTHSIDE HARBOUR","SOUTHSIDE HARBOUR",180,"Nouvelle-Écosse","Nova Scotia"
22775,"SOUTHWEST COVE","SOUTHWEST COVE",180,"Nouvelle-Écosse","Nova Scotia"
22776,"SPANISH SHIP BAY","SPANISH SHIP BAY",180,"Nouvelle-Écosse","Nova Scotia"
22777,"SPECTACLE ISLAND","SPECTACLE ISLAND",180,"Nouvelle-Écosse","Nova Scotia"
22778,"SPENCER'S ISLAND","SPENCER'S ISLAND",180,"Nouvelle-Écosse","Nova Scotia"
22779,"SPENCER'S POINT","SPENCER'S POINT",180,"Nouvelle-Écosse","Nova Scotia"
22780,"SPRINGFIELD","SPRINGFIELD",180,"Nouvelle-Écosse","Nova Scotia"
22781,"SPRINGHILL","SPRINGHILL",180,"Nouvelle-Écosse","Nova Scotia"
22782,"SPRY BAY","SPRY BAY",180,"Nouvelle-Écosse","Nova Scotia"
22783,"SPRY HARBOUR","SPRY HARBOUR",180,"Nouvelle-Écosse","Nova Scotia"
22784,"SPRYFIELD","SPRYFIELD",180,"Nouvelle-Écosse","Nova Scotia"
22785,"SQUID COVE","SQUID COVE",180,"Nouvelle-Écosse","Nova Scotia"
22786,"ST BENONI","ST BENONI",180,"Nouvelle-Écosse","Nova Scotia"
22787,"ST FRANCES","ST FRANCES",180,"Nouvelle-Écosse","Nova Scotia"
22788,"ST FRANCIS HARBOUR","ST FRANCIS HARBOUR",180,"Nouvelle-Écosse","Nova Scotia"
22789,"ST MARY'S","ST MARY'S",180,"Nouvelle-Écosse","Nova Scotia"
22790,"ST. ALPHONSE","ST. ALPHONSE",180,"Nouvelle-Écosse","Nova Scotia"
22791,"ST. ANDREW'S CHANNEL","ST. ANDREW'S CHANNEL",180,"Nouvelle-Écosse","Nova Scotia"
22792,"ST. ANN'S","ST. ANN'S",180,"Nouvelle-Écosse","Nova Scotia"
22793,"ST. ANN'S BAY","ST. ANN'S BAY",180,"Nouvelle-Écosse","Nova Scotia"
22794,"ST. BERNARD","ST. BERNARD",180,"Nouvelle-Écosse","Nova Scotia"
22795,"ST. CATHERINE'S RIVER","ST. CATHERINE'S RIVER",180,"Nouvelle-Écosse","Nova Scotia"
22796,"ST. CROIX COVE","ST. CROIX COVE",180,"Nouvelle-Écosse","Nova Scotia"
22797,"ST. CROIX RIVER","ST. CROIX RIVER",180,"Nouvelle-Écosse","Nova Scotia"
22798,"ST. ESPRIT","ST. ESPRIT",180,"Nouvelle-Écosse","Nova Scotia"
22799,"ST. GEORGE'S CHANNEL","ST. GEORGE'S CHANNEL",180,"Nouvelle-Écosse","Nova Scotia"
22800,"ST. JOSEPH DU MOINE","ST. JOSEPH DU MOINE",180,"Nouvelle-Écosse","Nova Scotia"
22801,"ST. MARGARET'S BAY","ST. MARGARET'S BAY",180,"Nouvelle-Écosse","Nova Scotia"
22802,"ST. MARGARET'S VILLAGE","ST. MARGARET'S VILLAGE",180,"Nouvelle-Écosse","Nova Scotia"
22803,"ST. MARTIN","ST. MARTIN",180,"Nouvelle-Écosse","Nova Scotia"
22804,"ST. MARYS BAY (DIGBY)","ST. MARYS BAY (DIGBY)",180,"Nouvelle-Écosse","Nova Scotia"
22805,"ST. MARY'S BAY (GUYSBOROUGH)","ST. MARY'S BAY (GUYSBOROUGH)",180,"Nouvelle-Écosse","Nova Scotia"
22806,"ST. MARYS RIVER","ST. MARYS RIVER",180,"Nouvelle-Écosse","Nova Scotia"
22807,"ST. PETERS","ST. PETERS",180,"Nouvelle-Écosse","Nova Scotia"
22808,"ST. ROSE","ST. ROSE",180,"Nouvelle-Écosse","Nova Scotia"
22809,"STE. ANNE DE RUISSEAU","STE. ANNE DE RUISSEAU",180,"Nouvelle-Écosse","Nova Scotia"
22810,"STEEP CREEK","STEEP CREEK",180,"Nouvelle-Écosse","Nova Scotia"
22811,"STELLARTON","STELLARTON",180,"Nouvelle-Écosse","Nova Scotia"
22812,"STEVES COVE","STEVES COVE",180,"Nouvelle-Écosse","Nova Scotia"
22813,"STEWIACKE","STEWIACKE",180,"Nouvelle-Écosse","Nova Scotia"
22814,"STILLWATER","STILLWATER",180,"Nouvelle-Écosse","Nova Scotia"
22815,"STILLWATER LAKE","STILLWATER LAKE",180,"Nouvelle-Écosse","Nova Scotia"
22816,"STONEHURST","STONEHURST",180,"Nouvelle-Écosse","Nova Scotia"
22817,"STONEHURST EAST","STONEHURST EAST",180,"Nouvelle-Écosse","Nova Scotia"
22818,"STONEY ISLAND","STONEY ISLAND",180,"Nouvelle-Écosse","Nova Scotia"
22819,"STONEY POINT","STONEY POINT",180,"Nouvelle-Écosse","Nova Scotia"
22820,"STORMONT","STORMONT",180,"Nouvelle-Écosse","Nova Scotia"
22821,"SUGAR LOAF","SUGAR LOAF",180,"Nouvelle-Écosse","Nova Scotia"
22822,"SUMMERSIDE","SUMMERSIDE",180,"Nouvelle-Écosse","Nova Scotia"
22823,"SUMMERVILLE (HANTS)","SUMMERVILLE (HANTS)",180,"Nouvelle-Écosse","Nova Scotia"
22824,"SUMMERVILLE (QUEENS)","SUMMERVILLE (QUEENS)",180,"Nouvelle-Écosse","Nova Scotia"
22825,"SUNNY BRAE","SUNNY BRAE",180,"Nouvelle-Écosse","Nova Scotia"
22826,"SURETTE'S ISLAND","SURETTE'S ISLAND",180,"Nouvelle-Écosse","Nova Scotia"
22827,"SUTTYS BROOK","SUTTYS BROOK",180,"Nouvelle-Écosse","Nova Scotia"
22828,"SWANSBURG","SWANSBURG",180,"Nouvelle-Écosse","Nova Scotia"
22829,"SWIM POINT","SWIM POINT",180,"Nouvelle-Écosse","Nova Scotia"
22830,"SWORDFISH","SWORDFISH",180,"Nouvelle-Écosse","Nova Scotia"
22831,"SYDNEY","SYDNEY",180,"Nouvelle-Écosse","Nova Scotia"
22832,"SYDNEY FORKS","SYDNEY FORKS",180,"Nouvelle-Écosse","Nova Scotia"
22833,"SYDNEY HARBOUR","SYDNEY HARBOUR",180,"Nouvelle-Écosse","Nova Scotia"
22834,"SYDNEY MINES","SYDNEY MINES",180,"Nouvelle-Écosse","Nova Scotia"
22835,"SYDNEY RIVER","SYDNEY RIVER",180,"Nouvelle-Écosse","Nova Scotia"
22836,"SYLVESTER","SYLVESTER",180,"Nouvelle-Écosse","Nova Scotia"
22837,"T R BROOK","T R BROOK",180,"Nouvelle-Écosse","Nova Scotia"
22838,"TANGIER","TANGIER",180,"Nouvelle-Écosse","Nova Scotia"
22839,"TANNERS SETTLEMENT","TANNERS SETTLEMENT",180,"Nouvelle-Écosse","Nova Scotia"
22840,"TANTALLON","TANTALLON",180,"Nouvelle-Écosse","Nova Scotia"
22841,"TARBOT","TARBOT",180,"Nouvelle-Écosse","Nova Scotia"
22842,"TATAMAGOUCHE","TATAMAGOUCHE",180,"Nouvelle-Écosse","Nova Scotia"
22843,"TAYLOR'S BAY","TAYLOR'S BAY",180,"Nouvelle-Écosse","Nova Scotia"
22844,"TAYLOR'S HEAD","TAYLOR'S HEAD",180,"Nouvelle-Écosse","Nova Scotia"
22845,"TERENCE BAY","TERENCE BAY",180,"Nouvelle-Écosse","Nova Scotia"
22846,"TERRE NOIRE","TERRE NOIRE",180,"Nouvelle-Écosse","Nova Scotia"
22847,"THE HAWK","THE HAWK",180,"Nouvelle-Écosse","Nova Scotia"
22848,"THE LODGE","THE LODGE",180,"Nouvelle-Écosse","Nova Scotia"
22849,"THE POINTS","THE POINTS",180,"Nouvelle-Écosse","Nova Scotia"
22850,"THOMASVILLE","THOMASVILLE",180,"Nouvelle-Écosse","Nova Scotia"
22851,"THORBURN","THORBURN",180,"Nouvelle-Écosse","Nova Scotia"
22852,"THORNE COVE","THORNE COVE",180,"Nouvelle-Écosse","Nova Scotia"
22853,"THREE BROOKS","THREE BROOKS",180,"Nouvelle-Écosse","Nova Scotia"
22854,"THREE FATHOM HARBOUR","THREE FATHOM HARBOUR",180,"Nouvelle-Écosse","Nova Scotia"
22855,"THREE ISLAND COVE","THREE ISLAND COVE",180,"Nouvelle-Écosse","Nova Scotia"
22856,"THREE ISLANDS","THREE ISLANDS",180,"Nouvelle-Écosse","Nova Scotia"
22857,"TIDDVILLE","TIDDVILLE",180,"Nouvelle-Écosse","Nova Scotia"
22858,"TIDNISH","TIDNISH",180,"Nouvelle-Écosse","Nova Scotia"
22859,"TIDNISH BRIDGE","TIDNISH BRIDGE",180,"Nouvelle-Écosse","Nova Scotia"
22860,"TIMBERLEA","TIMBERLEA",180,"Nouvelle-Écosse","Nova Scotia"
22861,"TIVERTON","TIVERTON",180,"Nouvelle-Écosse","Nova Scotia"
22862,"TONEY RIVER","TONEY RIVER",180,"Nouvelle-Écosse","Nova Scotia"
22863,"TORBAY","TORBAY",180,"Nouvelle-Écosse","Nova Scotia"
22864,"TRACADIE","TRACADIE",180,"Nouvelle-Écosse","Nova Scotia"
22865,"TRENTON","TRENTON",180,"Nouvelle-Écosse","Nova Scotia"
22866,"TROUT COVE","TROUT COVE",180,"Nouvelle-Écosse","Nova Scotia"
22867,"TROY","TROY",180,"Nouvelle-Écosse","Nova Scotia"
22868,"TRURO","TRURO",180,"Nouvelle-Écosse","Nova Scotia"
22869,"TUNA WHARF","TUNA WHARF",180,"Nouvelle-Écosse","Nova Scotia"
22870,"TURPENTINE ISLAND","TURPENTINE ISLAND",180,"Nouvelle-Écosse","Nova Scotia"
22871,"TUSKET","TUSKET",180,"Nouvelle-Écosse","Nova Scotia"
22872,"TUSKET FALLS","TUSKET FALLS",180,"Nouvelle-Écosse","Nova Scotia"
22873,"TUSKET ISLANDS","TUSKET ISLANDS",180,"Nouvelle-Écosse","Nova Scotia"
22874,"TWO ISLANDS","TWO ISLANDS",180,"Nouvelle-Écosse","Nova Scotia"
22875,"TWO RIVERS","TWO RIVERS",180,"Nouvelle-Écosse","Nova Scotia"
22876,"UPPER BLANDFORD","UPPER BLANDFORD",180,"Nouvelle-Écosse","Nova Scotia"
22877,"UPPER BRANCH","UPPER BRANCH",180,"Nouvelle-Écosse","Nova Scotia"
22878,"UPPER CLEMENTS","UPPER CLEMENTS",180,"Nouvelle-Écosse","Nova Scotia"
22879,"UPPER CLYDE","UPPER CLYDE",180,"Nouvelle-Écosse","Nova Scotia"
22880,"UPPER ECONOMY","UPPER ECONOMY",180,"Nouvelle-Écosse","Nova Scotia"
22881,"UPPER GRANVILLE","UPPER GRANVILLE",180,"Nouvelle-Écosse","Nova Scotia"
22882,"UPPER KINGSBURG","UPPER KINGSBURG",180,"Nouvelle-Écosse","Nova Scotia"
22883,"UPPER LAHAVE","UPPER LAHAVE",180,"Nouvelle-Écosse","Nova Scotia"
22884,"UPPER LAWRENCETOWN","UPPER LAWRENCETOWN",180,"Nouvelle-Écosse","Nova Scotia"
22885,"UPPER MARGAREE","UPPER MARGAREE",180,"Nouvelle-Écosse","Nova Scotia"
22886,"UPPER MUSQUODOBOIT","UPPER MUSQUODOBOIT",180,"Nouvelle-Écosse","Nova Scotia"
22887,"UPPER NORTHFIELD","UPPER NORTHFIELD",180,"Nouvelle-Écosse","Nova Scotia"
22888,"UPPER ONSLOW","UPPER ONSLOW",180,"Nouvelle-Écosse","Nova Scotia"
22889,"UPPER PORT LA TOUR","UPPER PORT LA TOUR",180,"Nouvelle-Écosse","Nova Scotia"
22890,"UPPER PROSPECT","UPPER PROSPECT",180,"Nouvelle-Écosse","Nova Scotia"
22891,"UPPER SHAG HARBOUR","UPPER SHAG HARBOUR",180,"Nouvelle-Écosse","Nova Scotia"
22892,"UPPER TANTALLON","UPPER TANTALLON",180,"Nouvelle-Écosse","Nova Scotia"
22893,"UPPER WEDGEPORT","UPPER WEDGEPORT",180,"Nouvelle-Écosse","Nova Scotia"
22894,"UPPER WEST PUBNICO","UPPER WEST PUBNICO",180,"Nouvelle-Écosse","Nova Scotia"
22895,"UPPER WHITEHEAD","UPPER WHITEHEAD",180,"Nouvelle-Écosse","Nova Scotia"
22896,"UPPER WOODS HARBOUR","UPPER WOODS HARBOUR",180,"Nouvelle-Écosse","Nova Scotia"
22897,"URBANIA","URBANIA",180,"Nouvelle-Écosse","Nova Scotia"
22898,"VALLEY MILLS","VALLEY MILLS",180,"Nouvelle-Écosse","Nova Scotia"
22899,"VICTORIA BEACH","VICTORIA BEACH",180,"Nouvelle-Écosse","Nova Scotia"
22900,"VICTORIA HARBOUR","VICTORIA HARBOUR",180,"Nouvelle-Écosse","Nova Scotia"
22901,"VICTORIA MINES","VICTORIA MINES",180,"Nouvelle-Écosse","Nova Scotia"
22902,"VILLAGEDALE","VILLAGEDALE",180,"Nouvelle-Écosse","Nova Scotia"
22903,"VOGLER'S COVE","VOGLER'S COVE",180,"Nouvelle-Écosse","Nova Scotia"
22904,"WADDEN COVE","WADDEN COVE",180,"Nouvelle-Écosse","Nova Scotia"
22905,"WALDEGROVE","WALDEGROVE",180,"Nouvelle-Écosse","Nova Scotia"
22906,"WALLACE","WALLACE",180,"Nouvelle-Écosse","Nova Scotia"
22907,"WALLACE BAY","WALLACE BAY",180,"Nouvelle-Écosse","Nova Scotia"
22908,"WALLACE BRIDGE","WALLACE BRIDGE",180,"Nouvelle-Écosse","Nova Scotia"
22909,"WALLACE RIVER","WALLACE RIVER",180,"Nouvelle-Écosse","Nova Scotia"
22910,"WALLACE STATION","WALLACE STATION",180,"Nouvelle-Écosse","Nova Scotia"
22911,"WALTON","WALTON",180,"Nouvelle-Écosse","Nova Scotia"
22912,"WARD'S BROOK","WARD'S BROOK",180,"Nouvelle-Écosse","Nova Scotia"
22913,"WASHABUCK","WASHABUCK",180,"Nouvelle-Écosse","Nova Scotia"
22914,"WATERFORD","WATERFORD",180,"Nouvelle-Écosse","Nova Scotia"
22915,"WATERSIDE","WATERSIDE",180,"Nouvelle-Écosse","Nova Scotia"
22916,"WATERVILLE","WATERVILLE",180,"Nouvelle-Écosse","Nova Scotia"
22917,"WATT SECTION","WATT SECTION",180,"Nouvelle-Écosse","Nova Scotia"
22918,"WAVERLEY","WAVERLEY",180,"Nouvelle-Écosse","Nova Scotia"
22919,"WEAVER SETTLEMENT","WEAVER SETTLEMENT",180,"Nouvelle-Écosse","Nova Scotia"
22920,"WEDGE POINT","WEDGE POINT",180,"Nouvelle-Écosse","Nova Scotia"
22921,"WEDGEPORT","WEDGEPORT",180,"Nouvelle-Écosse","Nova Scotia"
22922,"WELLINGTON","WELLINGTON",180,"Nouvelle-Écosse","Nova Scotia"
22923,"WENTZELLS LAKE","WENTZELLS LAKE",180,"Nouvelle-Écosse","Nova Scotia"
22924,"WEST ADVOCATE","WEST ADVOCATE",180,"Nouvelle-Écosse","Nova Scotia"
22925,"WEST APPLE RIVER","WEST APPLE RIVER",180,"Nouvelle-Écosse","Nova Scotia"
22926,"WEST ARICHAT","WEST ARICHAT",180,"Nouvelle-Écosse","Nova Scotia"
22927,"WEST ARM TRACADIE","WEST ARM TRACADIE",180,"Nouvelle-Écosse","Nova Scotia"
22928,"WEST BACCARO","WEST BACCARO",180,"Nouvelle-Écosse","Nova Scotia"
22929,"WEST BAY (INVERNESS)","WEST BAY (INVERNESS)",180,"Nouvelle-Écosse","Nova Scotia"
22930,"WEST BAY (RICHMOND)","WEST BAY (RICHMOND)",180,"Nouvelle-Écosse","Nova Scotia"
22931,"WEST BERLIN","WEST BERLIN",180,"Nouvelle-Écosse","Nova Scotia"
22932,"WEST CHEZZETCOOK","WEST CHEZZETCOOK",180,"Nouvelle-Écosse","Nova Scotia"
22933,"WEST COOKS COVE","WEST COOKS COVE",180,"Nouvelle-Écosse","Nova Scotia"
22934,"WEST DOVER","WEST DOVER",180,"Nouvelle-Écosse","Nova Scotia"
22935,"WEST DUBLIN","WEST DUBLIN",180,"Nouvelle-Écosse","Nova Scotia"
22936,"WEST GREEN HARBOUR","WEST GREEN HARBOUR",180,"Nouvelle-Écosse","Nova Scotia"
22937,"WEST HAVRE BOUCHER","WEST HAVRE BOUCHER",180,"Nouvelle-Écosse","Nova Scotia"
22938,"WEST HEAD","WEST HEAD",180,"Nouvelle-Écosse","Nova Scotia"
22939,"WEST JEDDORE","WEST JEDDORE",180,"Nouvelle-Écosse","Nova Scotia"
22940,"WEST LAHAVE","WEST LAHAVE",180,"Nouvelle-Écosse","Nova Scotia"
22941,"WEST LAWRENCETOWN","WEST LAWRENCETOWN",180,"Nouvelle-Écosse","Nova Scotia"
22942,"WEST MABOU HARBOUR","WEST MABOU HARBOUR",180,"Nouvelle-Écosse","Nova Scotia"
22943,"WEST MIDDLE SABLE","WEST MIDDLE SABLE",180,"Nouvelle-Écosse","Nova Scotia"
22944,"WEST NORTHFIELD","WEST NORTHFIELD",180,"Nouvelle-Écosse","Nova Scotia"
22945,"WEST PENNANT","WEST PENNANT",180,"Nouvelle-Écosse","Nova Scotia"
22946,"WEST PETPESWICK","WEST PETPESWICK",180,"Nouvelle-Écosse","Nova Scotia"
22947,"WEST PLEASANT VALLEY","WEST PLEASANT VALLEY",180,"Nouvelle-Écosse","Nova Scotia"
22948,"WEST PORT CLYDE","WEST PORT CLYDE",180,"Nouvelle-Écosse","Nova Scotia"
22949,"WEST PORT HEBERT","WEST PORT HEBERT",180,"Nouvelle-Écosse","Nova Scotia"
22950,"WEST PROSPECT","WEST PROSPECT",180,"Nouvelle-Écosse","Nova Scotia"
22951,"WEST PUBNICO","WEST PUBNICO",180,"Nouvelle-Écosse","Nova Scotia"
22952,"WEST PUGWASH","WEST PUGWASH",180,"Nouvelle-Écosse","Nova Scotia"
22953,"WEST QUODDY","WEST QUODDY",180,"Nouvelle-Écosse","Nova Scotia"
22954,"WEST SANDY COVE","WEST SANDY COVE",180,"Nouvelle-Écosse","Nova Scotia"
22955,"WEST SHIP HARBOUR","WEST SHIP HARBOUR",180,"Nouvelle-Écosse","Nova Scotia"
22956,"WEST TRACADIE","WEST TRACADIE",180,"Nouvelle-Écosse","Nova Scotia"
22957,"WESTERN HEAD (QUEENS)","WESTERN HEAD (QUEENS)",180,"Nouvelle-Écosse","Nova Scotia"
22958,"WESTERN HEAD (SHELBURNE)","WESTERN HEAD (SHELBURNE)",180,"Nouvelle-Écosse","Nova Scotia"
22959,"WESTERN SHORE","WESTERN SHORE",180,"Nouvelle-Écosse","Nova Scotia"
22960,"WESTFIELD","WESTFIELD",180,"Nouvelle-Écosse","Nova Scotia"
22961,"WESTMOUNT","WESTMOUNT",180,"Nouvelle-Écosse","Nova Scotia"
22962,"WESTPORT","WESTPORT",180,"Nouvelle-Écosse","Nova Scotia"
22963,"WESTVILLE","WESTVILLE",180,"Nouvelle-Écosse","Nova Scotia"
22964,"WEYMOUTH","WEYMOUTH",180,"Nouvelle-Écosse","Nova Scotia"
22965,"WEYMOUTH NORTH","WEYMOUTH NORTH",180,"Nouvelle-Écosse","Nova Scotia"
22966,"WHALE COVE (DIGBY)","WHALE COVE (DIGBY)",180,"Nouvelle-Écosse","Nova Scotia"
22967,"WHALE COVE (INVERNESS)","WHALE COVE (INVERNESS)",180,"Nouvelle-Écosse","Nova Scotia"
22968,"WHITE POINT","WHITE POINT",180,"Nouvelle-Écosse","Nova Scotia"
22969,"WHITE POINT BEACH","WHITE POINT BEACH",180,"Nouvelle-Écosse","Nova Scotia"
22970,"WHITEHEAD","WHITEHEAD",180,"Nouvelle-Écosse","Nova Scotia"
22971,"WHITE'S COVE (DIGBY-36)","WHITE'S COVE (DIGBY-36)",180,"Nouvelle-Écosse","Nova Scotia"
22972,"WHITE'S COVE (DIGBY-37)","WHITE'S COVE (DIGBY-37)",180,"Nouvelle-Écosse","Nova Scotia"
22973,"WHITESIDE","WHITESIDE",180,"Nouvelle-Écosse","Nova Scotia"
22974,"WHYCOCOMAGH","WHYCOCOMAGH",180,"Nouvelle-Écosse","Nova Scotia"
22975,"WILEVILLE","WILEVILLE",180,"Nouvelle-Écosse","Nova Scotia"
22976,"WILLIAMS POINT","WILLIAMS POINT",180,"Nouvelle-Écosse","Nova Scotia"
22977,"WILMOT","WILMOT",180,"Nouvelle-Écosse","Nova Scotia"
22978,"WILSON'S COVE","WILSON'S COVE",180,"Nouvelle-Écosse","Nova Scotia"
22979,"WINDSOR","WINDSOR",180,"Nouvelle-Écosse","Nova Scotia"
22980,"WINE HARBOUR","WINE HARBOUR",180,"Nouvelle-Écosse","Nova Scotia"
22981,"WITHROW BROOK","WITHROW BROOK",180,"Nouvelle-Écosse","Nova Scotia"
22982,"WOLFVILLE","WOLFVILLE",180,"Nouvelle-Écosse","Nova Scotia"
22983,"WOLFVILLE RIDGE","WOLFVILLE RIDGE",180,"Nouvelle-Écosse","Nova Scotia"
22984,"WOODBURN","WOODBURN",180,"Nouvelle-Écosse","Nova Scotia"
22985,"WOODS HARBOUR","WOODS HARBOUR",180,"Nouvelle-Écosse","Nova Scotia"
22986,"WOODSIDE","WOODSIDE",180,"Nouvelle-Écosse","Nova Scotia"
22987,"WRECK COVE","WRECK COVE",180,"Nouvelle-Écosse","Nova Scotia"
22988,"YARMOUTH","YARMOUTH",180,"Nouvelle-Écosse","Nova Scotia"
22989,"YARMOUTH BAR","YARMOUTH BAR",180,"Nouvelle-Écosse","Nova Scotia"
22990,"YOUNG COVE","YOUNG COVE",180,"Nouvelle-Écosse","Nova Scotia"
22991,"AGU BAY","AGU BAY",184,"Nunavut","Nunavut"
22992,"ALLEN ISLAND","ALLEN ISLAND",184,"Nunavut","Nunavut"
22993,"ARCTIC BAY","ARCTIC BAY",184,"Nunavut","Nunavut"
22994,"ARCTIC OUTPOST LODGE","ARCTIC OUTPOST LODGE",184,"Nunavut","Nunavut"
22995,"ARVIAT (ESKIMO POINT)","ARVIAT (ESKIMO POINT)",184,"Nunavut","Nunavut"
22996,"BAKER LAKE","BAKER LAKE",184,"Nunavut","Nunavut"
22997,"CAMBRIDGE BAY","CAMBRIDGE BAY",184,"Nunavut","Nunavut"
22998,"CAPE DORSET","CAPE DORSET",184,"Nunavut","Nunavut"
22999,"CHESTERFIELD INLET","CHESTERFIELD INLET",184,"Nunavut","Nunavut"
23000,"CHURCHILL","CHURCHILL",184,"Nunavut","Nunavut"
23001,"CLYDE RIVER","CLYDE RIVER",184,"Nunavut","Nunavut"
23002,"CORAL HARBOUR","CORAL HARBOUR",184,"Nunavut","Nunavut"
23003,"CRESWELL BAY","CRESWELL BAY",184,"Nunavut","Nunavut"
23004,"EAST COAST BAFFIN ISL.","EAST COAST BAFFIN ISL.",184,"Nunavut","Nunavut"
23005,"ELLESMERE ISLAND","ELLESMERE ISLAND",184,"Nunavut","Nunavut"
23006,"GJOA HAVEN","GJOA HAVEN",184,"Nunavut","Nunavut"
23007,"GRISE FIORD","GRISE FIORD",184,"Nunavut","Nunavut"
23008,"HALL BEACH","HALL BEACH",184,"Nunavut","Nunavut"
23009,"IGLOOLIK","IGLOOLIK",184,"Nunavut","Nunavut"
23010,"IQALUIT (FROBISHER BAY)","IQALUIT (FROBISHER BAY)",184,"Nunavut","Nunavut"
23011,"KIMMIRUT (LAKE HARBOUR)","KIMMIRUT (LAKE HARBOUR)",184,"Nunavut","Nunavut"
23012,"KUGAARUK (PELLY BAY)","KUGAARUK (PELLY BAY)",184,"Nunavut","Nunavut"
23013,"KUGLUKTUK","KUGLUKTUK",184,"Nunavut","Nunavut"
23014,"MITTIMATALIK (POND INLET)","MITTIMATALIK (POND INLET)",184,"Nunavut","Nunavut"
23015,"MOOSONEE","MOOSONEE",184,"Nunavut","Nunavut"
23016,"NANASIVIK","NANASIVIK",184,"Nunavut","Nunavut"
23017,"PANGNIRTUNG","PANGNIRTUNG",184,"Nunavut","Nunavut"
23018,"PORT BURWELL","PORT BURWELL",184,"Nunavut","Nunavut"
23019,"QIKITARJUAK (BROUGHTON ISLAND)","QIKITARJUAK (BROUGHTON ISLAND)",184,"Nunavut","Nunavut"
23020,"RANKIN INLET","RANKIN INLET",184,"Nunavut","Nunavut"
23021,"REPULSE BAY","REPULSE BAY",184,"Nunavut","Nunavut"
23022,"RESOLUTE BAY","RESOLUTE BAY",184,"Nunavut","Nunavut"
23023,"SANIKILUAQ","SANIKILUAQ",184,"Nunavut","Nunavut"
23024,"SANIQILUAK (BELCHER ISLANDS)","SANIQILUAK (BELCHER ISLANDS)",184,"Nunavut","Nunavut"
23025,"SOMERSET ISLAND","SOMERSET ISLAND",184,"Nunavut","Nunavut"
23026,"TALOYOAK (SPENCE BAY)","TALOYOAK (SPENCE BAY)",184,"Nunavut","Nunavut"
23028,"UMINGMAKTOK","UMINGMAKTOK",184,"Nunavut","Nunavut"
23029,"UMINGMAKTOK (BATHURST INLET)","UMINGMAKTOK (BATHURST INLET)",184,"Nunavut","Nunavut"
23030,"WHALE COVE","WHALE COVE",184,"Nunavut","Nunavut"
23031,"AKLAVIK","AKLAVIK",182,"Territoires du Nord-Ouest","Northwest Territories"
23032,"ARCTIC RED RIVER","ARCTIC RED RIVER",182,"Territoires du Nord-Ouest","Northwest Territories"
23033,"BEAUFORT SEA","BEAUFORT SEA",182,"Territoires du Nord-Ouest","Northwest Territories"
23034,"COLVILLE LAKE","COLVILLE LAKE",182,"Territoires du Nord-Ouest","Northwest Territories"
23035,"DETAH","DETAH",182,"Territoires du Nord-Ouest","Northwest Territories"
23036,"ENTERPRISE","ENTERPRISE",182,"Territoires du Nord-Ouest","Northwest Territories"
23037,"FORT FRANKLIN","FORT FRANKLIN",182,"Territoires du Nord-Ouest","Northwest Territories"
23038,"FORT GOOD HOPE","FORT GOOD HOPE",182,"Territoires du Nord-Ouest","Northwest Territories"
23039,"FORT LIARD","FORT LIARD",182,"Territoires du Nord-Ouest","Northwest Territories"
23040,"FORT MCPHERSON","FORT MCPHERSON",182,"Territoires du Nord-Ouest","Northwest Territories"
23041,"FORT NORMAN","FORT NORMAN",182,"Territoires du Nord-Ouest","Northwest Territories"
23042,"FORT PROVIDENCE","FORT PROVIDENCE",182,"Territoires du Nord-Ouest","Northwest Territories"
23043,"FORT RESOLUTION","FORT RESOLUTION",182,"Territoires du Nord-Ouest","Northwest Territories"
23044,"FORT SIMPSON","FORT SIMPSON",182,"Territoires du Nord-Ouest","Northwest Territories"
23045,"FORT SMITH","FORT SMITH",182,"Territoires du Nord-Ouest","Northwest Territories"
23046,"GREAT BEAR LAKE","GREAT BEAR LAKE",182,"Territoires du Nord-Ouest","Northwest Territories"
23047,"GREAT SLAVE LAKE","GREAT SLAVE LAKE",182,"Territoires du Nord-Ouest","Northwest Territories"
23048,"HAY RIVER","HAY RIVER",182,"Territoires du Nord-Ouest","Northwest Territories"
23049,"HOLMAN ISLAND","HOLMAN ISLAND",182,"Territoires du Nord-Ouest","Northwest Territories"
23051,"INUVIALUIT REGION","INUVIALUIT REGION",182,"Territoires du Nord-Ouest","Northwest Territories"
23052,"INUVIK","INUVIK",182,"Territoires du Nord-Ouest","Northwest Territories"
23053,"JEAN MARIE RIVER","JEAN MARIE RIVER",182,"Territoires du Nord-Ouest","Northwest Territories"
23054,"KAKISA LAKE","KAKISA LAKE",182,"Territoires du Nord-Ouest","Northwest Territories"
23055,"LAC LA MARTRE","LAC LA MARTRE",182,"Territoires du Nord-Ouest","Northwest Territories"
23056,"MACKENZIE DELTA","MACKENZIE DELTA",182,"Territoires du Nord-Ouest","Northwest Territories"
23057,"NAHANNIE BUTTE","NAHANNIE BUTTE",182,"Territoires du Nord-Ouest","Northwest Territories"
23058,"NORMAN WELLS","NORMAN WELLS",182,"Territoires du Nord-Ouest","Northwest Territories"
23059,"NORTHERN INLAND","NORTHERN INLAND",182,"Territoires du Nord-Ouest","Northwest Territories"
23060,"PAULATUK","PAULATUK",182,"Territoires du Nord-Ouest","Northwest Territories"
23061,"PINE POINT","PINE POINT",182,"Territoires du Nord-Ouest","Northwest Territories"
23062,"RAE LAKES","RAE LAKES",182,"Territoires du Nord-Ouest","Northwest Territories"
23063,"RAE/EDZO","RAE/EDZO",182,"Territoires du Nord-Ouest","Northwest Territories"
23065,"RELIANCE","RELIANCE",182,"Territoires du Nord-Ouest","Northwest Territories"
23066,"SACHS HARBOUR","SACHS HARBOUR",182,"Territoires du Nord-Ouest","Northwest Territories"
23067,"SNARE LAKE","SNARE LAKE",182,"Territoires du Nord-Ouest","Northwest Territories"
23068,"SNOWDRIFT","SNOWDRIFT",182,"Territoires du Nord-Ouest","Northwest Territories"
23069,"TATHLINA LAKE","TATHLINA LAKE",182,"Territoires du Nord-Ouest","Northwest Territories"
23070,"TROUT LAKE","TROUT LAKE",182,"Territoires du Nord-Ouest","Northwest Territories"
23071,"TUKTOYAKTUK","TUKTOYAKTUK",182,"Territoires du Nord-Ouest","Northwest Territories"
23072,"TUNGSTEN","TUNGSTEN",182,"Territoires du Nord-Ouest","Northwest Territories"
23073,"YELLOWKNIFE","YELLOWKNIFE",182,"Territoires du Nord-Ouest","Northwest Territories"
23075,"ABNEY","ABNEY",188,"Île-du-Prince-Édouard","Prince Edward Island"
23076,"ABRAMS VILLAGE","ABRAMS VILLAGE",188,"Île-du-Prince-Édouard","Prince Edward Island"
23077,"ALBANY","ALBANY",188,"Île-du-Prince-Édouard","Prince Edward Island"
23078,"ALBERTON","ALBERTON",188,"Île-du-Prince-Édouard","Prince Edward Island"
23079,"ALBION","ALBION",188,"Île-du-Prince-Édouard","Prince Edward Island"
23080,"ALBION CROSS","ALBION CROSS",188,"Île-du-Prince-Édouard","Prince Edward Island"
23081,"ALEXANDRA","ALEXANDRA",188,"Île-du-Prince-Édouard","Prince Edward Island"
23082,"ALLISTON","ALLISTON",188,"Île-du-Prince-Édouard","Prince Edward Island"
23083,"ALMA","ALMA",188,"Île-du-Prince-Édouard","Prince Edward Island"
23084,"ANGLO","ANGLO",188,"Île-du-Prince-Édouard","Prince Edward Island"
23085,"ANGLO RUSTICO","ANGLO RUSTICO",188,"Île-du-Prince-Édouard","Prince Edward Island"
23086,"ANNANDALE","ANNANDALE",188,"Île-du-Prince-Édouard","Prince Edward Island"
23087,"ARMADALE","ARMADALE",188,"Île-du-Prince-Édouard","Prince Edward Island"
23088,"ARYGLE SHORE","ARYGLE SHORE",188,"Île-du-Prince-Édouard","Prince Edward Island"
23089,"ASCENSION","ASCENSION",188,"Île-du-Prince-Édouard","Prince Edward Island"
23090,"ASHTON","ASHTON",188,"Île-du-Prince-Édouard","Prince Edward Island"
23091,"BACK SHORE","BACK SHORE",188,"Île-du-Prince-Édouard","Prince Edward Island"
23092,"BALTIC","BALTIC",188,"Île-du-Prince-Édouard","Prince Edward Island"
23093,"BAPTIST POINT","BAPTIST POINT",188,"Île-du-Prince-Édouard","Prince Edward Island"
23094,"BASIN HEAD","BASIN HEAD",188,"Île-du-Prince-Édouard","Prince Edward Island"
23095,"BAY VIEW","BAY VIEW",188,"Île-du-Prince-Édouard","Prince Edward Island"
23096,"BAYFIELD","BAYFIELD",188,"Île-du-Prince-Édouard","Prince Edward Island"
23097,"BEACH POINT","BEACH POINT",188,"Île-du-Prince-Édouard","Prince Edward Island"
23098,"BEAR RIVER","BEAR RIVER",188,"Île-du-Prince-Édouard","Prince Edward Island"
23099,"BEDEQUE BAY","BEDEQUE BAY",188,"Île-du-Prince-Édouard","Prince Edward Island"
23100,"BEDFORD","BEDFORD",188,"Île-du-Prince-Édouard","Prince Edward Island"
23101,"BELFAST","BELFAST",188,"Île-du-Prince-Édouard","Prince Edward Island"
23102,"BELLE RIVER","BELLE RIVER",188,"Île-du-Prince-Édouard","Prince Edward Island"
23103,"BELMONT","BELMONT",188,"Île-du-Prince-Édouard","Prince Edward Island"
23104,"BENTICK COVE","BENTICK COVE",188,"Île-du-Prince-Édouard","Prince Edward Island"
23105,"BIDEFORD","BIDEFORD",188,"Île-du-Prince-Édouard","Prince Edward Island"
23106,"BIG POND","BIG POND",188,"Île-du-Prince-Édouard","Prince Edward Island"
23107,"BIRCH HILL","BIRCH HILL",188,"Île-du-Prince-Édouard","Prince Edward Island"
23108,"BLACK BANK","BLACK BANK",188,"Île-du-Prince-Édouard","Prince Edward Island"
23109,"BLACK POINT","BLACK POINT",188,"Île-du-Prince-Édouard","Prince Edward Island"
23110,"BLACK POND","BLACK POND",188,"Île-du-Prince-Édouard","Prince Edward Island"
23111,"BLOOMFIELD","BLOOMFIELD",188,"Île-du-Prince-Édouard","Prince Edward Island"
23112,"BORDEN","BORDEN",188,"Île-du-Prince-Édouard","Prince Edward Island"
23113,"BOTHWELL","BOTHWELL",188,"Île-du-Prince-Édouard","Prince Edward Island"
23114,"BOTTLE POINT -","BOTTLE POINT -",188,"Île-du-Prince-Édouard","Prince Edward Island"
23115,"BOUGHTON BAY","BOUGHTON BAY",188,"Île-du-Prince-Édouard","Prince Edward Island"
23116,"BOUGHTON RIVER","BOUGHTON RIVER",188,"Île-du-Prince-Édouard","Prince Edward Island"
23117,"BOYLES POINT","BOYLES POINT",188,"Île-du-Prince-Édouard","Prince Edward Island"
23118,"BRACKLEY BEACH","BRACKLEY BEACH",188,"Île-du-Prince-Édouard","Prince Edward Island"
23119,"BRAE","BRAE",188,"Île-du-Prince-Édouard","Prince Edward Island"
23120,"BRAE HARBOUR","BRAE HARBOUR",188,"Île-du-Prince-Édouard","Prince Edward Island"
23121,"BRAE SHORE","BRAE SHORE",188,"Île-du-Prince-Édouard","Prince Edward Island"
23122,"BREADALBANE","BREADALBANE",188,"Île-du-Prince-Édouard","Prince Edward Island"
23123,"BRIDGETOWN","BRIDGETOWN",188,"Île-du-Prince-Édouard","Prince Edward Island"
23124,"BRISTOL","BRISTOL",188,"Île-du-Prince-Édouard","Prince Edward Island"
23125,"BROCKTON","BROCKTON",188,"Île-du-Prince-Édouard","Prince Edward Island"
23126,"BROOKS SHORE","BROOKS SHORE",188,"Île-du-Prince-Édouard","Prince Edward Island"
23127,"BROOKS WHARF","BROOKS WHARF",188,"Île-du-Prince-Édouard","Prince Edward Island"
23128,"BRUDENELL RIVER","BRUDENELL RIVER",188,"Île-du-Prince-Édouard","Prince Edward Island"
23129,"BUNBURY","BUNBURY",188,"Île-du-Prince-Édouard","Prince Edward Island"
23130,"BURTON","BURTON",188,"Île-du-Prince-Édouard","Prince Edward Island"
23131,"CABLE HEAD","CABLE HEAD",188,"Île-du-Prince-Édouard","Prince Edward Island"
23132,"CABLE HEAD EAST","CABLE HEAD EAST",188,"Île-du-Prince-Édouard","Prince Edward Island"
23133,"CABLE HEAD WEST","CABLE HEAD WEST",188,"Île-du-Prince-Édouard","Prince Edward Island"
23134,"CAMBRIDGE","CAMBRIDGE",188,"Île-du-Prince-Édouard","Prince Edward Island"
23135,"CAMPBELLS COVE","CAMPBELLS COVE",188,"Île-du-Prince-Édouard","Prince Edward Island"
23136,"CAMPBELLTON","CAMPBELLTON",188,"Île-du-Prince-Édouard","Prince Edward Island"
23137,"CANAVOY","CANAVOY",188,"Île-du-Prince-Édouard","Prince Edward Island"
23138,"CANOE COVE","CANOE COVE",188,"Île-du-Prince-Édouard","Prince Edward Island"
23139,"CAPE BEAR","CAPE BEAR",188,"Île-du-Prince-Édouard","Prince Edward Island"
23140,"CAPE EGMONT","CAPE EGMONT",188,"Île-du-Prince-Édouard","Prince Edward Island"
23141,"CAPE TRAVERSE","CAPE TRAVERSE",188,"Île-du-Prince-Édouard","Prince Edward Island"
23142,"CAPE WOLFE","CAPE WOLFE",188,"Île-du-Prince-Édouard","Prince Edward Island"
23143,"CARDIGAN BAY","CARDIGAN BAY",188,"Île-du-Prince-Édouard","Prince Edward Island"
23144,"CARTIER","CARTIER",188,"Île-du-Prince-Édouard","Prince Edward Island"
23145,"CASCUMPEC","CASCUMPEC",188,"Île-du-Prince-Édouard","Prince Edward Island"
23146,"CASCUMPEC BAY","CASCUMPEC BAY",188,"Île-du-Prince-Édouard","Prince Edward Island"
23147,"CASCUMPEC HARBOUR","CASCUMPEC HARBOUR",188,"Île-du-Prince-Édouard","Prince Edward Island"
23148,"CASCUMPEC POINT","CASCUMPEC POINT",188,"Île-du-Prince-Édouard","Prince Edward Island"
23149,"CAVENDISH","CAVENDISH",188,"Île-du-Prince-Édouard","Prince Edward Island"
23150,"CENTRAL BEDEQUE","CENTRAL BEDEQUE",188,"Île-du-Prince-Édouard","Prince Edward Island"
23151,"CHARLOTTETOWN","CHARLOTTETOWN",188,"Île-du-Prince-Édouard","Prince Edward Island"
23152,"CHELTON","CHELTON",188,"Île-du-Prince-Édouard","Prince Edward Island"
23153,"CHEPSTON","CHEPSTON",188,"Île-du-Prince-Édouard","Prince Edward Island"
23154,"CHERRY HILL","CHERRY HILL",188,"Île-du-Prince-Édouard","Prince Edward Island"
23155,"CHERRY VALLEY","CHERRY VALLEY",188,"Île-du-Prince-Édouard","Prince Edward Island"
23156,"CHURCH ROAD","CHURCH ROAD",188,"Île-du-Prince-Édouard","Prince Edward Island"
23157,"CLEARSPRING","CLEARSPRING",188,"Île-du-Prince-Édouard","Prince Edward Island"
23158,"CLERMONT","CLERMONT",188,"Île-du-Prince-Édouard","Prince Edward Island"
23159,"COLEMAN","COLEMAN",188,"Île-du-Prince-Édouard","Prince Edward Island"
23160,"CONWAY","CONWAY",188,"Île-du-Prince-Édouard","Prince Edward Island"
23161,"CONWAY NARROWS","CONWAY NARROWS",188,"Île-du-Prince-Édouard","Prince Edward Island"
23162,"CORNWALL","CORNWALL",188,"Île-du-Prince-Édouard","Prince Edward Island"
23163,"COVEHEAD","COVEHEAD",188,"Île-du-Prince-Édouard","Prince Edward Island"
23164,"CRAPAUD","CRAPAUD",188,"Île-du-Prince-Édouard","Prince Edward Island"
23165,"CUMBERLAND","CUMBERLAND",188,"Île-du-Prince-Édouard","Prince Edward Island"
23166,"CURRAN BAND","CURRAN BAND",188,"Île-du-Prince-Édouard","Prince Edward Island"
23167,"DALVEY BEACH","DALVEY BEACH",188,"Île-du-Prince-Édouard","Prince Edward Island"
23168,"DARNLEY","DARNLEY",188,"Île-du-Prince-Édouard","Prince Edward Island"
23169,"DE BLOIS","DE BLOIS",188,"Île-du-Prince-Édouard","Prince Edward Island"
23277,"FONDERIE","FONDERIE",190,"Québec","Quebec"
23278,"DEL-VAL","DEL-VAL",190,"Québec","Quebec"
23279,"CAP-CHAT VILLAGE","CAP-CHAT VILLAGE",190,"Québec","Quebec"
23280,"CAP-CHAT-EST","CAP-CHAT-EST",190,"Québec","Quebec"
23281,"POINTE-AU-GOEMON","POINTE-AU-GOEMON",190,"Québec","Quebec"
23282,"POINTE-SAINTE-ANNE-DES-MONTS","POINTE-SAINTE-ANNE-DES-MONTS",190,"Québec","Quebec"
23284,"SAINTE-ANNE-DES-MONTS","SAINTE-ANNE-DES-MONTS",190,"Québec","Quebec"
23285,"MONT-ALBERT","MONT-ALBERT",190,"Québec","Quebec"
23286,"RUISSEAU-A-PATATES","RUISSEAU-A-PATATES",190,"Québec","Quebec"
23287,"SAINT-JOACHIM-DE-TOURELLE","SAINT-JOACHIM-DE-TOURELLE",190,"Québec","Quebec"
23288,"PETITE-TOURELLE","PETITE-TOURELLE",190,"Québec","Quebec"
23292,"CAP-AU-RENARD","CAP-AU-RENARD",190,"Québec","Quebec"
23293,"LA MARTRE (SAINTE-MARTHE)","LA MARTRE (SAINTE-MARTHE)",190,"Québec","Quebec"
23294,"MARSOUI","MARSOUI",190,"Québec","Quebec"
23297,"RIVIERE-A-CLAUDE","RIVIERE-A-CLAUDE",190,"Québec","Quebec"
23298,"MONT-SAINT-PIERRE","MONT-SAINT-PIERRE",190,"Québec","Quebec"
23299,"MONT-LOUIS-OUEST","MONT-LOUIS-OUEST",190,"Québec","Quebec"
23300,"MONT-LOUIS","MONT-LOUIS",190,"Québec","Quebec"
23301,"MONT-LOUIS-EST","MONT-LOUIS-EST",190,"Québec","Quebec"
23303,"L'ANSE-PLEUREUSE","L'ANSE-PLEUREUSE",190,"Québec","Quebec"
23304,"GROS-MORNE","GROS-MORNE",190,"Québec","Quebec"
23305,"MANCHE-D'EPEE","MANCHE-D'EPEE",190,"Québec","Quebec"
23307,"MADELEINE","MADELEINE",190,"Québec","Quebec"
23308,"MADELEINE-CENTRE","MADELEINE-CENTRE",190,"Québec","Quebec"
23309,"RIVIERE-LA-MADELEINE","RIVIERE-LA-MADELEINE",190,"Québec","Quebec"
23310,"CAP-A-L'OURS (ANSE) - GASPE","CAP-A-L'OURS (ANSE) - GASPE",190,"Québec","Quebec"
23312,"ANSE A COLIN (GASPE)","ANSE A COLIN (GASPE)",190,"Québec","Quebec"
23313,"GRANDE-VALLEE","GRANDE-VALLEE",190,"Québec","Quebec"
23314,"L'ANSE-A-MERCIER","L'ANSE-A-MERCIER",190,"Québec","Quebec"
23315,"PETITE-VALLEE","PETITE-VALLEE",190,"Québec","Quebec"
23317,"POINTE-A-LA-FREGATE","POINTE-A-LA-FREGATE",190,"Québec","Quebec"
23319,"CAP BRULE (GASPE)","CAP BRULE (GASPE)",190,"Québec","Quebec"
23322,"CLORIDORME","CLORIDORME",190,"Québec","Quebec"
23324,"SAINT-YVON-OUEST","SAINT-YVON-OUEST",190,"Québec","Quebec"
23325,"SAINT-YVON","SAINT-YVON",190,"Québec","Quebec"
23328,"GRAND-ETANG","GRAND-ETANG",190,"Québec","Quebec"
23331,"CANNES DE ROCHES (CAP)","CANNES DE ROCHES (CAP)",190,"Québec","Quebec"
23333,"L'ANSE-A-VALLEAU","L'ANSE-A-VALLEAU",190,"Québec","Quebec"
23334,"POINTE-JAUNE","POINTE-JAUNE",190,"Québec","Quebec"
23335,"SAINT-MAURICE-DE-L'ECHOUERIE","SAINT-MAURICE-DE-L'ECHOUERIE",190,"Québec","Quebec"
23337,"PETIT-CAP","PETIT-CAP",190,"Québec","Quebec"
23338,"PETITE-RIVIERE-AU-RENARD","PETITE-RIVIERE-AU-RENARD",190,"Québec","Quebec"
23339,"RIVIERE-AU-RENARD","RIVIERE-AU-RENARD",190,"Québec","Quebec"
23340,"L'ANSE-A-FUGERE","L'ANSE-A-FUGERE",190,"Québec","Quebec"
23341,"L'ANSE-AU-GRIFFON","L'ANSE-AU-GRIFFON",190,"Québec","Quebec"
23342,"JERSEY-COVE","JERSEY-COVE",190,"Québec","Quebec"
23343,"CAP-DES-ROSIERS","CAP-DES-ROSIERS",190,"Québec","Quebec"
23346,"CAP-GASPE","CAP-GASPE",190,"Québec","Quebec"
23347,"INDIAN-COVE","INDIAN-COVE",190,"Québec","Quebec"
23348,"GRANDE-GREVE","GRANDE-GREVE",190,"Québec","Quebec"
23349,"PETIT-GASPE","PETIT-GASPE",190,"Québec","Quebec"
23351,"CAP-AUX-OS","CAP-AUX-OS",190,"Québec","Quebec"
23353,"GASPE","GASPE",190,"Québec","Quebec"
23354,"SANDY BEACH","SANDY BEACH",190,"Québec","Quebec"
23355,"DOUGLASTOWN","DOUGLASTOWN",190,"Québec","Quebec"
23356,"L'ANSE-A-BRILLANT","L'ANSE-A-BRILLANT",190,"Québec","Quebec"
23357,"PREVEL","PREVEL",190,"Québec","Quebec"
23358,"SAINT-GEORGES-DE-MALBAIE","SAINT-GEORGES-DE-MALBAIE",190,"Québec","Quebec"
23359,"POINTE-SAINT-PIERRE","POINTE-SAINT-PIERRE",190,"Québec","Quebec"
23362,"ROSE BRIDGE","ROSE BRIDGE",190,"Québec","Quebec"
23363,"YORK","YORK",190,"Québec","Quebec"
23366,"FORILLON","FORILLON",190,"Québec","Quebec"
23367,"HALDIMAND","HALDIMAND",190,"Québec","Quebec"
23369,"SAINT-MAJORIQUE","SAINT-MAJORIQUE",190,"Québec","Quebec"
23371,"MAL-BAY","MAL-BAY",190,"Québec","Quebec"
23372,"BELLE-ANSE","BELLE-ANSE",190,"Québec","Quebec"
23373,"BARACHOIS","BARACHOIS",190,"Québec","Quebec"
23374,"COIN-DU-BANC","COIN-DU-BANC",190,"Québec","Quebec"
23375,"CANNES-DE-ROCHES (HAMEAU)","CANNES-DE-ROCHES (HAMEAU)",190,"Québec","Quebec"
23376,"PERCE","PERCE",190,"Québec","Quebec"
23377,"ILE BONAVENTURE","ILE BONAVENTURE",190,"Québec","Quebec"
23378,"L'ANSE-A-BEAUFILS","L'ANSE-A-BEAUFILS",190,"Québec","Quebec"
23379,"CAP-D'ESPOIR","CAP-D'ESPOIR",190,"Québec","Quebec"
23380,"PETITE-RIVIERE-EST","PETITE-RIVIERE-EST",190,"Québec","Quebec"
23381,"SAINTE-THERESE-DE-GASPE","SAINTE-THERESE-DE-GASPE",190,"Québec","Quebec"
23386,"CAPE COVE","CAPE COVE",190,"Québec","Quebec"
23387,"VAL-D'ESPOIR","VAL-D'ESPOIR",190,"Québec","Quebec"
23388,"WEYGAND","WEYGAND",190,"Québec","Quebec"
23389,"BRECHE-A-MANON","BRECHE-A-MANON",190,"Québec","Quebec"
23390,"GRANDE-RIVIERE","GRANDE-RIVIERE",190,"Québec","Quebec"
23391,"PETIT-PABOS","PETIT-PABOS",190,"Québec","Quebec"
23392,"PABOS","PABOS",190,"Québec","Quebec"
23393,"GRAND-PABOS","GRAND-PABOS",190,"Québec","Quebec"
23394,"CHANDLER","CHANDLER",190,"Québec","Quebec"
23395,"PABOS MILLS","PABOS MILLS",190,"Québec","Quebec"
23396,"NEWPORT (POINTE DE)","NEWPORT (POINTE DE)",190,"Québec","Quebec"
23397,"NEWPORT","NEWPORT",190,"Québec","Quebec"
23398,"NEWPORT (ILOTS DE)","NEWPORT (ILOTS DE)",190,"Québec","Quebec"
23399,"CHERISY","CHERISY",190,"Québec","Quebec"
23400,"NEWPORT-OUEST","NEWPORT-OUEST",190,"Québec","Quebec"
23401,"PETITE-RIVIERE-OUEST","PETITE-RIVIERE-OUEST",190,"Québec","Quebec"
23402,"NEWPORT-CENTRE","NEWPORT-CENTRE",190,"Québec","Quebec"
23403,"GRANDE-RIVIERE-OUEST","GRANDE-RIVIERE-OUEST",190,"Québec","Quebec"
23404,"SAINT-FRANCOIS-DE-PABOS","SAINT-FRANCOIS-DE-PABOS",190,"Québec","Quebec"
23405,"POINTE-AU-MAQUEREAU","POINTE-AU-MAQUEREAU",190,"Québec","Quebec"
23407,"GASCONS (L'ANSE-AUX-GASCONS)","GASCONS (L'ANSE-AUX-GASCONS)",190,"Québec","Quebec"
23408,"RIVIERE-AUX-GASCONS","RIVIERE-AUX-GASCONS",190,"Québec","Quebec"
23409,"RUISSEAU-CHAPADOS","RUISSEAU-CHAPADOS",190,"Québec","Quebec"
23410,"GASCONS-OUEST","GASCONS-OUEST",190,"Québec","Quebec"
23411,"PORT-DANIEL-EST","PORT-DANIEL-EST",190,"Québec","Quebec"
23412,"PORT-DANIEL-CENTRE","PORT-DANIEL-CENTRE",190,"Québec","Quebec"
23413,"PORT-DANIEL-OUEST","PORT-DANIEL-OUEST",190,"Québec","Quebec"
23414,"SHIGAWAKE","SHIGAWAKE",190,"Québec","Quebec"
23415,"SAINT-GODEFROI","SAINT-GODEFROI",190,"Québec","Quebec"
23417,"HOPE TOWN","HOPE TOWN",190,"Québec","Quebec"
23418,"PASPEBIAC","PASPEBIAC",190,"Québec","Quebec"
23419,"SHIGAWAKE-BEACH","SHIGAWAKE-BEACH",190,"Québec","Quebec"
23420,"ANSE A LA BARBE","ANSE A LA BARBE",190,"Québec","Quebec"
23421,"MARCIL","MARCIL",190,"Québec","Quebec"
23423,"CULLENS BROOKS","CULLENS BROOKS",190,"Québec","Quebec"
23424,"PASPEBIAC-EST","PASPEBIAC-EST",190,"Québec","Quebec"
23426,"NEW CARLISLE","NEW CARLISLE",190,"Québec","Quebec"
23427,"FAUVEL","FAUVEL",190,"Québec","Quebec"
23428,"BONAVENTURE-EST","BONAVENTURE-EST",190,"Québec","Quebec"
23429,"BONAVENTURE","BONAVENTURE",190,"Québec","Quebec"
23430,"BONAVENTURE-OUEST","BONAVENTURE-OUEST",190,"Québec","Quebec"
23431,"SAINT-SIMEON (BONAVENTURE)","SAINT-SIMEON (BONAVENTURE)",190,"Québec","Quebec"
23432,"RUISSEAU-LEBLANC","RUISSEAU-LEBLANC",190,"Québec","Quebec"
23433,"CAPLAN","CAPLAN",190,"Québec","Quebec"
23434,"RIVIERE-CAPLAN","RIVIERE-CAPLAN",190,"Québec","Quebec"
23436,"NEW RICHMOND","NEW RICHMOND",190,"Québec","Quebec"
23439,"SAINT-SIMEON-OUEST","SAINT-SIMEON-OUEST",190,"Québec","Quebec"
23440,"MARIA","MARIA",190,"Québec","Quebec"
23441,"CAPS-DE-MARIA","CAPS-DE-MARIA",190,"Québec","Quebec"
23442,"CARLETON","CARLETON",190,"Québec","Quebec"
23443,"SAINT-OMER","SAINT-OMER",190,"Québec","Quebec"
23444,"ROBITAILLE (AVIGNON)","ROBITAILLE (AVIGNON)",190,"Québec","Quebec"
23445,"NOUVELLE (LA BUTTE)","NOUVELLE (LA BUTTE)",190,"Québec","Quebec"
23447,"CARLETON-EST (GRAND-BANC)","CARLETON-EST (GRAND-BANC)",190,"Québec","Quebec"
23448,"CARLETON-OUEST (BERGES)","CARLETON-OUEST (BERGES)",190,"Québec","Quebec"
23449,"GESGAPEGIAG","GESGAPEGIAG",190,"Québec","Quebec"
23450,"MIGUASHA","MIGUASHA",190,"Québec","Quebec"
23451,"POINTE-A-FLEURANT","POINTE-A-FLEURANT",190,"Québec","Quebec"
23452,"ESCUMINAC","ESCUMINAC",190,"Québec","Quebec"
23453,"POINTE-DE-MIGUASHA","POINTE-DE-MIGUASHA",190,"Québec","Quebec"
23454,"POINTE-A-LA-GARDE","POINTE-A-LA-GARDE",190,"Québec","Quebec"
23455,"POINTE-A-LA-CROIX","POINTE-A-LA-CROIX",190,"Québec","Quebec"
23456,"RESTIGOUCHE","RESTIGOUCHE",190,"Québec","Quebec"
23457,"MATAPEDIA","MATAPEDIA",190,"Québec","Quebec"
23458,"PETITE-RIVIERE-SAINT-FRANCOIS","PETITE-RIVIERE-SAINT-FRANCOIS",190,"Québec","Quebec"
23460,"L'ISLE-AUX-COUDRES","L'ISLE-AUX-COUDRES",190,"Québec","Quebec"
23461,"BAIE-ST-PAUL","BAIE-ST-PAUL",190,"Québec","Quebec"
23463,"LES EBOULEMENTS","LES EBOULEMENTS",190,"Québec","Quebec"
23464,"SAINT-IRENEE","SAINT-IRENEE",190,"Québec","Quebec"
23465,"POINTE-AU-PIC","POINTE-AU-PIC",190,"Québec","Quebec"
23466,"LA MALBAIE","LA MALBAIE",190,"Québec","Quebec"
23468,"SAINT-FIDELE","SAINT-FIDELE",190,"Québec","Quebec"
23470,"SAINT-SIMEON (CHARLEVOIX-EST)","SAINT-SIMEON (CHARLEVOIX-EST)",190,"Québec","Quebec"
23471,"BAIE-SAINTE-CATHERINE","BAIE-SAINTE-CATHERINE",190,"Québec","Quebec"
23484,"TADOUSSAC","TADOUSSAC",190,"Québec","Quebec"
23485,"PETITES-BERGERONNES","PETITES-BERGERONNES",190,"Québec","Quebec"
23486,"GRANDES BERGERONNES","GRANDES BERGERONNES",190,"Québec","Quebec"
23487,"LES ESCOUMINS","LES ESCOUMINS",190,"Québec","Quebec"
23488,"BAIE-DES-BACONS","BAIE-DES-BACONS",190,"Québec","Quebec"
23489,"SAULT-AU-MOUTON","SAULT-AU-MOUTON",190,"Québec","Quebec"
23490,"LONGUE-RIVE","LONGUE-RIVE",190,"Québec","Quebec"
23491,"POINTE-AU-BOISVERT","POINTE-AU-BOISVERT",190,"Québec","Quebec"
23492,"PORTNEUF-SUR-MER","PORTNEUF-SUR-MER",190,"Québec","Quebec"
23493,"FORESTVILLE","FORESTVILLE",190,"Québec","Quebec"
23494,"SAINT-MARC-DE-LATOUR (LATOUR)","SAINT-MARC-DE-LATOUR (LATOUR)",190,"Québec","Quebec"
23495,"COLOMBIER (SAINTE-THERESE)","COLOMBIER (SAINTE-THERESE)",190,"Québec","Quebec"
23496,"LES ILETS-JEREMIE","LES ILETS-JEREMIE",190,"Québec","Quebec"
23497,"PETIT-SAGUENAY","PETIT-SAGUENAY",190,"Québec","Quebec"
23501,"LA BAIE","LA BAIE",190,"Québec","Quebec"
23504,"SAINTE-ROSE-DU-NORD","SAINTE-ROSE-DU-NORD",190,"Québec","Quebec"
23508,"RIVIERE-BERSIMIS (BERSIMIS)","RIVIERE-BERSIMIS (BERSIMIS)",190,"Québec","Quebec"
23509,"BETSIAMITES","BETSIAMITES",190,"Québec","Quebec"
23510,"PAPINACHOIS","PAPINACHOIS",190,"Québec","Quebec"
23511,"RAGUENEAU","RAGUENEAU",190,"Québec","Quebec"
23513,"CHUTES-AUX-OUTARDES","CHUTES-AUX-OUTARDES",190,"Québec","Quebec"
23514,"LES BUISSONS","LES BUISSONS",190,"Québec","Quebec"
23515,"POINTE-AUX-OUTARDES","POINTE-AUX-OUTARDES",190,"Québec","Quebec"
23516,"POINTE-LEBEL","POINTE-LEBEL",190,"Québec","Quebec"
23517,"BAIE-COMEAU","BAIE-COMEAU",190,"Québec","Quebec"
23518,"FRANQUELIN","FRANQUELIN",190,"Québec","Quebec"
23519,"GODBOUT","GODBOUT",190,"Québec","Quebec"
23520,"POINTE-DES-MONTS","POINTE-DES-MONTS",190,"Québec","Quebec"
23521,"BAIE-TRINITE","BAIE-TRINITE",190,"Québec","Quebec"
23522,"LES ILETS-CARIBOU","LES ILETS-CARIBOU",190,"Québec","Quebec"
23523,"POINTE-AUX-ANGLAIS","POINTE-AUX-ANGLAIS",190,"Québec","Quebec"
23524,"RIVIERE-PENTECOTE","RIVIERE-PENTECOTE",190,"Québec","Quebec"
23525,"PORT-CARTIER","PORT-CARTIER",190,"Québec","Quebec"
23526,"RIVIERE-BROCHU","RIVIERE-BROCHU",190,"Québec","Quebec"
23527,"GALLIX","GALLIX",190,"Québec","Quebec"
23528,"CLARKE CITY","CLARKE CITY",190,"Québec","Quebec"
23529,"POINTE-NOIRE","POINTE-NOIRE",190,"Québec","Quebec"
23530,"SEPT-ILES","SEPT-ILES",190,"Québec","Quebec"
23531,"VILLE DE GRACE","VILLE DE GRACE",190,"Québec","Quebec"
23532,"MALIOTENAM","MALIOTENAM",190,"Québec","Quebec"
23533,"MOISIE","MOISIE",190,"Québec","Quebec"
23534,"RIVIERE-PIGOU","RIVIERE-PIGOU",190,"Québec","Quebec"
23536,"RIVIERE-AUX-GRAINES","RIVIERE-AUX-GRAINES",190,"Québec","Quebec"
23537,"SHELDRAKE","SHELDRAKE",190,"Québec","Quebec"
23538,"RIVIERE-AU-TONNERRE","RIVIERE-AU-TONNERRE",190,"Québec","Quebec"
23539,"MAGPIE","MAGPIE",190,"Québec","Quebec"
23540,"RIVIERE-SAINT-JEAN","RIVIERE-SAINT-JEAN",190,"Québec","Quebec"
23541,"LONGUE-POINTE-DE-MINGAN","LONGUE-POINTE-DE-MINGAN",190,"Québec","Quebec"
23542,"MINGAN","MINGAN",190,"Québec","Quebec"
23543,"HAVRE-SAINT-PIERRE","HAVRE-SAINT-PIERRE",190,"Québec","Quebec"
23544,"BAIE-JOHAN-BEETZ","BAIE-JOHAN-BEETZ",190,"Québec","Quebec"
23545,"AGUANISH","AGUANISH",190,"Québec","Quebec"
23546,"ILE-À-MICHON","ILE-À-MICHON",190,"Québec","Quebec"
23547,"NATASHQUAN","NATASHQUAN",190,"Québec","Quebec"
23548,"POINTE-PARENT","POINTE-PARENT",190,"Québec","Quebec"
23549,"KEGASKA","KEGASKA",190,"Québec","Quebec"
23550,"MUSQUARO","MUSQUARO",190,"Québec","Quebec"
23551,"LA ROMAINE","LA ROMAINE",190,"Québec","Quebec"
23552,"WOLF BAY","WOLF BAY",190,"Québec","Quebec"
23553,"CHEVERY","CHEVERY",190,"Québec","Quebec"
23554,"HARRINGTON HARBOUR","HARRINGTON HARBOUR",190,"Québec","Quebec"
23555,"AYLMER SOUND","AYLMER SOUND",190,"Québec","Quebec"
23556,"TETE-A-LA-BALEINE","TETE-A-LA-BALEINE",190,"Québec","Quebec"
23557,"MUTTON BAY (BAIE-DES-MOUTONS)","MUTTON BAY (BAIE-DES-MOUTONS)",190,"Québec","Quebec"
23558,"LA TABATIERE","LA TABATIERE",190,"Québec","Quebec"
23559,"SAINT-AUGUSTIN","SAINT-AUGUSTIN",190,"Québec","Quebec"
23560,"OLD FORT BAY (VIEUX-FORT)","OLD FORT BAY (VIEUX-FORT)",190,"Québec","Quebec"
23561,"RIVIÈRE-SAINT-PAUL","RIVIÈRE-SAINT-PAUL",190,"Québec","Quebec"
23562,"SALMON BAY","SALMON BAY",190,"Québec","Quebec"
23563,"MIDDLE BAY","MIDDLE BAY",190,"Québec","Quebec"
23564,"BRADOR (BRADORE BAY)","BRADOR (BRADORE BAY)",190,"Québec","Quebec"
23565,"LOURDES-DE-BLANC-SABLON","LOURDES-DE-BLANC-SABLON",190,"Québec","Quebec"
23566,"BLANC-SABLON","BLANC-SABLON",190,"Québec","Quebec"
23567,"ILE ANTICOSTI (PORT-MENIER)","ILE ANTICOSTI (PORT-MENIER)",190,"Québec","Quebec"
23568,"HAVRE-AUX-MAISONS","HAVRE-AUX-MAISONS",190,"Québec","Quebec"
23569,"GRANDE-ENTREE","GRANDE-ENTREE",190,"Québec","Quebec"
23570,"ROYAL","ROYAL",190,"Québec","Quebec"
23571,"GROSSE-ILE","GROSSE-ILE",190,"Québec","Quebec"
23572,"POINTE-BASSE","POINTE-BASSE",190,"Québec","Quebec"
23573,"POINTE-AUX-LOUPS","POINTE-AUX-LOUPS",190,"Québec","Quebec"
23574,"DUNE-DU-SUD","DUNE-DU-SUD",190,"Québec","Quebec"
23575,"OLD HARRY","OLD HARRY",190,"Québec","Quebec"
23576,"LESLIE (ILES-DE-LA-MADELEINE)","LESLIE (ILES-DE-LA-MADELEINE)",190,"Québec","Quebec"
23577,"HAVRE-AUBERT","HAVRE-AUBERT",190,"Québec","Quebec"
23578,"BASSIN","BASSIN",190,"Québec","Quebec"
23580,"MILLERAND (ILES-MADELEINE)","MILLERAND (ILES-MADELEINE)",190,"Québec","Quebec"
23581,"ETANG-DES-CAPS","ETANG-DES-CAPS",190,"Québec","Quebec"
23582,"VIGNEAU (ILES-DE-LA-MADELEINE)","VIGNEAU (ILES-DE-LA-MADELEINE)",190,"Québec","Quebec"
23583,"L'ILE D'ENTREE","L'ILE D'ENTREE",190,"Québec","Quebec"
23584,"CAP-AUX-MEULES","CAP-AUX-MEULES",190,"Québec","Quebec"
23585,"L'ÉTANG-DU-NORD","L'ÉTANG-DU-NORD",190,"Québec","Quebec"
23586,"FATIMA","FATIMA",190,"Québec","Quebec"
23587,"CAP-VERT (ILES-MADELEINE)","CAP-VERT (ILES-MADELEINE)",190,"Québec","Quebec"
23588,"PORT NON SPÉCIFIÉ (IMD)","PORT NON SPÉCIFIÉ (IMD)",190,"Québec","Quebec"
23589,"ROGGAN RIVER","ROGGAN RIVER",190,"Québec","Quebec"
23613,"INUKJUAK (PORT HARRISSON)","INUKJUAK (PORT HARRISSON)",190,"Québec","Quebec"
23622,"(ILE-GILLIES)","(ILE-GILLIES)",190,"Québec","Quebec"
23624,"UMIUJAQ","UMIUJAQ",190,"Québec","Quebec"
23633,"KUUJJUARAPIK(P.-DE-LA-BALEINE)","KUUJJUARAPIK(P.-DE-LA-BALEINE)",190,"Québec","Quebec"
23651,"AKULIVIK","AKULIVIK",190,"Québec","Quebec"
23659,"PUVIRNITUQ","PUVIRNITUQ",190,"Québec","Quebec"
23673,"IVUJIVIK","IVUJIVIK",190,"Québec","Quebec"
23680,"SALLUIT","SALLUIT",190,"Québec","Quebec"
23696,"KANGIQSUJUAQ (BAIE-WAKEHAM)","KANGIQSUJUAQ (BAIE-WAKEHAM)",190,"Québec","Quebec"
23710,"QUAQTAQ","QUAQTAQ",190,"Québec","Quebec"
23720,"KANGIRSUK (PAYNE)","KANGIRSUK (PAYNE)",190,"Québec","Quebec"
23723,"AUPALUK","AUPALUK",190,"Québec","Quebec"
23727,"TASIUJAQ","TASIUJAQ",190,"Québec","Quebec"
23731,"KUUJJUAQ (FORT-CHIMO)","KUUJJUAQ (FORT-CHIMO)",190,"Québec","Quebec"
23736,"KANGIQSUALUJJUAQ","KANGIQSUALUJJUAQ",190,"Québec","Quebec"
23742,"LG 1","LG 1",190,"Québec","Quebec"
23743,"RADISSON","RADISSON",190,"Québec","Quebec"
23744,"LG 2","LG 2",190,"Québec","Quebec"
24010,"SAINT-GREGOIRE (NICOLET)","SAINT-GREGOIRE (NICOLET)",190,"Québec","Quebec"
24011,"NICOLET","NICOLET",190,"Québec","Quebec"
24031,"SAINT-GERMAIN-DE-GRANTHAM","SAINT-GERMAIN-DE-GRANTHAM",190,"Québec","Quebec"
24311,"SAINT-MARC (VERCHERES)","SAINT-MARC (VERCHERES)",190,"Québec","Quebec"
24586,"RIVIERE-AUX-RATS","RIVIERE-AUX-RATS",190,"Québec","Quebec"
24690,"SAINT-EDMOND (ROBERVAL)","SAINT-EDMOND (ROBERVAL)",190,"Québec","Quebec"
24694,"MISTASSINI (LAC-ST-JEAN)","MISTASSINI (LAC-ST-JEAN)",190,"Québec","Quebec"
24763,"QUÉBEC","QUÉBEC",190,"Québec","Quebec"
24764,"SAINTE-PETRONILLE","SAINTE-PETRONILLE",190,"Québec","Quebec"
24765,"SAINT-PIERRE (ILE-D'ORLEANS)","SAINT-PIERRE (ILE-D'ORLEANS)",190,"Québec","Quebec"
24767,"SAINT-JEAN (ILE-D'ORLEANS)","SAINT-JEAN (ILE-D'ORLEANS)",190,"Québec","Quebec"
24768,"SAINTE-FAMILLE","SAINTE-FAMILLE",190,"Québec","Quebec"
24769,"SAINT-FRANCOIS (ILE-D'ORLEANS)","SAINT-FRANCOIS (ILE-D'ORLEANS)",190,"Québec","Quebec"
24775,"SAINT-NICOLAS (LEVIS)","SAINT-NICOLAS (LEVIS)",190,"Québec","Quebec"
24780,"SAINT-ROMUALD (LEVIS)","SAINT-ROMUALD (LEVIS)",190,"Québec","Quebec"
24788,"DESCHAMBAULT","DESCHAMBAULT",190,"Québec","Quebec"
24821,"SAINTE-CROIX","SAINTE-CROIX",190,"Québec","Quebec"
24901,"MONTMAGNY","MONTMAGNY",190,"Québec","Quebec"
36547,"AASIAAT","AASIAAT",,"",""
38472,"SISIMIUT","SISIMIUT",,"",""
38506,"MANQUANT SUR LA LISTE","MISSING IN THE LIST",,"",""
39798,"ASTORIA","ASTORIA",,"",""
39799,"BELLINGHAM","BELLINGHAM",,"",""
39800,"COOS BAY","COOS BAY",,"",""
39801,"CRESCENT CITY","CRESCENT CITY",,"",""
39802,"EUREKA","EUREKA",,"",""
39803,"WESTPORT","WESTPORT",,"",""
39804,"NEWPORT","NEWPORT",,"",""
